freq_uHz,snr
180.00138,0.08410
180.00953,0.74505
180.01767,1.42600
180.02581,1.30092
180.03395,0.91169
180.04210,0.61598
180.05024,0.35831
180.05838,0.86772
180.06652,0.13244
180.07467,1.54896
180.08281,0.12167
180.09095,1.29035
180.09909,1.29900
180.10723,0.50160
180.11538,0.77973
180.12352,0.10436
180.13166,1.99567
180.13980,3.49605
180.14795,0.41915
180.15609,0.84795
180.16423,0.39840
180.17237,0.32182
180.18051,0.47090
180.18866,0.58851
180.19680,0.07839
180.20494,0.01801
180.21308,0.29910
180.22123,0.21370
180.22937,0.12917
180.23751,0.46653
180.24565,0.89290
180.25380,0.72908
180.26194,0.41067
180.27008,1.74491
180.27822,1.06954
180.28636,0.72699
180.29451,1.67423
180.30265,0.40803
180.31079,0.12097
180.31893,1.98479
180.32708,0.02531
180.33522,0.99840
180.34336,0.21444
180.35150,0.40838
180.35964,1.94828
180.36779,1.62341
180.37593,0.47532
180.38407,1.00823
180.39221,0.39834
180.40036,1.40057
180.40850,0.89730
180.41664,0.60056
180.42478,0.20799
180.43293,0.21470
180.44107,1.67630
180.44921,0.95466
180.45735,1.06896
180.46549,1.29000
180.47364,0.67079
180.48178,1.42529
180.48992,0.47160
180.49806,0.77576
180.50621,0.58826
180.51435,0.50966
180.52249,1.07485
180.53063,0.14832
180.53877,0.02461
180.54692,2.97624
180.55506,4.36223
180.56320,0.03301
180.57134,1.06009
180.57949,0.21713
180.58763,1.17166
180.59577,0.16562
180.60391,0.12098
180.61205,0.19351
180.62020,1.07100
180.62834,0.85076
180.63648,0.61599
180.64462,0.08974
180.65277,0.85092
180.66091,0.12179
180.66905,0.57792
180.67719,0.33718
180.68534,0.06630
180.69348,0.46183
180.70162,0.20870
180.70976,0.14183
180.71790,0.33780
180.72605,0.80800
180.73419,0.01080
180.74233,0.45019
180.75047,1.44973
180.75862,0.02201
180.76676,0.09886
180.77490,0.11498
180.78304,0.07083
180.79118,0.03075
180.79933,0.21559
180.80747,2.27014
180.81561,0.32390
180.82375,0.71783
180.83190,0.49555
180.84004,0.29808
180.84818,0.82163
180.85632,0.25000
180.86447,0.05666
180.87261,0.66342
180.88075,0.37899
180.88889,2.67971
180.89703,0.92985
180.90518,0.88381
180.91332,0.12106
180.92146,0.42001
180.92960,0.84207
180.93775,0.38174
180.94589,1.23117
180.95403,0.70987
180.96217,0.93578
180.97031,0.13807
180.97846,0.07866
180.98660,0.21891
180.99474,1.84922
181.00288,1.14527
181.01103,0.59530
181.01917,0.18062
181.02731,0.86129
181.03545,0.03426
181.04359,0.20712
181.05174,0.26651
181.05988,1.36916
181.06802,0.43197
181.07616,7.01240
181.08431,2.69629
181.09245,0.19506
181.10059,0.73883
181.10873,0.55206
181.11688,1.20232
181.12502,0.45991
181.13316,0.09801
181.14130,0.99846
181.14944,1.28742
181.15759,0.10470
181.16573,0.93566
181.17387,0.73653
181.18201,0.10747
181.19016,0.97974
181.19830,1.04442
181.20644,0.22147
181.21458,0.81293
181.22272,1.70485
181.23087,0.46125
181.23901,1.68488
181.24715,0.16013
181.25529,0.05543
181.26344,0.55650
181.27158,0.46133
181.27972,1.30134
181.28786,1.09718
181.29601,4.52883
181.30415,1.88354
181.31229,0.44962
181.32043,0.80042
181.32857,0.04289
181.33672,0.77749
181.34486,0.34721
181.35300,0.74254
181.36114,0.62278
181.36929,1.09801
181.37743,1.23671
181.38557,1.38089
181.39371,0.69837
181.40185,0.05548
181.41000,0.09439
181.41814,0.18392
181.42628,0.42527
181.43442,0.52961
181.44257,0.48220
181.45071,1.07181
181.45885,0.07509
181.46699,1.96043
181.47513,0.71050
181.48328,1.41243
181.49142,0.64452
181.49956,0.33264
181.50770,0.38621
181.51585,1.85246
181.52399,0.85650
181.53213,1.43446
181.54027,1.61489
181.54842,0.50725
181.55656,0.17895
181.56470,1.83303
181.57284,0.18390
181.58098,0.01630
181.58913,0.75307
181.59727,1.56466
181.60541,0.00483
181.61355,0.28223
181.62170,1.82487
181.62984,0.52523
181.63798,0.36720
181.64612,0.77544
181.65426,0.08043
181.66241,0.24478
181.67055,1.89495
181.67869,0.16449
181.68683,2.15492
181.69498,0.22117
181.70312,0.28533
181.71126,0.21374
181.71940,0.06234
181.72755,0.97242
181.73569,0.30627
181.74383,0.89481
181.75197,2.44748
181.76011,0.15671
181.76826,0.84073
181.77640,0.69107
181.78454,0.02727
181.79268,0.82768
181.80083,0.55026
181.80897,0.92346
181.81711,0.14775
181.82525,0.45038
181.83339,1.90419
181.84154,0.43930
181.84968,0.76733
181.85782,0.01600
181.86596,0.03613
181.87411,0.32654
181.88225,0.26529
181.89039,0.13400
181.89853,0.41716
181.90668,0.48277
181.91482,0.19043
181.92296,2.53397
181.93110,0.26781
181.93924,0.47565
181.94739,1.29769
181.95553,0.07771
181.96367,0.65722
181.97181,1.53893
181.97996,0.11664
181.98810,0.01905
181.99624,0.52692
182.00438,0.44651
182.01252,0.63813
182.02067,1.19800
182.02881,0.74550
182.03695,0.78453
182.04509,3.03588
182.05324,0.37105
182.06138,1.22010
182.06952,0.42111
182.07766,0.35358
182.08580,1.06546
182.09395,0.22147
182.10209,0.36910
182.11023,1.22110
182.11837,0.08999
182.12652,0.02414
182.13466,0.38574
182.14280,1.78236
182.15094,0.60561
182.15909,0.05705
182.16723,0.36376
182.17537,0.07654
182.18351,0.38042
182.19165,0.13910
182.19980,0.15994
182.20794,0.58157
182.21608,0.08703
182.22422,1.33144
182.23237,0.94977
182.24051,0.25379
182.24865,0.56694
182.25679,0.05162
182.26493,0.63356
182.27308,1.06561
182.28122,1.59919
182.28936,2.48292
182.29750,0.90086
182.30565,1.38677
182.31379,0.19513
182.32193,0.26319
182.33007,0.23566
182.33822,0.82054
182.34636,0.29537
182.35450,0.19032
182.36264,0.08589
182.37078,3.82060
182.37893,0.83143
182.38707,0.13534
182.39521,0.66796
182.40335,0.30470
182.41150,0.11472
182.41964,0.96788
182.42778,0.03619
182.43592,0.51960
182.44406,0.70930
182.45221,0.75826
182.46035,0.16963
182.46849,0.13834
182.47663,1.31796
182.48478,0.13124
182.49292,0.22600
182.50106,2.38490
182.50920,0.58874
182.51734,0.10445
182.52549,0.29585
182.53363,0.87683
182.54177,0.47992
182.54991,0.13824
182.55806,2.54784
182.56620,2.08961
182.57434,0.54667
182.58248,0.61226
182.59063,0.35159
182.59877,0.35034
182.60691,1.25172
182.61505,0.05201
182.62319,0.25134
182.63134,0.35131
182.63948,0.00846
182.64762,0.08311
182.65576,0.60992
182.66391,0.73762
182.67205,1.33849
182.68019,1.64711
182.68833,0.61760
182.69647,0.80165
182.70462,1.17765
182.71276,0.17478
182.72090,0.01581
182.72904,1.12889
182.73719,0.33972
182.74533,0.29411
182.75347,0.85074
182.76161,0.90164
182.76976,0.99695
182.77790,0.73884
182.78604,1.38137
182.79418,0.20367
182.80232,0.71493
182.81047,1.73420
182.81861,1.88146
182.82675,2.18897
182.83489,0.30097
182.84304,0.97164
182.85118,1.49059
182.85932,1.09131
182.86746,0.42383
182.87560,0.23869
182.88375,0.30225
182.89189,0.19490
182.90003,0.26162
182.90817,0.55972
182.91632,0.30636
182.92446,3.17981
182.93260,0.23894
182.94074,0.42347
182.94889,0.41221
182.95703,0.61140
182.96517,0.00358
182.97331,6.40452
182.98145,1.27629
182.98960,0.78769
182.99774,3.01114
183.00588,3.03148
183.01402,0.65395
183.02217,0.56790
183.03031,2.59968
183.03845,0.32471
183.04659,0.10267
183.05473,1.28267
183.06288,1.52074
183.07102,1.65228
183.07916,0.10523
183.08730,0.21105
183.09545,0.78188
183.10359,0.06766
183.11173,0.75076
183.11987,1.33559
183.12801,2.56631
183.13616,0.59010
183.14430,2.22902
183.15244,0.06370
183.16058,0.83415
183.16873,0.67310
183.17687,0.14223
183.18501,0.01318
183.19315,0.06329
183.20130,0.61581
183.20944,0.35085
183.21758,1.84546
183.22572,2.72330
183.23386,0.22733
183.24201,0.95791
183.25015,0.67580
183.25829,1.96537
183.26643,3.24335
183.27458,0.63263
183.28272,0.79907
183.29086,0.61803
183.29900,0.35934
183.30714,0.82798
183.31529,0.74052
183.32343,0.03182
183.33157,0.05923
183.33971,0.13796
183.34786,0.69048
183.35600,1.66248
183.36414,1.40596
183.37228,1.13801
183.38043,1.54989
183.38857,0.27816
183.39671,0.56777
183.40485,5.53933
183.41299,0.23473
183.42114,0.41986
183.42928,0.71727
183.43742,1.28372
183.44556,0.92168
183.45371,0.27010
183.46185,0.31996
183.46999,2.49096
183.47813,0.09849
183.48627,0.13167
183.49442,0.89307
183.50256,3.99787
183.51070,0.20720
183.51884,0.15184
183.52699,0.25742
183.53513,2.30821
183.54327,0.05989
183.55141,0.53842
183.55955,1.40922
183.56770,0.10452
183.57584,0.08039
183.58398,1.61099
183.59212,0.48912
183.60027,0.20116
183.60841,0.38426
183.61655,1.01576
183.62469,1.33072
183.63284,0.28228
183.64098,1.20936
183.64912,0.26258
183.65726,0.28307
183.66540,0.12537
183.67355,0.02835
183.68169,0.87591
183.68983,0.97142
183.69797,0.42171
183.70612,0.87093
183.71426,0.70104
183.72240,0.22126
183.73054,1.00985
183.73868,0.01209
183.74683,2.66688
183.75497,0.62459
183.76311,0.93898
183.77125,0.54749
183.77940,0.45049
183.78754,0.21190
183.79568,0.08038
183.80382,0.74105
183.81197,0.92025
183.82011,0.12563
183.82825,1.15520
183.83639,0.25489
183.84453,2.00436
183.85268,1.63939
183.86082,1.41922
183.86896,1.63364
183.87710,1.64209
183.88525,0.11675
183.89339,0.38853
183.90153,0.44576
183.90967,1.32115
183.91781,3.34565
183.92596,2.87745
183.93410,0.17420
183.94224,2.01527
183.95038,0.29099
183.95853,0.96981
183.96667,0.47371
183.97481,0.63403
183.98295,0.68868
183.99109,0.56847
183.99924,0.61561
184.00738,0.92452
184.01552,1.37957
184.02366,0.35641
184.03181,0.34999
184.03995,0.63168
184.04809,3.49474
184.05623,1.00715
184.06438,0.06812
184.07252,3.03968
184.08066,0.42896
184.08880,0.05032
184.09694,1.97657
184.10509,0.74944
184.11323,0.69419
184.12137,0.08133
184.12951,0.02528
184.13766,1.20662
184.14580,1.97173
184.15394,0.27569
184.16208,0.21369
184.17022,0.97445
184.17837,0.36715
184.18651,0.19187
184.19465,0.43672
184.20279,0.89357
184.21094,0.11535
184.21908,0.02105
184.22722,1.34029
184.23536,1.52127
184.24351,0.67705
184.25165,1.19092
184.25979,1.71774
184.26793,0.84647
184.27607,0.05311
184.28422,0.00577
184.29236,0.65032
184.30050,0.56089
184.30864,0.30159
184.31679,0.39114
184.32493,0.69603
184.33307,0.33470
184.34121,0.22416
184.34935,0.46252
184.35750,0.90058
184.36564,0.49447
184.37378,0.97729
184.38192,1.58876
184.39007,0.55345
184.39821,0.33547
184.40635,0.75679
184.41449,0.18225
184.42264,0.40814
184.43078,0.23476
184.43892,0.55976
184.44706,0.26340
184.45520,0.19851
184.46335,1.56930
184.47149,0.56368
184.47963,0.20321
184.48777,0.86772
184.49592,0.64008
184.50406,0.62098
184.51220,0.23537
184.52034,0.61184
184.52848,0.29202
184.53663,0.78827
184.54477,0.15289
184.55291,0.00858
184.56105,0.51169
184.56920,1.08223
184.57734,1.76878
184.58548,0.71481
184.59362,0.23116
184.60176,1.07530
184.60991,1.25383
184.61805,1.61556
184.62619,1.90997
184.63433,0.21558
184.64248,0.30853
184.65062,0.76026
184.65876,1.43473
184.66690,1.39466
184.67505,0.07170
184.68319,1.15288
184.69133,3.60617
184.69947,0.97009
184.70761,0.34427
184.71576,0.39339
184.72390,0.64309
184.73204,0.34173
184.74018,0.62292
184.74833,1.13799
184.75647,0.12635
184.76461,0.89168
184.77275,0.69025
184.78089,2.96778
184.78904,1.28216
184.79718,0.08823
184.80532,0.17715
184.81346,1.96075
184.82161,4.92948
184.82975,1.34171
184.83789,0.35201
184.84603,0.43783
184.85418,0.97815
184.86232,1.01279
184.87046,2.80977
184.87860,0.88428
184.88674,0.94657
184.89489,0.77680
184.90303,0.52135
184.91117,0.13330
184.91931,0.04746
184.92746,0.02299
184.93560,0.46037
184.94374,1.73937
184.95188,0.96997
184.96002,0.25321
184.96817,0.40757
184.97631,1.52892
184.98445,0.70367
184.99259,0.11169
185.00074,1.32109
185.00888,1.00317
185.01702,0.21290
185.02516,0.35001
185.03330,1.33722
185.04145,1.24298
185.04959,0.57552
185.05773,0.60198
185.06587,5.95345
185.07402,0.49485
185.08216,0.14169
185.09030,1.05905
185.09844,0.02054
185.10659,0.70839
185.11473,0.39224
185.12287,2.26797
185.13101,1.18393
185.13915,1.17991
185.14730,1.30194
185.15544,0.54849
185.16358,0.54989
185.17172,0.15317
185.17987,0.12356
185.18801,0.58895
185.19615,5.68734
185.20429,0.53270
185.21243,3.72471
185.22058,0.01521
185.22872,1.16037
185.23686,0.36843
185.24500,0.25397
185.25315,0.26859
185.26129,0.05474
185.26943,0.01941
185.27757,1.00523
185.28572,0.99407
185.29386,0.37759
185.30200,2.56375
185.31014,2.82172
185.31828,2.05115
185.32643,0.77813
185.33457,0.57445
185.34271,0.91371
185.35085,2.07279
185.35900,3.07418
185.36714,0.67441
185.37528,0.64746
185.38342,0.52995
185.39156,0.87476
185.39971,0.67586
185.40785,0.03399
185.41599,0.27618
185.42413,0.40196
185.43228,1.00491
185.44042,3.29161
185.44856,0.88577
185.45670,0.63066
185.46484,1.82734
185.47299,2.71280
185.48113,1.46301
185.48927,0.71127
185.49741,0.73895
185.50556,2.53385
185.51370,1.75209
185.52184,0.00529
185.52998,2.22407
185.53813,3.18107
185.54627,0.98699
185.55441,1.52845
185.56255,2.71677
185.57069,4.85494
185.57884,0.09704
185.58698,1.44766
185.59512,0.41491
185.60326,0.08359
185.61141,0.43917
185.61955,0.42332
185.62769,0.35797
185.63583,0.43380
185.64397,2.01696
185.65212,0.58518
185.66026,2.59281
185.66840,0.08451
185.67654,0.05852
185.68469,1.17297
185.69283,0.58328
185.70097,1.81731
185.70911,3.21981
185.71726,0.38988
185.72540,1.06973
185.73354,0.64355
185.74168,0.24787
185.74982,0.00880
185.75797,0.23341
185.76611,0.70565
185.77425,0.56249
185.78239,4.48346
185.79054,0.45031
185.79868,1.44898
185.80682,0.11228
185.81496,0.05165
185.82310,0.30646
185.83125,1.71424
185.83939,0.33704
185.84753,0.34208
185.85567,0.85765
185.86382,0.01869
185.87196,1.77514
185.88010,0.86071
185.88824,1.71306
185.89639,1.29500
185.90453,0.84126
185.91267,1.19158
185.92081,1.56703
185.92895,2.99778
185.93710,0.08898
185.94524,2.13338
185.95338,1.66280
185.96152,0.26840
185.96967,0.42640
185.97781,1.51866
185.98595,1.49501
185.99409,0.33954
186.00223,0.44864
186.01038,0.56475
186.01852,0.46411
186.02666,0.01496
186.03480,1.05472
186.04295,3.09835
186.05109,2.25740
186.05923,0.72791
186.06737,2.11392
186.07551,0.17034
186.08366,1.86182
186.09180,1.57538
186.09994,0.31012
186.10808,1.36624
186.11623,0.84665
186.12437,0.00749
186.13251,2.62847
186.14065,1.53055
186.14880,0.93607
186.15694,0.11690
186.16508,0.99623
186.17322,0.75000
186.18136,1.09602
186.18951,0.88802
186.19765,0.89054
186.20579,0.10561
186.21393,0.68647
186.22208,1.01566
186.23022,1.28710
186.23836,0.22927
186.24650,0.31694
186.25464,3.11519
186.26279,0.12794
186.27093,0.15285
186.27907,0.52871
186.28721,0.23132
186.29536,1.01372
186.30350,0.13815
186.31164,0.05656
186.31978,1.39203
186.32793,0.17268
186.33607,0.71636
186.34421,0.30285
186.35235,1.40306
186.36049,0.15000
186.36864,1.12873
186.37678,1.63612
186.38492,1.85090
186.39306,0.58316
186.40121,1.12717
186.40935,0.52759
186.41749,0.41150
186.42563,1.85456
186.43377,0.16779
186.44192,0.44528
186.45006,0.06909
186.45820,0.03664
186.46634,0.46625
186.47449,1.19292
186.48263,1.57607
186.49077,0.55643
186.49891,0.65829
186.50705,0.26031
186.51520,1.09639
186.52334,0.70530
186.53148,1.13245
186.53962,0.07527
186.54777,0.28760
186.55591,1.15097
186.56405,0.98324
186.57219,0.56531
186.58034,0.82613
186.58848,0.20535
186.59662,0.66952
186.60476,0.55554
186.61290,0.43637
186.62105,0.35319
186.62919,0.06309
186.63733,0.72048
186.64547,0.22341
186.65362,1.74508
186.66176,0.24639
186.66990,0.59782
186.67804,0.67411
186.68618,0.42784
186.69433,1.97953
186.70247,2.21671
186.71061,0.90750
186.71875,2.67713
186.72690,1.45386
186.73504,2.28415
186.74318,0.22681
186.75132,1.01196
186.75947,0.07248
186.76761,0.83546
186.77575,2.56561
186.78389,0.85130
186.79203,0.76257
186.80018,0.36383
186.80832,0.01679
186.81646,0.56712
186.82460,0.89537
186.83275,0.02556
186.84089,1.42486
186.84903,0.37104
186.85717,0.41339
186.86531,1.73329
186.87346,0.57051
186.88160,0.25358
186.88974,1.37112
186.89788,0.20297
186.90603,0.23454
186.91417,0.24271
186.92231,0.43917
186.93045,0.41933
186.93860,1.34536
186.94674,0.32519
186.95488,0.14206
186.96302,1.53707
186.97116,0.03596
186.97931,2.46485
186.98745,2.08244
186.99559,0.40680
187.00373,0.69777
187.01188,0.30618
187.02002,0.51941
187.02816,0.32320
187.03630,0.73203
187.04444,0.17449
187.05259,0.36530
187.06073,0.50914
187.06887,0.72679
187.07701,0.13963
187.08516,1.72944
187.09330,0.96197
187.10144,0.22157
187.10958,2.79457
187.11772,0.65960
187.12587,0.29512
187.13401,2.15569
187.14215,1.21236
187.15029,0.81246
187.15844,1.61971
187.16658,0.57270
187.17472,0.01061
187.18286,2.82081
187.19101,0.46045
187.19915,0.52955
187.20729,0.76561
187.21543,0.28075
187.22357,2.04117
187.23172,1.03626
187.23986,1.42168
187.24800,0.78907
187.25614,0.21460
187.26429,0.35415
187.27243,0.08788
187.28057,0.92846
187.28871,0.83040
187.29685,4.50186
187.30500,1.10414
187.31314,0.65849
187.32128,0.17500
187.32942,0.06614
187.33757,0.25318
187.34571,2.29556
187.35385,0.46683
187.36199,0.25562
187.37014,0.89472
187.37828,0.10434
187.38642,0.80262
187.39456,0.33705
187.40270,0.65063
187.41085,2.31115
187.41899,0.64035
187.42713,1.89658
187.43527,2.11546
187.44342,1.52522
187.45156,1.95752
187.45970,1.93014
187.46784,1.32377
187.47598,0.96470
187.48413,1.27871
187.49227,0.34957
187.50041,0.97814
187.50855,0.38410
187.51670,0.11778
187.52484,0.30958
187.53298,1.61305
187.54112,0.16456
187.54926,0.99668
187.55741,0.78719
187.56555,0.38907
187.57369,1.80588
187.58183,0.85133
187.58998,0.04510
187.59812,0.00074
187.60626,0.48853
187.61440,1.34789
187.62255,1.17241
187.63069,0.95287
187.63883,2.33685
187.64697,2.04730
187.65511,0.29656
187.66326,0.17661
187.67140,0.16209
187.67954,0.43788
187.68768,0.12675
187.69583,0.25333
187.70397,0.05578
187.71211,0.81946
187.72025,0.99561
187.72839,0.32515
187.73654,1.93976
187.74468,0.32842
187.75282,0.98336
187.76096,0.93860
187.76911,0.24923
187.77725,0.78380
187.78539,1.57812
187.79353,0.55804
187.80168,0.09003
187.80982,3.82761
187.81796,2.63172
187.82610,1.23209
187.83424,1.68484
187.84239,3.54621
187.85053,0.53248
187.85867,1.23138
187.86681,0.62010
187.87496,3.07360
187.88310,0.14250
187.89124,0.53404
187.89938,1.08099
187.90752,0.45598
187.91567,0.43081
187.92381,3.31801
187.93195,1.35963
187.94009,1.50243
187.94824,0.58576
187.95638,0.46223
187.96452,0.82037
187.97266,0.83600
187.98080,1.07866
187.98895,0.92879
187.99709,0.08506
188.00523,1.87521
188.01337,1.70325
188.02152,1.39951
188.02966,1.41547
188.03780,1.27544
188.04594,3.15891
188.05409,1.16543
188.06223,0.08522
188.07037,0.36205
188.07851,0.45563
188.08665,0.67222
188.09480,0.88916
188.10294,0.31807
188.11108,0.66149
188.11922,3.15461
188.12737,0.75970
188.13551,1.19922
188.14365,0.18986
188.15179,3.38529
188.15993,0.05724
188.16808,0.66874
188.17622,1.50208
188.18436,1.81720
188.19250,1.25858
188.20065,1.17190
188.20879,0.45981
188.21693,2.38537
188.22507,1.13768
188.23322,2.83863
188.24136,0.41667
188.24950,0.34651
188.25764,1.69173
188.26578,0.61392
188.27393,1.31676
188.28207,0.08310
188.29021,1.21280
188.29835,0.64758
188.30650,0.63708
188.31464,1.01529
188.32278,4.32981
188.33092,0.64715
188.33906,0.06891
188.34721,2.19524
188.35535,0.23640
188.36349,1.22540
188.37163,0.32212
188.37978,0.20997
188.38792,0.43973
188.39606,0.38042
188.40420,0.51240
188.41235,0.31959
188.42049,0.40688
188.42863,1.53519
188.43677,0.02904
188.44491,2.14610
188.45306,1.42354
188.46120,0.89719
188.46934,1.03919
188.47748,0.06387
188.48563,0.63927
188.49377,0.40346
188.50191,1.09323
188.51005,2.74946
188.51819,0.42839
188.52634,1.82541
188.53448,0.58161
188.54262,0.94648
188.55076,2.00923
188.55891,0.10043
188.56705,2.36930
188.57519,6.27404
188.58333,0.24863
188.59147,3.29205
188.59962,0.39071
188.60776,0.13566
188.61590,1.30925
188.62404,2.16129
188.63219,0.86545
188.64033,0.29723
188.64847,0.36769
188.65661,1.02532
188.66476,2.46306
188.67290,0.18259
188.68104,0.28924
188.68918,0.46560
188.69732,0.12074
188.70547,1.05480
188.71361,0.56245
188.72175,2.60578
188.72989,0.21557
188.73804,1.06978
188.74618,1.07819
188.75432,0.22131
188.76246,0.58638
188.77060,2.27155
188.77875,0.27294
188.78689,0.17635
188.79503,0.75494
188.80317,2.58524
188.81132,1.62229
188.81946,1.75834
188.82760,0.67574
188.83574,3.22819
188.84389,0.48519
188.85203,0.05924
188.86017,0.28389
188.86831,2.74070
188.87645,0.05038
188.88460,0.55341
188.89274,0.05737
188.90088,0.78580
188.90902,0.75359
188.91717,5.12734
188.92531,1.43796
188.93345,0.41686
188.94159,0.84952
188.94973,1.06910
188.95788,0.66845
188.96602,0.75590
188.97416,0.12880
188.98230,1.78500
188.99045,0.78606
188.99859,0.25439
189.00673,0.03032
189.01487,0.52057
189.02301,0.07372
189.03116,0.78266
189.03930,1.87998
189.04744,1.52028
189.05558,0.32042
189.06373,0.17293
189.07187,0.14276
189.08001,0.12748
189.08815,0.60279
189.09630,0.56118
189.10444,0.94614
189.11258,1.95951
189.12072,0.51766
189.12886,0.01879
189.13701,0.36894
189.14515,0.19504
189.15329,0.49550
189.16143,0.31927
189.16958,0.05906
189.17772,0.13967
189.18586,0.36124
189.19400,2.26552
189.20214,1.11056
189.21029,1.59823
189.21843,0.13835
189.22657,0.93502
189.23471,1.02863
189.24286,1.07778
189.25100,0.89584
189.25914,0.44386
189.26728,1.69884
189.27543,0.58381
189.28357,0.00163
189.29171,0.40330
189.29985,1.76568
189.30799,0.12841
189.31614,1.23718
189.32428,0.87028
189.33242,0.80015
189.34056,4.76192
189.34871,1.41527
189.35685,0.24446
189.36499,2.50912
189.37313,0.41760
189.38127,0.98057
189.38942,0.32763
189.39756,0.06975
189.40570,0.77718
189.41384,0.64429
189.42199,0.27096
189.43013,1.72829
189.43827,3.02021
189.44641,0.84546
189.45456,0.78480
189.46270,0.43638
189.47084,0.67581
189.47898,0.03199
189.48712,0.15830
189.49527,3.02416
189.50341,0.15144
189.51155,0.86981
189.51969,1.58509
189.52784,0.26550
189.53598,0.32316
189.54412,0.56761
189.55226,1.27356
189.56040,0.46824
189.56855,1.50467
189.57669,2.35040
189.58483,0.46364
189.59297,0.29310
189.60112,0.01422
189.60926,0.14764
189.61740,0.60841
189.62554,0.92352
189.63368,0.42242
189.64183,1.31654
189.64997,1.38431
189.65811,0.01756
189.66625,1.15691
189.67440,0.57492
189.68254,0.43240
189.69068,2.65973
189.69882,0.24570
189.70697,0.90822
189.71511,1.57717
189.72325,0.81768
189.73139,1.36456
189.73953,2.00163
189.74768,0.46759
189.75582,1.79242
189.76396,1.39049
189.77210,1.95602
189.78025,4.73709
189.78839,0.36187
189.79653,0.69492
189.80467,0.37000
189.81281,0.07056
189.82096,0.25215
189.82910,0.67095
189.83724,0.76397
189.84538,2.26060
189.85353,0.34113
189.86167,1.01538
189.86981,1.34758
189.87795,0.14329
189.88610,0.25585
189.89424,0.51251
189.90238,0.56367
189.91052,1.05848
189.91866,0.41442
189.92681,0.78371
189.93495,3.91182
189.94309,0.09105
189.95123,0.75166
189.95938,0.39667
189.96752,0.43468
189.97566,0.10197
189.98380,0.20364
189.99194,1.51337
190.00009,2.07944
190.00823,0.74835
190.01637,0.74552
190.02451,0.06885
190.03266,3.73662
190.04080,2.05991
190.04894,1.69755
190.05708,0.31338
190.06522,1.14658
190.07337,1.92810
190.08151,0.31619
190.08965,0.17207
190.09779,0.82604
190.10594,0.82202
190.11408,1.65236
190.12222,1.36099
190.13036,0.78977
190.13851,2.13119
190.14665,0.30662
190.15479,0.44195
190.16293,0.08387
190.17107,0.67162
190.17922,1.84461
190.18736,1.02440
190.19550,0.79843
190.20364,1.69720
190.21179,0.42886
190.21993,0.19838
190.22807,1.17298
190.23621,0.19603
190.24435,0.87080
190.25250,0.02697
190.26064,0.74475
190.26878,0.95581
190.27692,1.07045
190.28507,0.00925
190.29321,0.42270
190.30135,0.71560
190.30949,1.03573
190.31764,0.74028
190.32578,1.88501
190.33392,1.65331
190.34206,0.46072
190.35020,0.30532
190.35835,0.58490
190.36649,0.64335
190.37463,0.00614
190.38277,0.62687
190.39092,0.88417
190.39906,1.44223
190.40720,1.10108
190.41534,1.78637
190.42348,0.26824
190.43163,1.11476
190.43977,0.46149
190.44791,0.33331
190.45605,1.04714
190.46420,1.73780
190.47234,0.19629
190.48048,2.46626
190.48862,4.32754
190.49676,0.33487
190.50491,0.88788
190.51305,1.07867
190.52119,0.24674
190.52933,0.38172
190.53748,0.54146
190.54562,1.03798
190.55376,0.89462
190.56190,0.48939
190.57005,1.21052
190.57819,1.00757
190.58633,0.88159
190.59447,0.41392
190.60261,0.06842
190.61076,0.21645
190.61890,0.07321
190.62704,0.35806
190.63518,2.27743
190.64333,0.80119
190.65147,0.14665
190.65961,0.41071
190.66775,0.00313
190.67589,0.63534
190.68404,3.10495
190.69218,0.92832
190.70032,2.22042
190.70846,0.59350
190.71661,1.12967
190.72475,0.03936
190.73289,1.65916
190.74103,0.50046
190.74918,0.57059
190.75732,1.02190
190.76546,0.18003
190.77360,0.80410
190.78174,0.08106
190.78989,0.34854
190.79803,0.32830
190.80617,0.29997
190.81431,0.44645
190.82246,1.04061
190.83060,3.75519
190.83874,0.66364
190.84688,3.10903
190.85502,0.25734
190.86317,1.59274
190.87131,2.77132
190.87945,1.40429
190.88759,0.24395
190.89574,1.62465
190.90388,4.66196
190.91202,0.70343
190.92016,0.26560
190.92831,1.99849
190.93645,1.09033
190.94459,0.55932
190.95273,0.57531
190.96087,0.21761
190.96902,1.20009
190.97716,0.11069
190.98530,1.17822
190.99344,0.00503
191.00159,0.10700
191.00973,0.69309
191.01787,0.10048
191.02601,0.29576
191.03415,0.55745
191.04230,1.75509
191.05044,1.07018
191.05858,0.45225
191.06672,0.59147
191.07487,0.62967
191.08301,1.66073
191.09115,1.11903
191.09929,1.08417
191.10743,0.55459
191.11558,0.60552
191.12372,0.68876
191.13186,1.42279
191.14000,1.00162
191.14815,0.19358
191.15629,0.78935
191.16443,0.96054
191.17257,0.11164
191.18072,1.15619
191.18886,0.47163
191.19700,0.47906
191.20514,1.57534
191.21328,2.45989
191.22143,1.15741
191.22957,0.26569
191.23771,0.92109
191.24585,4.70213
191.25400,1.29971
191.26214,0.95701
191.27028,1.58648
191.27842,0.76639
191.28656,0.69053
191.29471,0.86929
191.30285,0.72547
191.31099,0.98645
191.31913,0.00964
191.32728,0.17990
191.33542,0.54334
191.34356,0.19468
191.35170,0.28135
191.35985,0.26287
191.36799,0.19100
191.37613,1.37950
191.38427,1.69967
191.39241,2.07774
191.40056,0.61858
191.40870,0.44561
191.41684,0.30605
191.42498,0.05646
191.43313,0.00578
191.44127,0.56116
191.44941,1.35173
191.45755,0.08089
191.46569,0.87438
191.47384,0.47165
191.48198,0.11307
191.49012,0.33373
191.49826,0.30523
191.50641,1.91131
191.51455,0.71284
191.52269,0.14332
191.53083,1.88964
191.53897,0.04496
191.54712,0.96986
191.55526,0.23914
191.56340,0.76565
191.57154,2.11297
191.57969,0.69583
191.58783,0.47863
191.59597,0.34892
191.60411,1.71316
191.61226,0.76146
191.62040,4.54709
191.62854,0.23141
191.63668,0.23854
191.64482,0.76411
191.65297,0.96785
191.66111,1.39272
191.66925,2.16977
191.67739,0.09588
191.68554,0.27881
191.69368,0.08567
191.70182,0.35168
191.70996,0.61300
191.71810,0.76513
191.72625,0.46176
191.73439,1.15566
191.74253,0.80427
191.75067,2.29362
191.75882,4.00177
191.76696,0.66036
191.77510,0.02779
191.78324,1.47554
191.79139,1.84930
191.79953,0.46128
191.80767,2.36653
191.81581,1.17115
191.82395,0.04700
191.83210,1.21541
191.84024,0.15170
191.84838,1.24432
191.85652,1.06399
191.86467,0.98892
191.87281,1.59718
191.88095,1.11716
191.88909,2.99235
191.89723,1.49866
191.90538,1.62291
191.91352,0.79536
191.92166,0.88954
191.92980,0.94589
191.93795,0.46117
191.94609,0.53313
191.95423,0.26506
191.96237,0.29785
191.97052,1.12983
191.97866,0.76604
191.98680,0.16198
191.99494,0.29972
192.00308,0.79462
192.01123,0.28410
192.01937,0.22051
192.02751,0.03553
192.03565,1.26866
192.04380,1.32448
192.05194,2.15869
192.06008,1.80262
192.06822,1.13857
192.07636,1.36884
192.08451,1.73501
192.09265,0.85786
192.10079,0.29674
192.10893,0.15028
192.11708,0.56015
192.12522,0.33932
192.13336,0.56763
192.14150,0.42233
192.14964,0.06568
192.15779,0.47841
192.16593,0.02916
192.17407,1.12999
192.18221,0.01409
192.19036,0.08283
192.19850,0.21539
192.20664,0.29087
192.21478,0.01404
192.22293,0.64475
192.23107,0.12040
192.23921,0.27845
192.24735,0.58674
192.25549,0.58427
192.26364,0.43512
192.27178,2.76822
192.27992,0.07718
192.28806,0.49089
192.29621,0.30899
192.30435,0.12943
192.31249,1.53848
192.32063,1.02155
192.32877,0.10066
192.33692,0.03968
192.34506,1.03689
192.35320,0.57382
192.36134,2.08076
192.36949,0.39619
192.37763,0.95588
192.38577,0.18154
192.39391,0.35681
192.40206,2.61509
192.41020,0.38183
192.41834,1.27053
192.42648,1.60532
192.43462,1.20570
192.44277,0.28351
192.45091,2.98014
192.45905,4.00827
192.46719,0.51966
192.47534,1.02997
192.48348,1.74839
192.49162,0.56085
192.49976,0.09427
192.50790,1.92746
192.51605,1.17645
192.52419,0.71949
192.53233,1.33869
192.54047,0.09479
192.54862,1.70509
192.55676,0.06673
192.56490,0.28906
192.57304,0.28639
192.58118,0.41177
192.58933,0.01764
192.59747,0.17262
192.60561,0.41009
192.61375,1.07065
192.62190,0.87332
192.63004,1.59452
192.63818,4.11792
192.64632,0.56777
192.65447,1.63487
192.66261,0.54552
192.67075,0.75770
192.67889,0.64758
192.68703,0.46666
192.69518,0.12458
192.70332,0.12775
192.71146,0.23874
192.71960,1.17939
192.72775,0.16452
192.73589,1.26156
192.74403,0.72146
192.75217,1.27579
192.76031,0.01058
192.76846,0.44061
192.77660,0.67232
192.78474,0.27424
192.79288,0.03626
192.80103,0.57458
192.80917,0.40582
192.81731,0.92268
192.82545,0.79529
192.83360,1.31845
192.84174,1.29469
192.84988,1.30132
192.85802,0.24686
192.86616,0.22475
192.87431,0.02585
192.88245,0.43684
192.89059,0.26060
192.89873,0.96504
192.90688,0.94820
192.91502,0.14656
192.92316,1.33076
192.93130,2.07860
192.93944,1.40621
192.94759,2.49235
192.95573,1.69532
192.96387,0.04371
192.97201,1.04451
192.98016,1.34946
192.98830,0.30531
192.99644,1.09194
193.00458,2.31718
193.01272,1.09371
193.02087,0.75516
193.02901,0.21795
193.03715,0.93093
193.04529,0.83788
193.05344,1.01630
193.06158,0.09065
193.06972,1.13928
193.07786,1.23501
193.08601,1.15222
193.09415,2.00948
193.10229,0.77276
193.11043,0.66306
193.11857,1.54202
193.12672,0.09515
193.13486,1.32062
193.14300,1.43359
193.15114,0.07562
193.15929,0.56318
193.16743,1.69637
193.17557,1.96148
193.18371,0.01249
193.19185,0.56244
193.20000,2.16152
193.20814,1.36537
193.21628,4.64086
193.22442,2.10672
193.23257,0.44632
193.24071,0.34090
193.24885,0.09502
193.25699,0.26786
193.26514,0.06368
193.27328,0.07872
193.28142,1.34694
193.28956,0.73325
193.29770,1.04224
193.30585,0.08832
193.31399,0.69202
193.32213,0.85431
193.33027,2.64788
193.33842,0.58842
193.34656,0.98178
193.35470,0.04845
193.36284,0.06779
193.37098,0.77119
193.37913,0.89795
193.38727,0.41606
193.39541,0.20965
193.40355,1.30861
193.41170,0.64327
193.41984,0.11822
193.42798,1.07573
193.43612,0.93470
193.44427,0.55886
193.45241,0.52822
193.46055,0.92542
193.46869,0.03939
193.47683,0.68569
193.48498,0.29451
193.49312,0.02708
193.50126,0.37327
193.50940,0.03628
193.51755,0.07598
193.52569,1.24882
193.53383,0.02489
193.54197,0.66851
193.55011,0.41985
193.55826,1.72397
193.56640,1.79832
193.57454,0.73760
193.58268,0.69934
193.59083,0.44930
193.59897,1.60417
193.60711,0.08854
193.61525,0.22134
193.62339,0.04941
193.63154,1.11748
193.63968,0.29043
193.64782,0.29315
193.65596,3.36068
193.66411,3.91166
193.67225,0.05523
193.68039,0.00942
193.68853,0.73842
193.69668,0.18495
193.70482,0.28679
193.71296,0.96132
193.72110,1.37110
193.72924,0.62647
193.73739,0.11860
193.74553,0.88429
193.75367,0.57490
193.76181,1.28056
193.76996,0.34814
193.77810,0.83066
193.78624,3.30653
193.79438,0.91768
193.80252,1.32778
193.81067,0.04271
193.81881,3.85732
193.82695,0.43696
193.83509,1.17174
193.84324,1.91638
193.85138,1.07067
193.85952,1.57463
193.86766,0.91723
193.87581,0.09704
193.88395,0.41914
193.89209,0.12847
193.90023,2.82027
193.90837,0.34408
193.91652,0.64487
193.92466,0.50327
193.93280,0.10322
193.94094,0.11803
193.94909,1.25173
193.95723,0.46126
193.96537,0.02054
193.97351,0.57324
193.98165,0.33663
193.98980,0.50963
193.99794,0.68188
194.00608,0.41345
194.01422,2.96515
194.02237,0.69009
194.03051,0.29039
194.03865,0.19012
194.04679,0.39197
194.05493,0.62140
194.06308,2.31050
194.07122,1.48843
194.07936,0.42718
194.08750,0.03862
194.09565,1.59869
194.10379,4.04314
194.11193,0.46329
194.12007,3.03176
194.12822,0.51136
194.13636,0.61643
194.14450,0.61563
194.15264,0.30639
194.16078,0.30192
194.16893,0.70481
194.17707,1.28874
194.18521,1.11803
194.19335,0.12151
194.20150,1.31941
194.20964,0.43919
194.21778,2.49192
194.22592,0.35538
194.23406,0.82219
194.24221,3.00567
194.25035,3.84685
194.25849,0.16648
194.26663,0.71842
194.27478,0.37377
194.28292,1.60098
194.29106,0.75299
194.29920,0.09967
194.30735,2.07332
194.31549,0.55553
194.32363,0.06742
194.33177,0.85274
194.33991,0.95827
194.34806,4.00712
194.35620,0.48776
194.36434,0.49343
194.37248,1.38340
194.38063,0.17838
194.38877,4.13885
194.39691,0.44040
194.40505,4.35892
194.41319,1.20202
194.42134,0.73644
194.42948,0.34662
194.43762,0.38434
194.44576,0.10828
194.45391,0.62080
194.46205,0.20147
194.47019,0.88782
194.47833,2.21775
194.48648,0.15127
194.49462,1.73001
194.50276,1.38402
194.51090,2.32434
194.51904,0.68411
194.52719,0.99958
194.53533,0.31863
194.54347,1.97284
194.55161,1.65455
194.55976,1.39058
194.56790,0.07902
194.57604,0.14594
194.58418,0.28455
194.59232,1.08442
194.60047,0.88562
194.60861,2.83951
194.61675,0.51607
194.62489,0.03211
194.63304,0.56852
194.64118,0.53458
194.64932,0.86616
194.65746,1.83757
194.66560,0.33800
194.67375,1.40480
194.68189,0.01461
194.69003,0.47348
194.69817,1.15091
194.70632,2.25672
194.71446,0.17667
194.72260,0.14080
194.73074,1.11397
194.73889,0.75046
194.74703,0.13610
194.75517,0.73930
194.76331,0.17989
194.77145,0.62467
194.77960,1.50535
194.78774,0.37611
194.79588,0.07124
194.80402,0.28348
194.81217,0.27588
194.82031,0.28015
194.82845,0.36918
194.83659,0.28297
194.84473,0.64830
194.85288,0.44844
194.86102,0.33734
194.86916,1.00974
194.87730,0.79465
194.88545,0.49492
194.89359,1.85542
194.90173,0.83315
194.90987,0.26330
194.91802,0.39212
194.92616,0.05304
194.93430,0.55270
194.94244,0.07304
194.95058,0.30859
194.95873,1.19873
194.96687,0.84651
194.97501,0.66380
194.98315,0.44762
194.99130,0.27310
194.99944,0.11837
195.00758,1.41354
195.01572,0.61809
195.02386,1.02153
195.03201,2.34878
195.04015,1.20698
195.04829,0.27175
195.05643,0.78736
195.06458,0.02532
195.07272,1.16652
195.08086,0.45113
195.08900,1.24022
195.09714,0.85071
195.10529,0.30089
195.11343,1.01771
195.12157,1.82873
195.12971,0.53308
195.13786,0.10184
195.14600,0.65413
195.15414,0.07819
195.16228,0.55518
195.17043,0.08641
195.17857,0.55043
195.18671,0.78412
195.19485,1.18862
195.20299,0.38851
195.21114,1.37727
195.21928,0.33311
195.22742,0.06913
195.23556,1.81322
195.24371,0.22791
195.25185,1.07523
195.25999,0.17337
195.26813,1.27163
195.27627,0.24517
195.28442,0.44571
195.29256,1.02845
195.30070,0.34702
195.30884,1.17053
195.31699,0.09955
195.32513,0.78805
195.33327,0.54414
195.34141,1.28181
195.34956,0.52617
195.35770,1.84231
195.36584,0.39717
195.37398,0.26709
195.38212,0.33478
195.39027,0.11387
195.39841,2.52808
195.40655,0.54213
195.41469,0.01682
195.42284,0.57159
195.43098,0.97702
195.43912,0.99836
195.44726,1.75157
195.45540,0.76054
195.46355,0.64272
195.47169,0.35286
195.47983,0.12204
195.48797,0.42120
195.49612,0.33282
195.50426,1.40135
195.51240,1.57788
195.52054,0.48747
195.52868,1.89781
195.53683,0.73897
195.54497,0.28136
195.55311,0.02975
195.56125,0.49175
195.56940,0.83127
195.57754,0.47814
195.58568,0.06704
195.59382,2.42086
195.60197,0.08057
195.61011,0.57484
195.61825,1.21529
195.62639,0.22524
195.63453,2.44722
195.64268,0.14253
195.65082,0.20555
195.65896,2.52757
195.66710,0.45363
195.67525,0.55294
195.68339,0.02852
195.69153,0.00403
195.69967,0.27356
195.70781,0.44444
195.71596,0.12658
195.72410,0.80592
195.73224,1.79134
195.74038,0.36612
195.74853,2.04319
195.75667,1.26034
195.76481,0.62833
195.77295,1.83429
195.78110,0.21534
195.78924,0.20451
195.79738,1.02471
195.80552,0.08872
195.81366,0.72456
195.82181,1.50428
195.82995,1.21730
195.83809,0.36237
195.84623,6.69935
195.85438,2.16100
195.86252,1.33268
195.87066,0.77112
195.87880,0.76369
195.88694,1.35292
195.89509,1.25104
195.90323,1.99374
195.91137,0.84127
195.91951,0.67239
195.92766,1.90575
195.93580,0.81691
195.94394,1.07957
195.95208,1.68500
195.96023,0.09208
195.96837,0.40297
195.97651,0.34177
195.98465,1.40993
195.99279,0.70517
196.00094,3.13440
196.00908,0.95315
196.01722,0.19474
196.02536,1.08257
196.03351,1.23798
196.04165,0.74996
196.04979,4.28763
196.05793,1.00969
196.06607,0.74644
196.07422,1.61763
196.08236,0.99008
196.09050,0.43920
196.09864,0.53928
196.10679,0.14537
196.11493,0.31443
196.12307,1.32460
196.13121,0.62117
196.13935,2.97498
196.14750,2.51491
196.15564,0.22783
196.16378,0.60453
196.17192,0.08581
196.18007,0.54096
196.18821,0.21721
196.19635,0.24921
196.20449,0.20521
196.21264,1.28295
196.22078,0.89140
196.22892,4.16957
196.23706,1.34303
196.24520,0.99977
196.25335,0.85512
196.26149,0.94194
196.26963,0.15110
196.27777,1.39399
196.28592,0.00093
196.29406,4.22571
196.30220,6.06493
196.31034,2.93484
196.31848,0.47996
196.32663,4.56901
196.33477,0.10129
196.34291,2.14028
196.35105,1.08656
196.35920,2.14115
196.36734,1.44132
196.37548,6.12435
196.38362,0.77441
196.39177,3.44982
196.39991,1.70108
196.40805,4.30340
196.41619,2.17926
196.42433,3.62498
196.43248,1.74477
196.44062,3.21849
196.44876,4.82395
196.45690,3.69652
196.46505,1.66529
196.47319,2.63980
196.48133,2.27206
196.48947,1.53232
196.49761,0.33120
196.50576,2.95766
196.51390,0.08401
196.52204,1.45030
196.53018,5.20195
196.53833,3.28546
196.54647,0.45962
196.55461,0.20087
196.56275,1.31054
196.57089,0.28025
196.57904,2.59211
196.58718,4.73205
196.59532,4.91425
196.60346,0.44340
196.61161,7.21361
196.61975,1.29514
196.62789,1.40908
196.63603,0.21819
196.64418,3.72654
196.65232,3.84330
196.66046,5.33321
196.66860,3.86515
196.67674,3.82124
196.68489,1.31301
196.69303,8.15326
196.70117,1.55017
196.70931,1.54672
196.71746,3.22586
196.72560,6.27810
196.73374,2.51120
196.74188,3.29227
196.75002,2.41946
196.75817,6.39871
196.76631,1.27066
196.77445,5.11365
196.78259,0.53874
196.79074,3.08426
196.79888,2.51514
196.80702,5.76345
196.81516,14.07441
196.82331,0.23038
196.83145,2.14283
196.83959,2.44230
196.84773,3.71699
196.85587,2.57320
196.86402,2.09169
196.87216,3.20282
196.88030,3.79828
196.88844,10.75027
196.89659,3.14888
196.90473,7.44989
196.91287,4.77841
196.92101,0.16560
196.92915,2.90713
196.93730,3.70079
196.94544,1.72086
196.95358,8.88612
196.96172,0.64492
196.96987,1.89526
196.97801,1.03758
196.98615,2.37257
196.99429,5.03617
197.00244,0.08797
197.01058,4.86685
197.01872,0.52212
197.02686,4.60407
197.03500,3.87178
197.04315,3.95827
197.05129,0.48022
197.05943,0.85787
197.06757,0.92835
197.07572,8.50119
197.08386,3.12567
197.09200,5.58739
197.10014,0.03674
197.10828,0.44508
197.11643,1.37636
197.12457,2.99479
197.13271,1.19882
197.14085,0.15454
197.14900,1.63159
197.15714,0.06130
197.16528,0.98167
197.17342,0.45630
197.18156,2.37903
197.18971,0.73795
197.19785,0.06315
197.20599,0.06487
197.21413,2.34975
197.22228,0.43545
197.23042,2.92145
197.23856,2.13835
197.24670,2.87418
197.25485,0.01398
197.26299,2.55614
197.27113,2.04886
197.27927,2.78515
197.28741,0.37190
197.29556,0.08076
197.30370,0.74832
197.31184,0.54844
197.31998,1.14685
197.32813,1.01829
197.33627,0.67684
197.34441,3.89668
197.35255,0.88539
197.36069,0.27851
197.36884,0.17461
197.37698,1.61655
197.38512,0.80293
197.39326,0.32542
197.40141,1.28958
197.40955,1.56555
197.41769,0.10422
197.42583,0.06133
197.43398,3.23637
197.44212,0.12388
197.45026,0.27159
197.45840,0.01802
197.46654,2.46233
197.47469,1.38223
197.48283,0.32821
197.49097,1.48183
197.49911,0.68183
197.50726,2.70939
197.51540,0.76049
197.52354,0.09554
197.53168,0.32004
197.53982,0.39399
197.54797,3.26162
197.55611,0.11701
197.56425,0.87674
197.57239,0.56093
197.58054,1.04200
197.58868,0.49565
197.59682,1.16412
197.60496,1.25715
197.61310,0.56094
197.62125,0.46502
197.62939,0.46505
197.63753,1.22101
197.64567,1.81605
197.65382,1.06282
197.66196,0.05153
197.67010,0.03936
197.67824,0.00069
197.68639,1.58003
197.69453,0.04151
197.70267,0.28668
197.71081,1.09739
197.71895,1.14591
197.72710,0.16465
197.73524,0.81957
197.74338,0.02762
197.75152,0.54585
197.75967,1.43937
197.76781,1.39928
197.77595,0.93350
197.78409,0.11413
197.79223,2.76506
197.80038,1.53850
197.80852,4.63035
197.81666,0.66517
197.82480,1.26518
197.83295,0.37281
197.84109,1.14585
197.84923,1.95334
197.85737,3.31339
197.86552,5.47797
197.87366,0.37965
197.88180,6.35258
197.88994,2.86425
197.89808,3.20951
197.90623,1.22404
197.91437,2.42738
197.92251,0.98865
197.93065,1.50478
197.93880,0.01136
197.94694,2.85216
197.95508,0.92658
197.96322,1.33540
197.97136,2.70787
197.97951,2.94898
197.98765,0.82615
197.99579,2.07426
198.00393,0.99686
198.01208,2.52151
198.02022,0.17907
198.02836,0.60020
198.03650,4.19492
198.04464,2.08380
198.05279,2.04725
198.06093,3.58240
198.06907,1.23172
198.07721,0.00668
198.08536,0.12683
198.09350,0.43608
198.10164,2.44053
198.10978,3.65250
198.11793,0.34893
198.12607,4.88257
198.13421,0.59954
198.14235,0.94374
198.15049,1.23765
198.15864,4.19006
198.16678,0.65526
198.17492,1.56348
198.18306,0.63449
198.19121,3.01896
198.19935,3.56997
198.20749,1.82191
198.21563,4.72414
198.22377,2.36521
198.23192,2.39379
198.24006,0.07773
198.24820,11.22718
198.25634,7.64048
198.26449,2.39422
198.27263,5.48917
198.28077,0.18165
198.28891,4.32538
198.29706,1.53078
198.30520,1.00579
198.31334,1.04604
198.32148,3.96346
198.32962,2.14156
198.33777,0.17073
198.34591,2.37594
198.35405,0.76463
198.36219,2.37278
198.37034,1.04362
198.37848,1.08330
198.38662,0.82851
198.39476,1.42601
198.40290,2.75384
198.41105,0.76457
198.41919,1.82436
198.42733,1.35926
198.43547,0.20059
198.44362,0.72818
198.45176,0.36725
198.45990,1.46565
198.46804,1.90504
198.47619,1.18383
198.48433,0.00177
198.49247,0.02566
198.50061,0.99841
198.50875,0.25069
198.51690,1.08695
198.52504,1.47530
198.53318,0.21723
198.54132,0.44830
198.54947,3.30704
198.55761,0.19038
198.56575,2.95668
198.57389,0.53764
198.58203,0.71310
198.59018,0.87262
198.59832,0.23128
198.60646,0.52351
198.61460,0.71418
198.62275,0.15397
198.63089,0.34405
198.63903,0.70040
198.64717,0.62446
198.65531,0.15323
198.66346,0.11388
198.67160,0.13460
198.67974,0.66958
198.68788,0.83588
198.69603,0.18020
198.70417,0.31327
198.71231,0.48373
198.72045,0.96242
198.72860,2.63955
198.73674,0.85075
198.74488,0.07091
198.75302,0.10734
198.76116,0.32321
198.76931,1.07347
198.77745,0.96497
198.78559,0.02600
198.79373,0.71560
198.80188,1.33976
198.81002,1.45106
198.81816,0.25821
198.82630,1.32719
198.83444,3.72345
198.84259,2.03301
198.85073,0.44851
198.85887,1.01089
198.86701,0.80978
198.87516,1.16555
198.88330,1.43483
198.89144,2.22931
198.89958,0.13094
198.90773,0.32314
198.91587,3.08913
198.92401,1.73958
198.93215,0.77580
198.94029,1.58825
198.94844,1.50266
198.95658,1.42846
198.96472,3.75316
198.97286,0.90677
198.98101,0.00925
198.98915,0.76412
198.99729,2.55094
199.00543,0.12351
199.01357,0.98505
199.02172,0.07593
199.02986,6.44842
199.03800,0.17378
199.04614,2.28929
199.05429,2.90252
199.06243,2.36344
199.07057,3.20136
199.07871,4.50006
199.08685,1.85759
199.09500,0.10216
199.10314,3.04300
199.11128,1.53596
199.11942,1.69503
199.12757,0.36502
199.13571,2.31294
199.14385,3.61833
199.15199,0.26408
199.16014,2.04588
199.16828,0.05040
199.17642,1.67049
199.18456,0.25240
199.19270,4.20429
199.20085,2.92648
199.20899,0.12392
199.21713,5.69208
199.22527,1.43350
199.23342,0.17094
199.24156,3.30112
199.24970,3.17691
199.25784,2.81081
199.26598,2.95168
199.27413,0.69610
199.28227,0.41553
199.29041,0.21060
199.29855,1.98657
199.30670,0.54355
199.31484,1.05980
199.32298,0.74792
199.33112,0.66729
199.33927,1.02083
199.34741,2.18663
199.35555,2.47526
199.36369,1.15743
199.37183,0.53800
199.37998,2.03012
199.38812,3.47605
199.39626,1.41337
199.40440,0.17897
199.41255,2.41173
199.42069,1.95972
199.42883,1.03299
199.43697,2.12084
199.44511,2.31145
199.45326,2.54928
199.46140,2.27746
199.46954,0.26756
199.47768,4.31096
199.48583,2.26675
199.49397,0.28875
199.50211,4.06460
199.51025,4.03781
199.51840,0.15200
199.52654,0.16165
199.53468,0.47333
199.54282,0.09724
199.55096,0.48733
199.55911,2.84718
199.56725,1.01928
199.57539,0.68493
199.58353,0.94269
199.59168,4.29902
199.59982,2.96670
199.60796,0.91981
199.61610,1.38256
199.62424,1.14412
199.63239,2.82834
199.64053,3.76412
199.64867,0.92841
199.65681,4.38368
199.66496,1.47855
199.67310,1.48094
199.68124,0.40002
199.68938,1.11608
199.69752,0.04800
199.70567,0.06233
199.71381,0.26124
199.72195,0.53195
199.73009,2.12336
199.73824,1.31453
199.74638,1.06525
199.75452,0.23157
199.76266,1.43159
199.77081,0.21482
199.77895,2.61370
199.78709,0.56619
199.79523,3.90917
199.80337,0.48404
199.81152,0.59632
199.81966,0.20716
199.82780,3.45916
199.83594,0.25610
199.84409,4.14911
199.85223,0.03599
199.86037,0.84448
199.86851,0.41284
199.87665,0.28750
199.88480,1.11702
199.89294,1.97167
199.90108,3.39793
199.90922,1.05396
199.91737,0.05456
199.92551,3.85937
199.93365,0.35565
199.94179,0.61462
199.94994,2.61404
199.95808,1.88825
199.96622,0.16342
199.97436,2.21369
199.98250,3.62778
199.99065,1.02584
199.99879,1.04667
200.00693,2.88682
200.01507,0.23412
200.02322,0.74175
200.03136,0.65366
200.03950,1.78389
200.04764,0.94164
200.05578,3.17803
200.06393,1.41320
200.07207,0.69886
200.08021,3.74219
200.08835,3.72420
200.09650,1.28895
200.10464,1.04759
200.11278,0.41226
200.12092,0.52985
200.12906,1.17058
200.13721,1.40297
200.14535,4.10732
200.15349,0.52082
200.16163,4.14234
200.16978,2.66425
200.17792,1.14759
200.18606,0.53523
200.19420,2.84594
200.20235,1.13659
200.21049,0.96379
200.21863,0.77070
200.22677,0.29818
200.23491,0.81359
200.24306,3.69822
200.25120,1.85391
200.25934,0.05992
200.26748,1.39344
200.27563,1.78039
200.28377,0.09393
200.29191,1.57076
200.30005,3.28218
200.30819,4.45870
200.31634,2.07406
200.32448,3.02166
200.33262,0.09690
200.34076,2.98839
200.34891,2.49380
200.35705,3.87072
200.36519,0.39051
200.37333,1.17099
200.38148,0.86311
200.38962,1.58958
200.39776,0.74264
200.40590,2.47602
200.41404,3.43400
200.42219,0.06344
200.43033,0.38685
200.43847,1.39764
200.44661,0.06405
200.45476,1.81282
200.46290,1.35204
200.47104,0.06120
200.47918,0.12493
200.48732,0.10240
200.49547,1.24432
200.50361,0.57918
200.51175,0.41891
200.51989,0.35991
200.52804,1.55799
200.53618,2.64541
200.54432,3.67177
200.55246,4.01284
200.56060,1.32528
200.56875,0.54168
200.57689,0.04498
200.58503,1.97800
200.59317,0.40797
200.60132,0.29473
200.60946,0.86601
200.61760,2.93484
200.62574,1.08745
200.63389,1.14764
200.64203,0.65803
200.65017,0.39276
200.65831,0.11252
200.66645,0.00073
200.67460,0.41990
200.68274,2.45987
200.69088,0.58555
200.69902,2.29541
200.70717,0.72155
200.71531,0.31127
200.72345,0.29057
200.73159,0.10337
200.73973,0.97379
200.74788,0.66431
200.75602,0.25034
200.76416,0.05038
200.77230,0.52114
200.78045,1.53852
200.78859,0.76561
200.79673,1.04742
200.80487,0.09856
200.81302,1.27738
200.82116,1.49982
200.82930,0.34630
200.83744,0.24393
200.84558,0.45804
200.85373,0.80094
200.86187,0.48666
200.87001,0.19832
200.87815,0.88483
200.88630,0.38557
200.89444,3.67048
200.90258,0.71376
200.91072,1.22545
200.91886,0.55104
200.92701,1.40776
200.93515,0.46551
200.94329,2.18571
200.95143,0.20310
200.95958,0.45463
200.96772,0.20305
200.97586,0.75955
200.98400,0.49210
200.99215,1.05324
201.00029,1.09253
201.00843,1.55559
201.01657,0.46808
201.02471,1.89623
201.03286,0.84197
201.04100,1.94156
201.04914,0.31435
201.05728,2.04108
201.06543,1.12643
201.07357,3.00189
201.08171,2.05499
201.08985,2.65967
201.09799,0.73610
201.10614,3.65679
201.11428,1.15170
201.12242,0.37060
201.13056,0.13701
201.13871,1.14450
201.14685,1.82529
201.15499,3.41296
201.16313,0.05674
201.17127,1.32038
201.17942,1.89616
201.18756,0.19500
201.19570,3.59399
201.20384,0.66214
201.21199,0.10082
201.22013,0.38195
201.22827,1.22575
201.23641,0.61193
201.24456,0.54333
201.25270,0.07538
201.26084,0.77408
201.26898,0.14710
201.27712,0.65129
201.28527,0.92243
201.29341,0.44596
201.30155,0.22626
201.30969,3.04383
201.31784,1.44588
201.32598,0.50955
201.33412,0.72543
201.34226,6.79658
201.35040,0.24849
201.35855,4.64903
201.36669,2.85405
201.37483,0.60105
201.38297,0.57539
201.39112,0.53616
201.39926,1.25745
201.40740,0.28993
201.41554,2.62585
201.42369,1.38891
201.43183,0.73251
201.43997,0.20557
201.44811,0.05794
201.45625,0.15560
201.46440,0.57341
201.47254,0.58668
201.48068,0.09167
201.48882,0.16950
201.49697,0.03687
201.50511,2.72491
201.51325,0.02537
201.52139,1.08423
201.52953,3.71822
201.53768,0.32829
201.54582,1.15743
201.55396,2.19842
201.56210,1.64987
201.57025,2.07749
201.57839,0.11557
201.58653,0.24376
201.59467,0.35583
201.60281,0.23728
201.61096,0.16617
201.61910,0.34276
201.62724,0.08778
201.63538,0.08481
201.64353,0.02870
201.65167,0.53211
201.65981,0.13263
201.66795,1.46536
201.67610,0.57291
201.68424,2.80831
201.69238,1.02945
201.70052,1.95685
201.70866,3.53574
201.71681,0.00558
201.72495,0.29605
201.73309,0.52287
201.74123,0.17138
201.74938,0.85869
201.75752,3.05715
201.76566,1.25019
201.77380,0.32484
201.78194,1.14617
201.79009,1.44501
201.79823,0.35397
201.80637,0.57911
201.81451,1.13070
201.82266,0.70989
201.83080,4.06608
201.83894,0.36025
201.84708,1.17488
201.85523,3.47944
201.86337,3.21957
201.87151,1.20897
201.87965,0.49432
201.88779,1.15267
201.89594,0.50682
201.90408,0.98180
201.91222,0.23598
201.92036,0.85158
201.92851,0.10697
201.93665,0.46909
201.94479,0.06287
201.95293,0.36308
201.96107,0.69620
201.96922,0.66321
201.97736,0.31247
201.98550,0.46787
201.99364,0.48876
202.00179,1.42358
202.00993,1.24920
202.01807,5.64442
202.02621,0.05808
202.03436,2.29985
202.04250,1.93391
202.05064,4.41675
202.05878,1.29282
202.06692,1.83371
202.07507,1.96769
202.08321,1.78340
202.09135,0.79279
202.09949,2.90664
202.10764,4.25917
202.11578,2.49278
202.12392,1.66840
202.13206,0.81694
202.14020,1.78144
202.14835,1.50719
202.15649,0.57073
202.16463,1.50292
202.17277,4.72361
202.18092,1.59267
202.18906,1.99992
202.19720,0.26833
202.20534,0.12716
202.21348,1.04690
202.22163,1.33034
202.22977,0.26768
202.23791,2.18322
202.24605,3.05435
202.25420,1.13328
202.26234,1.11559
202.27048,1.37701
202.27862,0.05774
202.28677,0.17059
202.29491,2.37186
202.30305,1.84900
202.31119,0.65332
202.31933,0.28354
202.32748,2.63959
202.33562,0.88911
202.34376,1.53032
202.35190,0.30050
202.36005,0.44394
202.36819,4.09749
202.37633,0.89077
202.38447,0.17875
202.39261,1.97314
202.40076,2.69182
202.40890,0.78615
202.41704,0.48397
202.42518,2.50467
202.43333,0.64779
202.44147,1.09972
202.44961,3.09036
202.45775,2.72562
202.46590,0.00121
202.47404,0.51619
202.48218,0.08735
202.49032,0.17351
202.49846,1.24441
202.50661,0.00358
202.51475,0.00991
202.52289,0.55723
202.53103,0.32122
202.53918,1.28229
202.54732,0.07470
202.55546,0.20778
202.56360,0.51132
202.57174,1.02464
202.57989,0.26013
202.58803,0.46631
202.59617,0.21081
202.60431,0.26716
202.61246,0.04436
202.62060,0.04610
202.62874,0.06899
202.63688,0.13538
202.64502,3.17297
202.65317,2.17462
202.66131,0.17809
202.66945,0.01236
202.67759,1.02630
202.68574,0.05582
202.69388,1.18523
202.70202,4.62034
202.71016,0.05247
202.71831,1.71415
202.72645,1.65370
202.73459,2.01066
202.74273,0.07762
202.75087,0.45890
202.75902,0.65543
202.76716,0.41031
202.77530,1.12879
202.78344,0.99845
202.79159,0.75687
202.79973,0.76858
202.80787,1.07677
202.81601,0.28819
202.82415,0.79975
202.83230,0.49355
202.84044,1.32654
202.84858,0.25770
202.85672,0.03537
202.86487,1.67320
202.87301,0.14199
202.88115,1.33309
202.88929,1.88214
202.89744,0.98979
202.90558,0.41678
202.91372,0.09543
202.92186,0.20930
202.93000,2.36919
202.93815,2.12552
202.94629,1.44141
202.95443,1.57315
202.96257,0.08844
202.97072,0.15401
202.97886,0.00903
202.98700,2.17456
202.99514,0.57086
203.00328,2.85590
203.01143,1.10532
203.01957,2.43348
203.02771,2.55419
203.03585,0.44711
203.04400,2.17468
203.05214,0.74524
203.06028,0.00020
203.06842,1.45237
203.07656,3.48536
203.08471,2.19690
203.09285,0.02700
203.10099,0.12905
203.10913,0.90446
203.11728,1.98436
203.12542,1.05565
203.13356,3.78167
203.14170,0.60474
203.14985,0.04711
203.15799,2.37745
203.16613,1.01258
203.17427,0.28447
203.18241,1.32807
203.19056,4.09660
203.19870,0.19287
203.20684,0.02875
203.21498,0.19913
203.22313,0.73342
203.23127,0.48112
203.23941,0.18458
203.24755,0.66015
203.25569,0.42955
203.26384,0.87895
203.27198,0.22039
203.28012,0.42752
203.28826,0.36119
203.29641,0.81563
203.30455,1.73206
203.31269,0.48478
203.32083,0.64414
203.32898,1.61582
203.33712,0.01425
203.34526,0.39480
203.35340,0.40899
203.36154,1.47721
203.36969,0.24420
203.37783,0.37132
203.38597,0.45256
203.39411,1.31573
203.40226,0.00316
203.41040,0.32586
203.41854,0.08701
203.42668,0.46875
203.43482,0.44551
203.44297,2.61656
203.45111,2.08202
203.45925,0.18046
203.46739,0.47856
203.47554,1.75908
203.48368,0.52704
203.49182,0.71844
203.49996,0.57943
203.50811,0.50060
203.51625,0.10289
203.52439,1.71620
203.53253,0.24332
203.54067,0.31541
203.54882,1.02930
203.55696,0.02251
203.56510,1.32449
203.57324,0.16961
203.58139,0.78412
203.58953,0.96644
203.59767,2.35811
203.60581,1.36229
203.61395,0.19561
203.62210,3.72181
203.63024,0.34377
203.63838,0.15267
203.64652,0.24835
203.65467,0.27506
203.66281,0.10040
203.67095,1.09237
203.67909,0.02830
203.68723,0.88394
203.69538,0.98618
203.70352,0.70336
203.71166,1.04184
203.71980,0.75715
203.72795,0.56861
203.73609,0.31732
203.74423,1.84409
203.75237,0.86144
203.76052,1.56116
203.76866,0.12208
203.77680,1.35534
203.78494,0.12366
203.79308,0.76493
203.80123,0.12403
203.80937,0.58685
203.81751,0.00507
203.82565,1.00888
203.83380,0.75348
203.84194,1.21409
203.85008,0.03637
203.85822,0.46799
203.86636,0.23443
203.87451,0.02095
203.88265,1.16717
203.89079,0.00288
203.89893,0.45670
203.90708,0.33028
203.91522,0.22341
203.92336,0.15117
203.93150,0.77234
203.93965,1.19373
203.94779,1.34240
203.95593,1.79882
203.96407,0.92491
203.97221,2.86218
203.98036,1.12738
203.98850,0.57564
203.99664,2.51955
204.00478,0.22624
204.01293,0.73162
204.02107,1.15146
204.02921,3.35426
204.03735,1.67576
204.04549,0.24656
204.05364,1.89518
204.06178,0.56121
204.06992,0.20992
204.07806,0.05246
204.08621,1.46177
204.09435,0.25457
204.10249,2.12247
204.11063,0.09237
204.11877,0.06304
204.12692,0.16127
204.13506,0.20825
204.14320,0.24686
204.15134,3.67820
204.15949,0.91333
204.16763,3.40747
204.17577,0.78933
204.18391,0.63927
204.19206,0.53750
204.20020,0.11988
204.20834,0.33408
204.21648,0.04432
204.22462,0.40340
204.23277,1.07124
204.24091,0.98257
204.24905,2.51811
204.25719,0.00048
204.26534,1.55012
204.27348,0.04381
204.28162,0.19029
204.28976,3.69557
204.29790,1.83852
204.30605,1.89494
204.31419,0.63270
204.32233,0.00870
204.33047,4.39752
204.33862,2.26269
204.34676,1.20928
204.35490,0.20530
204.36304,0.66548
204.37119,2.28930
204.37933,0.91770
204.38747,2.45333
204.39561,1.66409
204.40375,0.34532
204.41190,0.61765
204.42004,1.13342
204.42818,0.41666
204.43632,0.14124
204.44447,0.82695
204.45261,0.04043
204.46075,5.02084
204.46889,1.48020
204.47703,1.02624
204.48518,1.71371
204.49332,2.17630
204.50146,0.03337
204.50960,0.58952
204.51775,1.27658
204.52589,1.04493
204.53403,0.59545
204.54217,0.67582
204.55032,0.52039
204.55846,0.59150
204.56660,0.49509
204.57474,0.50475
204.58288,1.66411
204.59103,3.51922
204.59917,1.25672
204.60731,0.03117
204.61545,0.04708
204.62360,1.12900
204.63174,0.72139
204.63988,0.46077
204.64802,0.77393
204.65616,0.54326
204.66431,3.51377
204.67245,1.09572
204.68059,0.20585
204.68873,0.37780
204.69688,2.01338
204.70502,0.54057
204.71316,0.24171
204.72130,0.83384
204.72944,1.52638
204.73759,3.75913
204.74573,0.15681
204.75387,0.11940
204.76201,0.44891
204.77016,0.83357
204.77830,0.63699
204.78644,1.81789
204.79458,1.59257
204.80273,0.38981
204.81087,0.65773
204.81901,0.44099
204.82715,0.19382
204.83529,1.51290
204.84344,0.71352
204.85158,0.78577
204.85972,0.33114
204.86786,0.96897
204.87601,0.46665
204.88415,1.66765
204.89229,0.99005
204.90043,1.10726
204.90857,1.00990
204.91672,0.32614
204.92486,0.10068
204.93300,0.59308
204.94114,0.48784
204.94929,0.35308
204.95743,2.86552
204.96557,0.77787
204.97371,0.60148
204.98186,2.70654
204.99000,0.39706
204.99814,0.63391
205.00628,2.66837
205.01442,0.08246
205.02257,0.25809
205.03071,1.45618
205.03885,0.68146
205.04699,0.16861
205.05514,1.67672
205.06328,0.50766
205.07142,0.06293
205.07956,1.48452
205.08770,0.12359
205.09585,0.61400
205.10399,0.81559
205.11213,0.55458
205.12027,0.05227
205.12842,0.35544
205.13656,2.84132
205.14470,1.04510
205.15284,0.06626
205.16098,0.24129
205.16913,2.97565
205.17727,0.14296
205.18541,1.13735
205.19355,0.31917
205.20170,0.11302
205.20984,1.13388
205.21798,0.19185
205.22612,0.16620
205.23427,0.48147
205.24241,5.08122
205.25055,0.71250
205.25869,0.50525
205.26683,0.17952
205.27498,0.43329
205.28312,0.62365
205.29126,0.97254
205.29940,0.74416
205.30755,0.15065
205.31569,1.03272
205.32383,1.62964
205.33197,3.61847
205.34011,0.64532
205.34826,2.65867
205.35640,0.23310
205.36454,0.10099
205.37268,0.37369
205.38083,0.96497
205.38897,0.22856
205.39711,0.31343
205.40525,0.08524
205.41340,0.51952
205.42154,0.08175
205.42968,3.05321
205.43782,0.51342
205.44596,1.43797
205.45411,1.36098
205.46225,0.83430
205.47039,0.22276
205.47853,0.42415
205.48668,2.67791
205.49482,0.04134
205.50296,0.35439
205.51110,0.43342
205.51924,2.25169
205.52739,0.26783
205.53553,0.05221
205.54367,1.08621
205.55181,0.27834
205.55996,0.20206
205.56810,0.01962
205.57624,0.84954
205.58438,1.90897
205.59252,0.23790
205.60067,2.81585
205.60881,0.15425
205.61695,0.24814
205.62509,1.42943
205.63324,5.31722
205.64138,1.10117
205.64952,2.02754
205.65766,0.10009
205.66581,0.12895
205.67395,0.42961
205.68209,1.63843
205.69023,1.22486
205.69837,0.49549
205.70652,2.98310
205.71466,0.57383
205.72280,0.07189
205.73094,0.15163
205.73909,0.38109
205.74723,0.88792
205.75537,0.47647
205.76351,0.08090
205.77165,0.04526
205.77980,0.73019
205.78794,0.18605
205.79608,0.32943
205.80422,0.17606
205.81237,1.84943
205.82051,0.61332
205.82865,0.55897
205.83679,0.07509
205.84494,1.70218
205.85308,1.19536
205.86122,3.04576
205.86936,0.22381
205.87750,0.36648
205.88565,0.17790
205.89379,1.89669
205.90193,0.58529
205.91007,0.25038
205.91822,6.66571
205.92636,1.09267
205.93450,1.58367
205.94264,5.58260
205.95078,1.76691
205.95893,0.23498
205.96707,2.55614
205.97521,0.91562
205.98335,2.37430
205.99150,3.13565
205.99964,3.33562
206.00778,0.93564
206.01592,0.09208
206.02407,1.61134
206.03221,0.49725
206.04035,0.11415
206.04849,0.27151
206.05663,0.18082
206.06478,0.22274
206.07292,0.06209
206.08106,3.45154
206.08920,0.92688
206.09735,0.64302
206.10549,0.07430
206.11363,0.13820
206.12177,0.22284
206.12991,1.30649
206.13806,0.33051
206.14620,1.82737
206.15434,2.24394
206.16248,1.96982
206.17063,0.79285
206.17877,0.63895
206.18691,1.04288
206.19505,0.29570
206.20319,4.87120
206.21134,0.06452
206.21948,0.98376
206.22762,0.43075
206.23576,0.47534
206.24391,1.18319
206.25205,0.31868
206.26019,1.77155
206.26833,0.33411
206.27648,0.33611
206.28462,2.16103
206.29276,0.95961
206.30090,0.02620
206.30904,0.21774
206.31719,1.70880
206.32533,0.40059
206.33347,0.62181
206.34161,1.85491
206.34976,0.79956
206.35790,1.82492
206.36604,4.29125
206.37418,1.90728
206.38232,0.15969
206.39047,0.92863
206.39861,0.36159
206.40675,0.84424
206.41489,0.85586
206.42304,4.83226
206.43118,0.16097
206.43932,0.68068
206.44746,4.13488
206.45561,0.38397
206.46375,2.73079
206.47189,2.36048
206.48003,2.62851
206.48817,2.56495
206.49632,0.95872
206.50446,1.93100
206.51260,0.01183
206.52074,0.28296
206.52889,0.09349
206.53703,0.03498
206.54517,0.68208
206.55331,0.73574
206.56145,1.55488
206.56960,0.31295
206.57774,0.15133
206.58588,0.08040
206.59402,0.08844
206.60217,0.27325
206.61031,3.75692
206.61845,0.02385
206.62659,1.17978
206.63473,1.88606
206.64288,2.14985
206.65102,0.95246
206.65916,0.76047
206.66730,1.30169
206.67545,1.25028
206.68359,0.33846
206.69173,1.83701
206.69987,1.31984
206.70802,1.62018
206.71616,0.37170
206.72430,2.52092
206.73244,0.49069
206.74058,0.74962
206.74873,0.23341
206.75687,0.60772
206.76501,0.82225
206.77315,0.32950
206.78130,0.61641
206.78944,0.14949
206.79758,0.59719
206.80572,2.74654
206.81386,0.99559
206.82201,1.37437
206.83015,3.65330
206.83829,0.16679
206.84643,1.09228
206.85458,0.20148
206.86272,0.23215
206.87086,0.57761
206.87900,1.20989
206.88715,0.63393
206.89529,2.70979
206.90343,1.14979
206.91157,1.67401
206.91971,2.28259
206.92786,0.24941
206.93600,0.39127
206.94414,0.33208
206.95228,1.30038
206.96043,0.06063
206.96857,0.59561
206.97671,2.76931
206.98485,0.60293
206.99299,0.40598
207.00114,1.02231
207.00928,0.66540
207.01742,0.31838
207.02556,0.56670
207.03371,0.85139
207.04185,2.15163
207.04999,1.32593
207.05813,1.27643
207.06628,0.07419
207.07442,0.04286
207.08256,3.21395
207.09070,0.02198
207.09884,0.15869
207.10699,0.80093
207.11513,0.30651
207.12327,0.98044
207.13141,0.93821
207.13956,0.34273
207.14770,1.43719
207.15584,0.08525
207.16398,0.42669
207.17212,0.09507
207.18027,1.17210
207.18841,1.80007
207.19655,1.46005
207.20469,0.59598
207.21284,0.13347
207.22098,0.87201
207.22912,0.25082
207.23726,0.35770
207.24540,0.53786
207.25355,0.41681
207.26169,2.16532
207.26983,0.57310
207.27797,0.49029
207.28612,3.67827
207.29426,1.46045
207.30240,3.34085
207.31054,0.20707
207.31869,0.09935
207.32683,2.26454
207.33497,1.06007
207.34311,1.78901
207.35125,0.13146
207.35940,0.14267
207.36754,0.09597
207.37568,0.02111
207.38382,0.45182
207.39197,0.22883
207.40011,0.17782
207.40825,1.00757
207.41639,1.75929
207.42453,0.62182
207.43268,0.32293
207.44082,0.27845
207.44896,0.05828
207.45710,0.35196
207.46525,0.04482
207.47339,0.88161
207.48153,1.44314
207.48967,2.98155
207.49782,0.37649
207.50596,0.51580
207.51410,1.06194
207.52224,0.02877
207.53038,0.18665
207.53853,0.62181
207.54667,0.27303
207.55481,0.38218
207.56295,0.10115
207.57110,0.97059
207.57924,2.07880
207.58738,0.62474
207.59552,5.91729
207.60366,0.56545
207.61181,2.11944
207.61995,0.62382
207.62809,2.73976
207.63623,3.35683
207.64438,0.04959
207.65252,1.17166
207.66066,1.28942
207.66880,1.44988
207.67694,0.98657
207.68509,0.06295
207.69323,1.72468
207.70137,2.46453
207.70951,1.49159
207.71766,0.01596
207.72580,0.60623
207.73394,2.91471
207.74208,0.42349
207.75023,1.32231
207.75837,0.43464
207.76651,1.24481
207.77465,0.55027
207.78279,0.38557
207.79094,0.27303
207.79908,0.07316
207.80722,0.35047
207.81536,2.55802
207.82351,0.57306
207.83165,0.59514
207.83979,0.87915
207.84793,0.23643
207.85607,2.75932
207.86422,1.76068
207.87236,0.25097
207.88050,1.18404
207.88864,0.44619
207.89679,0.28313
207.90493,1.41109
207.91307,0.52788
207.92121,0.05882
207.92936,1.42826
207.93750,2.56136
207.94564,0.02478
207.95378,0.40192
207.96192,1.51034
207.97007,0.40442
207.97821,0.70552
207.98635,0.42436
207.99449,2.05533
208.00264,4.32358
208.01078,0.81358
208.01892,1.40450
208.02706,0.94645
208.03520,0.59746
208.04335,0.23732
208.05149,2.13032
208.05963,1.89299
208.06777,0.04384
208.07592,2.00297
208.08406,0.93810
208.09220,0.80208
208.10034,0.26278
208.10848,2.21149
208.11663,2.06773
208.12477,0.77553
208.13291,0.06364
208.14105,0.50111
208.14920,1.62389
208.15734,1.30135
208.16548,1.29871
208.17362,0.42064
208.18177,0.89314
208.18991,0.17259
208.19805,0.50195
208.20619,0.25248
208.21433,1.28729
208.22248,0.58355
208.23062,0.27069
208.23876,0.21424
208.24690,1.27529
208.25505,2.19117
208.26319,3.20455
208.27133,0.57928
208.27947,0.56323
208.28761,0.98002
208.29576,0.19570
208.30390,1.93717
208.31204,3.04604
208.32018,0.58605
208.32833,1.12869
208.33647,0.63521
208.34461,0.83425
208.35275,0.31136
208.36090,0.37225
208.36904,2.58322
208.37718,1.00223
208.38532,0.85144
208.39346,0.34138
208.40161,0.00372
208.40975,0.23995
208.41789,0.88461
208.42603,0.27705
208.43418,1.00464
208.44232,0.92177
208.45046,1.77273
208.45860,0.13057
208.46674,0.00461
208.47489,1.74922
208.48303,0.37419
208.49117,1.94773
208.49931,0.14947
208.50746,0.47792
208.51560,1.91628
208.52374,0.35556
208.53188,0.46704
208.54003,0.07087
208.54817,0.54888
208.55631,0.64341
208.56445,0.24056
208.57259,0.01338
208.58074,1.88457
208.58888,1.01322
208.59702,0.48778
208.60516,0.20660
208.61331,0.17254
208.62145,0.64142
208.62959,0.43303
208.63773,0.56398
208.64587,2.10231
208.65402,0.26680
208.66216,1.03112
208.67030,1.31750
208.67844,2.97620
208.68659,0.39455
208.69473,2.12139
208.70287,0.02491
208.71101,0.70282
208.71915,1.41306
208.72730,2.86637
208.73544,0.75625
208.74358,0.63183
208.75172,0.87978
208.75987,1.66807
208.76801,0.02514
208.77615,4.24912
208.78429,2.40939
208.79244,0.29756
208.80058,0.15111
208.80872,0.20227
208.81686,0.42634
208.82500,1.99706
208.83315,1.81205
208.84129,0.99644
208.84943,0.26557
208.85757,0.30422
208.86572,0.06740
208.87386,1.01197
208.88200,0.48344
208.89014,3.32736
208.89828,2.44497
208.90643,1.34280
208.91457,0.89309
208.92271,0.69924
208.93085,4.17137
208.93900,0.94703
208.94714,0.58932
208.95528,1.45716
208.96342,0.36244
208.97157,0.27355
208.97971,0.17858
208.98785,0.62071
208.99599,1.53735
209.00413,2.42607
209.01228,0.15986
209.02042,0.40063
209.02856,1.02829
209.03670,0.21476
209.04485,0.96322
209.05299,0.08359
209.06113,0.38523
209.06927,0.53000
209.07741,0.46056
209.08556,2.08366
209.09370,0.14301
209.10184,0.45056
209.10998,0.52414
209.11813,0.11629
209.12627,1.60408
209.13441,0.92561
209.14255,0.23271
209.15069,1.42258
209.15884,4.84646
209.16698,4.96742
209.17512,0.03811
209.18326,0.71629
209.19141,0.02339
209.19955,0.07966
209.20769,1.20362
209.21583,2.05515
209.22398,1.36905
209.23212,0.23445
209.24026,2.63774
209.24840,1.20844
209.25654,1.59055
209.26469,2.52582
209.27283,0.00295
209.28097,0.28051
209.28911,0.19034
209.29726,0.62137
209.30540,1.23200
209.31354,1.72968
209.32168,1.08985
209.32982,1.10729
209.33797,2.07351
209.34611,0.57520
209.35425,1.82206
209.36239,0.21316
209.37054,5.89088
209.37868,0.67177
209.38682,0.03934
209.39496,0.84942
209.40311,0.35594
209.41125,5.33643
209.41939,0.64531
209.42753,1.66458
209.43567,0.49273
209.44382,2.31916
209.45196,0.66675
209.46010,0.11088
209.46824,0.60890
209.47639,2.66495
209.48453,0.47434
209.49267,1.95836
209.50081,0.72480
209.50895,0.15106
209.51710,0.71564
209.52524,0.33405
209.53338,0.50253
209.54152,0.73911
209.54967,0.05624
209.55781,0.59467
209.56595,1.62048
209.57409,0.13459
209.58224,0.70425
209.59038,4.35666
209.59852,0.18806
209.60666,0.43402
209.61480,2.29478
209.62295,1.99555
209.63109,0.54921
209.63923,1.05617
209.64737,0.00294
209.65552,0.20328
209.66366,1.74803
209.67180,0.27225
209.67994,0.19114
209.68808,3.74071
209.69623,0.76698
209.70437,0.59743
209.71251,1.65933
209.72065,1.12906
209.72880,0.07622
209.73694,0.80204
209.74508,0.54835
209.75322,1.20627
209.76136,3.72291
209.76951,4.03364
209.77765,0.63295
209.78579,3.24883
209.79393,0.10248
209.80208,0.19873
209.81022,1.35458
209.81836,4.03935
209.82650,1.76303
209.83465,0.12829
209.84279,2.33180
209.85093,0.87739
209.85907,0.03457
209.86721,1.01200
209.87536,1.45935
209.88350,2.47790
209.89164,0.56777
209.89978,1.34608
209.90793,2.00357
209.91607,0.29155
209.92421,0.65300
209.93235,0.98595
209.94049,0.65622
209.94864,0.34226
209.95678,2.16423
209.96492,0.30736
209.97306,1.01636
209.98121,0.00964
209.98935,0.82836
209.99749,2.30123
210.00563,2.10575
210.01378,0.22885
210.02192,0.25975
210.03006,1.35338
210.03820,0.02583
210.04634,0.43536
210.05449,1.12202
210.06263,1.29468
210.07077,0.48350
210.07891,1.61252
210.08706,1.48449
210.09520,2.40167
210.10334,0.42002
210.11148,0.56849
210.11962,0.47140
210.12777,1.81890
210.13591,0.70610
210.14405,0.33789
210.15219,1.94708
210.16034,1.13550
210.16848,0.51872
210.17662,1.22663
210.18476,0.81795
210.19290,0.01654
210.20105,2.10895
210.20919,0.06743
210.21733,0.73664
210.22547,0.25812
210.23362,1.23848
210.24176,2.08324
210.24990,0.25855
210.25804,1.68958
210.26619,1.15616
210.27433,1.90216
210.28247,0.40900
210.29061,0.86809
210.29875,0.04061
210.30690,0.28464
210.31504,0.18404
210.32318,1.03620
210.33132,1.27022
210.33947,0.26843
210.34761,1.57559
210.35575,1.37521
210.36389,3.71971
210.37203,0.47815
210.38018,0.56655
210.38832,2.06565
210.39646,2.77161
210.40460,0.40010
210.41275,3.57640
210.42089,0.52678
210.42903,0.29047
210.43717,0.24011
210.44532,0.80984
210.45346,1.13773
210.46160,0.57510
210.46974,0.93474
210.47788,0.22702
210.48603,0.05806
210.49417,1.92670
210.50231,1.67805
210.51045,1.20063
210.51860,1.88148
210.52674,1.32050
210.53488,0.70409
210.54302,3.33726
210.55116,0.24092
210.55931,0.11076
210.56745,2.03920
210.57559,1.55282
210.58373,0.47978
210.59188,0.12396
210.60002,1.77791
210.60816,0.40508
210.61630,1.11117
210.62444,0.68183
210.63259,0.97825
210.64073,0.52567
210.64887,0.05357
210.65701,0.90367
210.66516,1.23948
210.67330,0.67856
210.68144,1.30643
210.68958,0.61633
210.69773,1.07343
210.70587,0.27072
210.71401,0.12220
210.72215,0.46490
210.73029,0.14130
210.73844,0.46493
210.74658,3.18044
210.75472,1.33621
210.76286,0.06013
210.77101,0.67895
210.77915,0.41889
210.78729,0.01318
210.79543,2.01070
210.80357,0.86160
210.81172,0.91647
210.81986,1.71501
210.82800,0.31488
210.83614,2.19539
210.84429,0.17702
210.85243,0.75138
210.86057,0.18458
210.86871,3.19426
210.87686,0.26214
210.88500,0.18977
210.89314,1.14752
210.90128,0.53104
210.90942,1.91668
210.91757,0.01810
210.92571,4.16334
210.93385,1.11955
210.94199,2.83397
210.95014,0.64060
210.95828,1.49842
210.96642,0.32411
210.97456,0.53868
210.98270,0.20551
210.99085,0.49532
210.99899,0.13201
211.00713,0.63209
211.01527,0.32261
211.02342,0.21401
211.03156,0.25067
211.03970,0.47039
211.04784,1.09928
211.05599,1.80477
211.06413,0.56660
211.07227,0.88341
211.08041,0.11761
211.08855,0.04563
211.09670,0.30296
211.10484,0.74507
211.11298,0.22903
211.12112,0.00163
211.12927,0.22682
211.13741,0.52213
211.14555,0.24517
211.15369,1.01538
211.16183,2.28602
211.16998,1.21173
211.17812,0.18206
211.18626,0.02395
211.19440,1.11201
211.20255,0.24089
211.21069,1.61085
211.21883,2.20820
211.22697,0.08092
211.23511,0.20874
211.24326,1.12164
211.25140,1.23817
211.25954,0.78719
211.26768,0.23382
211.27583,0.12613
211.28397,1.77916
211.29211,0.52341
211.30025,1.17051
211.30840,1.33244
211.31654,0.57557
211.32468,0.17119
211.33282,0.15208
211.34096,0.31797
211.34911,0.77312
211.35725,1.95082
211.36539,0.04474
211.37353,0.38111
211.38168,0.24463
211.38982,3.05398
211.39796,0.69789
211.40610,0.34102
211.41424,0.14735
211.42239,1.45267
211.43053,2.71426
211.43867,1.19325
211.44681,0.12618
211.45496,1.11622
211.46310,0.35271
211.47124,0.06288
211.47938,0.05435
211.48753,0.94235
211.49567,0.19962
211.50381,0.51997
211.51195,0.95583
211.52009,0.59695
211.52824,0.10481
211.53638,0.88976
211.54452,0.39117
211.55266,0.11635
211.56081,0.11598
211.56895,1.79758
211.57709,0.16608
211.58523,1.11307
211.59337,0.51146
211.60152,0.66930
211.60966,0.03790
211.61780,1.12576
211.62594,0.01410
211.63409,0.32293
211.64223,0.06192
211.65037,0.99266
211.65851,1.26596
211.66665,0.95019
211.67480,1.18328
211.68294,0.31933
211.69108,0.46178
211.69922,0.29632
211.70737,0.48436
211.71551,2.36806
211.72365,0.41891
211.73179,2.03042
211.73994,1.09081
211.74808,0.34351
211.75622,4.40755
211.76436,1.54518
211.77250,0.08920
211.78065,0.41395
211.78879,0.24893
211.79693,1.24100
211.80507,0.65840
211.81322,0.16262
211.82136,0.58086
211.82950,1.30542
211.83764,2.17448
211.84578,0.84085
211.85393,0.77513
211.86207,2.55790
211.87021,1.55836
211.87835,0.44044
211.88650,1.31605
211.89464,1.24146
211.90278,1.13009
211.91092,1.38914
211.91907,0.18353
211.92721,0.24731
211.93535,0.84211
211.94349,1.76940
211.95163,2.83475
211.95978,0.84190
211.96792,0.60970
211.97606,0.17745
211.98420,0.39086
211.99235,0.27595
212.00049,1.79608
212.00863,0.89626
212.01677,0.38019
212.02491,0.38077
212.03306,0.82772
212.04120,0.80721
212.04934,0.83923
212.05748,1.23891
212.06563,0.59672
212.07377,0.11857
212.08191,0.78436
212.09005,0.01659
212.09820,1.11385
212.10634,1.44924
212.11448,1.95520
212.12262,1.43557
212.13076,1.93514
212.13891,0.39864
212.14705,3.13896
212.15519,1.63689
212.16333,1.10652
212.17148,0.09516
212.17962,1.06377
212.18776,0.96938
212.19590,0.24049
212.20404,0.32274
212.21219,1.15850
212.22033,0.29657
212.22847,0.46735
212.23661,0.18797
212.24476,0.01444
212.25290,0.80793
212.26104,0.48100
212.26918,0.44915
212.27732,1.57013
212.28547,2.76616
212.29361,0.18567
212.30175,2.55116
212.30989,0.15062
212.31804,0.18432
212.32618,0.05830
212.33432,1.84417
212.34246,1.31889
212.35061,0.65420
212.35875,0.11175
212.36689,2.82326
212.37503,1.13531
212.38317,0.31599
212.39132,4.91112
212.39946,1.00376
212.40760,0.19135
212.41574,0.71671
212.42389,1.07225
212.43203,0.95311
212.44017,0.21903
212.44831,0.14560
212.45645,1.60541
212.46460,1.53794
212.47274,0.06999
212.48088,0.28884
212.48902,1.11773
212.49717,0.34119
212.50531,1.11576
212.51345,0.00029
212.52159,0.36463
212.52974,1.27471
212.53788,0.54569
212.54602,0.01141
212.55416,0.91524
212.56230,0.57757
212.57045,0.40459
212.57859,1.07729
212.58673,1.88445
212.59487,1.42781
212.60302,2.02082
212.61116,1.17405
212.61930,2.35076
212.62744,0.40264
212.63558,0.35705
212.64373,0.49392
212.65187,2.57634
212.66001,0.31811
212.66815,0.58233
212.67630,0.32331
212.68444,1.09968
212.69258,0.64529
212.70072,0.06218
212.70886,0.19973
212.71701,1.03137
212.72515,4.40350
212.73329,1.28348
212.74143,0.01944
212.74958,1.77311
212.75772,0.33556
212.76586,0.83902
212.77400,1.80894
212.78215,0.11383
212.79029,2.98267
212.79843,1.04049
212.80657,0.21196
212.81471,1.57889
212.82286,0.24830
212.83100,0.83990
212.83914,0.27199
212.84728,2.27354
212.85543,0.22910
212.86357,1.09397
212.87171,1.07049
212.87985,1.30104
212.88799,0.06346
212.89614,0.08040
212.90428,0.09419
212.91242,0.76397
212.92056,0.71868
212.92871,1.77991
212.93685,2.18303
212.94499,1.48599
212.95313,0.17904
212.96128,1.41060
212.96942,0.66877
212.97756,0.03260
212.98570,4.22743
212.99384,0.34158
213.00199,0.04248
213.01013,1.00978
213.01827,0.14678
213.02641,2.52089
213.03456,1.12199
213.04270,0.13185
213.05084,1.02543
213.05898,0.69594
213.06712,0.04957
213.07527,0.06592
213.08341,2.78962
213.09155,0.78546
213.09969,2.11053
213.10784,0.27452
213.11598,1.23323
213.12412,0.04096
213.13226,0.08179
213.14040,0.17357
213.14855,0.82107
213.15669,0.44185
213.16483,1.46611
213.17297,0.09744
213.18112,1.48174
213.18926,0.20814
213.19740,0.95250
213.20554,0.40463
213.21369,0.65475
213.22183,1.34210
213.22997,0.75929
213.23811,0.59936
213.24625,1.87976
213.25440,4.37754
213.26254,2.01668
213.27068,0.19381
213.27882,0.71819
213.28697,0.27775
213.29511,0.09648
213.30325,4.14297
213.31139,0.24866
213.31953,0.03950
213.32768,1.62474
213.33582,0.78882
213.34396,0.86447
213.35210,1.90710
213.36025,0.00261
213.36839,0.78420
213.37653,0.29179
213.38467,0.16370
213.39282,1.11613
213.40096,0.68204
213.40910,0.29649
213.41724,0.05387
213.42538,2.14949
213.43353,1.05952
213.44167,1.33867
213.44981,0.21170
213.45795,0.11218
213.46610,2.75752
213.47424,0.09169
213.48238,0.19516
213.49052,0.43810
213.49866,0.00191
213.50681,2.91355
213.51495,0.33275
213.52309,1.63066
213.53123,2.23850
213.53938,0.12224
213.54752,2.12429
213.55566,0.01708
213.56380,1.73271
213.57195,0.42683
213.58009,0.33499
213.58823,0.22101
213.59637,0.33232
213.60451,0.73405
213.61266,0.63697
213.62080,1.74533
213.62894,0.26031
213.63708,0.74926
213.64523,0.20325
213.65337,2.05241
213.66151,2.74849
213.66965,0.71229
213.67779,1.82592
213.68594,0.55037
213.69408,1.30557
213.70222,0.40681
213.71036,0.73360
213.71851,0.07988
213.72665,0.91183
213.73479,2.14933
213.74293,0.19170
213.75107,0.85312
213.75922,0.39206
213.76736,1.73464
213.77550,0.01557
213.78364,0.41508
213.79179,0.14828
213.79993,1.09959
213.80807,1.07166
213.81621,0.45899
213.82436,2.04817
213.83250,1.50482
213.84064,1.55071
213.84878,0.17484
213.85692,0.78432
213.86507,0.22711
213.87321,0.03465
213.88135,1.02101
213.88949,0.15999
213.89764,1.00396
213.90578,0.09468
213.91392,1.18717
213.92206,1.04346
213.93020,2.92294
213.93835,6.21731
213.94649,1.70424
213.95463,0.28172
213.96277,1.51544
213.97092,1.03703
213.97906,1.75218
213.98720,0.77687
213.99534,0.15081
214.00349,2.62428
214.01163,0.63985
214.01977,0.42375
214.02791,2.21252
214.03605,0.49571
214.04420,0.09726
214.05234,0.62869
214.06048,0.98862
214.06862,0.73743
214.07677,0.97497
214.08491,0.39994
214.09305,2.00113
214.10119,0.26098
214.10933,1.09627
214.11748,2.22357
214.12562,0.76811
214.13376,0.19829
214.14190,1.02866
214.15005,3.56154
214.15819,0.02444
214.16633,0.30878
214.17447,0.33429
214.18261,2.79963
214.19076,0.24500
214.19890,1.67310
214.20704,0.09637
214.21518,0.84292
214.22333,1.38454
214.23147,0.54661
214.23961,0.15090
214.24775,0.27424
214.25590,0.44916
214.26404,0.37173
214.27218,1.42043
214.28032,0.09498
214.28846,0.44637
214.29661,1.16549
214.30475,0.60460
214.31289,0.60348
214.32103,0.22388
214.32918,0.26959
214.33732,2.47614
214.34546,1.60543
214.35360,1.73265
214.36174,1.77344
214.36989,2.15873
214.37803,0.84421
214.38617,0.94276
214.39431,1.23229
214.40246,0.78574
214.41060,0.32993
214.41874,0.22733
214.42688,1.72491
214.43503,0.37260
214.44317,0.63997
214.45131,1.37714
214.45945,1.25043
214.46759,1.52835
214.47574,1.04441
214.48388,0.11570
214.49202,0.27239
214.50016,1.39770
214.50831,1.41445
214.51645,1.06386
214.52459,0.54944
214.53273,1.96340
214.54087,0.52439
214.54902,0.45027
214.55716,0.60378
214.56530,0.25202
214.57344,0.38188
214.58159,0.10738
214.58973,1.66721
214.59787,0.23883
214.60601,0.41312
214.61416,2.05653
214.62230,1.34903
214.63044,0.14554
214.63858,1.39572
214.64672,0.05769
214.65487,0.56921
214.66301,0.10492
214.67115,0.92040
214.67929,0.61153
214.68744,2.30728
214.69558,2.20965
214.70372,0.44020
214.71186,0.17280
214.72000,2.01173
214.72815,1.62912
214.73629,1.12245
214.74443,0.39961
214.75257,1.45515
214.76072,0.76609
214.76886,2.42374
214.77700,1.90909
214.78514,0.78427
214.79328,1.96735
214.80143,4.02349
214.80957,0.61370
214.81771,0.65319
214.82585,2.26696
214.83400,0.07871
214.84214,3.56439
214.85028,1.89417
214.85842,1.70685
214.86657,1.49439
214.87471,0.45361
214.88285,0.40000
214.89099,1.41624
214.89913,0.26201
214.90728,1.67082
214.91542,2.20945
214.92356,0.23323
214.93170,1.12668
214.93985,1.82341
214.94799,0.98272
214.95613,1.94955
214.96427,0.31479
214.97241,1.35533
214.98056,1.29797
214.98870,1.32981
214.99684,1.28487
215.00498,1.94414
215.01313,0.66167
215.02127,0.57182
215.02941,4.20701
215.03755,0.79764
215.04570,1.77825
215.05384,0.73046
215.06198,1.43860
215.07012,2.11057
215.07826,0.35588
215.08641,1.34485
215.09455,0.27507
215.10269,3.18991
215.11083,1.28963
215.11898,3.71541
215.12712,0.09739
215.13526,0.79662
215.14340,0.78320
215.15154,2.65369
215.15969,2.25107
215.16783,1.29877
215.17597,0.71823
215.18411,0.25939
215.19226,1.07265
215.20040,2.09647
215.20854,0.18120
215.21668,4.18187
215.22482,2.63607
215.23297,0.36849
215.24111,0.97143
215.24925,0.72441
215.25739,0.07750
215.26554,1.76584
215.27368,1.40098
215.28182,1.17755
215.28996,0.68175
215.29811,0.48071
215.30625,2.41406
215.31439,0.10688
215.32253,0.06808
215.33067,0.26828
215.33882,1.47469
215.34696,0.57119
215.35510,0.30719
215.36324,5.67257
215.37139,2.11249
215.37953,1.20187
215.38767,0.12151
215.39581,0.16500
215.40395,0.00025
215.41210,3.58375
215.42024,0.23876
215.42838,2.45380
215.43652,0.00727
215.44467,0.39740
215.45281,0.23599
215.46095,0.02521
215.46909,3.46743
215.47724,0.97911
215.48538,0.00111
215.49352,0.36628
215.50166,0.52077
215.50980,0.04348
215.51795,0.69858
215.52609,1.96835
215.53423,0.12969
215.54237,2.26449
215.55052,1.63730
215.55866,0.81733
215.56680,0.17047
215.57494,0.81536
215.58308,0.50095
215.59123,0.51911
215.59937,0.83078
215.60751,0.05564
215.61565,1.66114
215.62380,0.79577
215.63194,0.02528
215.64008,1.64286
215.64822,0.65461
215.65636,5.98182
215.66451,1.15182
215.67265,1.51612
215.68079,0.13054
215.68893,2.17476
215.69708,1.55734
215.70522,1.18557
215.71336,0.46275
215.72150,1.28688
215.72965,0.20827
215.73779,0.35063
215.74593,0.51702
215.75407,1.50395
215.76221,0.08762
215.77036,0.64527
215.77850,0.87616
215.78664,2.43199
215.79478,0.46187
215.80293,1.12195
215.81107,0.13837
215.81921,1.17620
215.82735,1.25398
215.83549,0.84503
215.84364,2.70574
215.85178,0.25827
215.85992,0.43701
215.86806,2.32985
215.87621,0.08699
215.88435,4.35147
215.89249,2.66228
215.90063,1.57999
215.90878,0.07582
215.91692,0.56511
215.92506,1.04216
215.93320,0.72903
215.94134,0.20475
215.94949,0.14378
215.95763,0.41878
215.96577,0.15501
215.97391,0.56090
215.98206,0.11434
215.99020,0.99437
215.99834,1.66236
216.00648,0.60995
216.01462,0.09187
216.02277,0.26081
216.03091,1.84385
216.03905,2.13958
216.04719,0.80383
216.05534,0.04018
216.06348,0.74193
216.07162,0.93167
216.07976,0.05623
216.08791,0.52448
216.09605,4.97785
216.10419,1.66641
216.11233,4.17322
216.12047,0.18321
216.12862,1.98252
216.13676,0.20335
216.14490,2.62785
216.15304,1.95145
216.16119,4.37589
216.16933,0.97443
216.17747,0.01117
216.18561,0.36056
216.19375,0.68344
216.20190,1.00326
216.21004,0.53802
216.21818,1.04762
216.22632,0.25521
216.23447,0.94133
216.24261,0.36497
216.25075,1.19839
216.25889,1.88672
216.26703,0.57235
216.27518,2.04740
216.28332,1.50278
216.29146,0.87676
216.29960,1.79540
216.30775,0.05213
216.31589,1.32822
216.32403,2.18989
216.33217,1.30536
216.34032,0.52743
216.34846,0.01064
216.35660,0.24247
216.36474,0.39128
216.37288,0.01540
216.38103,3.83318
216.38917,1.61861
216.39731,0.40146
216.40545,0.77133
216.41360,0.76241
216.42174,1.81147
216.42988,0.25846
216.43802,0.00735
216.44616,0.17539
216.45431,0.49279
216.46245,1.60675
216.47059,1.44107
216.47873,0.17125
216.48688,0.85584
216.49502,0.04422
216.50316,0.64476
216.51130,0.57428
216.51945,0.08652
216.52759,0.50878
216.53573,0.34421
216.54387,0.41977
216.55201,1.24795
216.56016,0.06152
216.56830,0.20545
216.57644,0.06866
216.58458,1.87898
216.59273,0.88265
216.60087,0.30443
216.60901,1.68747
216.61715,0.61583
216.62529,1.87455
216.63344,1.34026
216.64158,0.68225
216.64972,0.34283
216.65786,1.92000
216.66601,1.86062
216.67415,0.11317
216.68229,1.07477
216.69043,3.19645
216.69857,0.85997
216.70672,0.46136
216.71486,1.05181
216.72300,0.05526
216.73114,0.25199
216.73929,0.69809
216.74743,0.87303
216.75557,2.46494
216.76371,0.24141
216.77186,1.32588
216.78000,0.01441
216.78814,1.01339
216.79628,0.63169
216.80442,0.82506
216.81257,1.37243
216.82071,0.36316
216.82885,0.16058
216.83699,0.80914
216.84514,2.09121
216.85328,0.94713
216.86142,0.23709
216.86956,0.11571
216.87770,0.04898
216.88585,0.47755
216.89399,0.22474
216.90213,0.10505
216.91027,0.53890
216.91842,4.10145
216.92656,0.14562
216.93470,0.07819
216.94284,0.15671
216.95099,3.27195
216.95913,0.82036
216.96727,1.70522
216.97541,0.34051
216.98355,1.43710
216.99170,2.29559
216.99984,1.38806
217.00798,1.84086
217.01612,1.30530
217.02427,0.10749
217.03241,0.30493
217.04055,3.81782
217.04869,0.34563
217.05683,0.20277
217.06498,1.86208
217.07312,1.90104
217.08126,0.41763
217.08940,1.55258
217.09755,3.28524
217.10569,0.70669
217.11383,0.08557
217.12197,0.03065
217.13011,0.35302
217.13826,0.00939
217.14640,0.51476
217.15454,0.06102
217.16268,1.13676
217.17083,2.32726
217.17897,0.34921
217.18711,2.05080
217.19525,3.15451
217.20340,1.44245
217.21154,0.32860
217.21968,0.37276
217.22782,0.18409
217.23596,0.64536
217.24411,0.00503
217.25225,1.08271
217.26039,0.90412
217.26853,1.07982
217.27668,0.24188
217.28482,0.45829
217.29296,2.32083
217.30110,0.01787
217.30924,0.95724
217.31739,0.28316
217.32553,0.29219
217.33367,1.71555
217.34181,0.25342
217.34996,0.40147
217.35810,0.21164
217.36624,1.96806
217.37438,0.61737
217.38253,0.27043
217.39067,3.32327
217.39881,1.35388
217.40695,0.05848
217.41509,0.07761
217.42324,0.06132
217.43138,0.25462
217.43952,0.03475
217.44766,0.12961
217.45581,0.69206
217.46395,1.13798
217.47209,4.63323
217.48023,2.03929
217.48837,0.50313
217.49652,1.45923
217.50466,0.24761
217.51280,0.81679
217.52094,0.88344
217.52909,1.32460
217.53723,0.70801
217.54537,2.09207
217.55351,0.40945
217.56166,1.56935
217.56980,1.95757
217.57794,5.16190
217.58608,1.31282
217.59422,0.13507
217.60237,0.58883
217.61051,0.36548
217.61865,0.55874
217.62679,0.59571
217.63494,1.64301
217.64308,0.86285
217.65122,0.25933
217.65936,0.39500
217.66750,0.39881
217.67565,0.52614
217.68379,0.25358
217.69193,4.59572
217.70007,0.64088
217.70822,0.57298
217.71636,4.31606
217.72450,3.38832
217.73264,2.61760
217.74078,1.16072
217.74893,0.06204
217.75707,0.34159
217.76521,1.41202
217.77335,1.56199
217.78150,0.79206
217.78964,0.39904
217.79778,0.05326
217.80592,0.00512
217.81407,0.38607
217.82221,0.64903
217.83035,0.16522
217.83849,0.40652
217.84663,0.00454
217.85478,0.13909
217.86292,0.23318
217.87106,0.58285
217.87920,1.43630
217.88735,0.01894
217.89549,0.61463
217.90363,0.58367
217.91177,1.02029
217.91991,0.83147
217.92806,0.95615
217.93620,0.30084
217.94434,1.65954
217.95248,0.44517
217.96063,0.99466
217.96877,0.89969
217.97691,0.14631
217.98505,0.49851
217.99320,0.12811
218.00134,0.36178
218.00948,0.67532
218.01762,1.27339
218.02576,0.01298
218.03391,0.32965
218.04205,0.25044
218.05019,1.23791
218.05833,0.10470
218.06648,0.26535
218.07462,1.42527
218.08276,1.18064
218.09090,2.01401
218.09904,0.03922
218.10719,0.04334
218.11533,1.00387
218.12347,0.27599
218.13161,0.68129
218.13976,0.79790
218.14790,2.50193
218.15604,2.24324
218.16418,1.29688
218.17232,0.01314
218.18047,0.38789
218.18861,1.25246
218.19675,0.71337
218.20489,1.42878
218.21304,0.77756
218.22118,0.39145
218.22932,0.19781
218.23746,0.35854
218.24561,0.08885
218.25375,0.42716
218.26189,0.67984
218.27003,0.21726
218.27817,0.45418
218.28632,0.46831
218.29446,7.27386
218.30260,2.16919
218.31074,0.82166
218.31889,2.58989
218.32703,0.61158
218.33517,0.99850
218.34331,0.99721
218.35145,0.98607
218.35960,0.21373
218.36774,0.00053
218.37588,0.90424
218.38402,0.57859
218.39217,0.49426
218.40031,0.17512
218.40845,0.12074
218.41659,0.59517
218.42474,0.09604
218.43288,1.24468
218.44102,1.50492
218.44916,0.03097
218.45730,0.00168
218.46545,1.22991
218.47359,1.11616
218.48173,3.82860
218.48987,0.36840
218.49802,0.42431
218.50616,0.17729
218.51430,0.94779
218.52244,0.22887
218.53058,0.51532
218.53873,0.81666
218.54687,8.01091
218.55501,2.77448
218.56315,0.74499
218.57130,2.99475
218.57944,0.37615
218.58758,0.58592
218.59572,0.61749
218.60387,0.09966
218.61201,1.40960
218.62015,0.61799
218.62829,2.44854
218.63643,0.76752
218.64458,1.37563
218.65272,0.69262
218.66086,0.16819
218.66900,0.81275
218.67715,0.34252
218.68529,1.80534
218.69343,1.07287
218.70157,0.13439
218.70971,2.92288
218.71786,2.97526
218.72600,0.52710
218.73414,0.19205
218.74228,0.55322
218.75043,0.41833
218.75857,0.99086
218.76671,1.78757
218.77485,0.83976
218.78299,0.69417
218.79114,2.79851
218.79928,0.79116
218.80742,1.05130
218.81556,0.06860
218.82371,1.22722
218.83185,0.71014
218.83999,0.36209
218.84813,0.39033
218.85628,1.00467
218.86442,0.41560
218.87256,0.00252
218.88070,0.53971
218.88884,0.06703
218.89699,0.96611
218.90513,1.74984
218.91327,0.33152
218.92141,0.20231
218.92956,1.66872
218.93770,0.06888
218.94584,0.43136
218.95398,0.27128
218.96212,0.06443
218.97027,0.52706
218.97841,0.30051
218.98655,1.18793
218.99469,3.00806
219.00284,0.34386
219.01098,0.05337
219.01912,0.66268
219.02726,0.20571
219.03541,0.00526
219.04355,2.68338
219.05169,0.53805
219.05983,0.01830
219.06797,3.04884
219.07612,1.46080
219.08426,0.18351
219.09240,0.46554
219.10054,2.56311
219.10869,1.08569
219.11683,1.28459
219.12497,0.70809
219.13311,0.63831
219.14125,0.19627
219.14940,0.37134
219.15754,0.89262
219.16568,0.11975
219.17382,3.42164
219.18197,0.65990
219.19011,0.80108
219.19825,0.83148
219.20639,0.53444
219.21453,0.73709
219.22268,0.87816
219.23082,0.29036
219.23896,3.18960
219.24710,1.25478
219.25525,0.13426
219.26339,0.52236
219.27153,3.05934
219.27967,0.11539
219.28782,1.50971
219.29596,0.56982
219.30410,0.82868
219.31224,0.36950
219.32038,1.81739
219.32853,0.33554
219.33667,0.11826
219.34481,0.11695
219.35295,0.55428
219.36110,1.86773
219.36924,1.01531
219.37738,0.22312
219.38552,0.47142
219.39366,1.23029
219.40181,1.39984
219.40995,2.30804
219.41809,1.36438
219.42623,0.33599
219.43438,0.57878
219.44252,0.56700
219.45066,0.61544
219.45880,3.75711
219.46695,4.05725
219.47509,0.67515
219.48323,0.15361
219.49137,1.82718
219.49951,4.05978
219.50766,0.01405
219.51580,0.15548
219.52394,0.69050
219.53208,0.26564
219.54023,0.53942
219.54837,1.50143
219.55651,1.22557
219.56465,2.04325
219.57279,0.48561
219.58094,0.16256
219.58908,3.26427
219.59722,1.46754
219.60536,1.02076
219.61351,1.75553
219.62165,0.84553
219.62979,0.31625
219.63793,1.55515
219.64607,1.54280
219.65422,2.38074
219.66236,0.15649
219.67050,0.84597
219.67864,0.61122
219.68679,4.22654
219.69493,0.26448
219.70307,1.96052
219.71121,2.05361
219.71936,0.93243
219.72750,0.54902
219.73564,0.45628
219.74378,1.05258
219.75192,0.05596
219.76007,0.66267
219.76821,0.13906
219.77635,0.16712
219.78449,0.76794
219.79264,1.49702
219.80078,0.75139
219.80892,0.58910
219.81706,0.67925
219.82520,4.21927
219.83335,0.30638
219.84149,0.17074
219.84963,0.71707
219.85777,0.15708
219.86592,0.12898
219.87406,3.45008
219.88220,1.01456
219.89034,0.72598
219.89849,4.14433
219.90663,3.35107
219.91477,0.54983
219.92291,0.15468
219.93105,0.89847
219.93920,0.56094
219.94734,0.17962
219.95548,0.77225
219.96362,0.50321
219.97177,1.82722
219.97991,1.23165
219.98805,0.61841
219.99619,3.26631
220.00433,1.11883
220.01248,0.65148
220.02062,0.76303
220.02876,0.08830
220.03690,1.18521
220.04505,2.94763
220.05319,1.40780
220.06133,0.23206
220.06947,1.01389
220.07762,0.22492
220.08576,1.05727
220.09390,0.93598
220.10204,0.54961
220.11018,0.77556
220.11833,0.72693
220.12647,0.18382
220.13461,2.11449
220.14275,0.09514
220.15090,1.20725
220.15904,0.28361
220.16718,0.50181
220.17532,2.03149
220.18346,0.46616
220.19161,0.50782
220.19975,0.76849
220.20789,0.79510
220.21603,0.04936
220.22418,1.64654
220.23232,2.97567
220.24046,1.66405
220.24860,0.88495
220.25674,0.42162
220.26489,0.81931
220.27303,1.09468
220.28117,1.75089
220.28931,1.19316
220.29746,1.13273
220.30560,1.56671
220.31374,0.29621
220.32188,0.74981
220.33003,0.22214
220.33817,2.84683
220.34631,0.01744
220.35445,1.07797
220.36259,1.41247
220.37074,0.36404
220.37888,0.06054
220.38702,0.13024
220.39516,0.15132
220.40331,0.67652
220.41145,1.32243
220.41959,0.47671
220.42773,0.41198
220.43587,0.23645
220.44402,1.10167
220.45216,0.23384
220.46030,1.37037
220.46844,1.49630
220.47659,1.38469
220.48473,1.39519
220.49287,0.75923
220.50101,0.46444
220.50916,3.30546
220.51730,0.25540
220.52544,0.08262
220.53358,1.22704
220.54172,1.13084
220.54987,1.33356
220.55801,2.21785
220.56615,0.99481
220.57429,4.79527
220.58244,1.35398
220.59058,0.39372
220.59872,3.26543
220.60686,0.26214
220.61500,2.62211
220.62315,0.43458
220.63129,0.79902
220.63943,1.27063
220.64757,0.01838
220.65572,0.28641
220.66386,0.83399
220.67200,0.23006
220.68014,2.82803
220.68828,0.81696
220.69643,1.27745
220.70457,0.58305
220.71271,0.00846
220.72085,0.07045
220.72900,0.29182
220.73714,0.73181
220.74528,0.31993
220.75342,1.85881
220.76157,1.27655
220.76971,0.66113
220.77785,0.17164
220.78599,0.03483
220.79413,1.01122
220.80228,0.28243
220.81042,0.03399
220.81856,0.02909
220.82670,0.55447
220.83485,0.22855
220.84299,0.08355
220.85113,1.27163
220.85927,0.53943
220.86741,0.38396
220.87556,0.85389
220.88370,0.63774
220.89184,0.81680
220.89998,0.66980
220.90813,0.12923
220.91627,5.22078
220.92441,2.08507
220.93255,0.66501
220.94070,0.22896
220.94884,0.09622
220.95698,0.21849
220.96512,1.23307
220.97326,2.15668
220.98141,0.51029
220.98955,0.48328
220.99769,0.45606
221.00583,0.64499
221.01398,0.12510
221.02212,1.15137
221.03026,0.11914
221.03840,1.10568
221.04654,2.28325
221.05469,0.11412
221.06283,0.06199
221.07097,1.32853
221.07911,0.50529
221.08726,0.30165
221.09540,2.97898
221.10354,0.04987
221.11168,0.06955
221.11983,0.17336
221.12797,0.17816
221.13611,0.78853
221.14425,3.14802
221.15239,2.03787
221.16054,3.91808
221.16868,0.29020
221.17682,0.54606
221.18496,2.92247
221.19311,5.18526
221.20125,1.76158
221.20939,2.73487
221.21753,1.80462
221.22567,4.32337
221.23382,2.40853
221.24196,1.10421
221.25010,0.47040
221.25824,0.54354
221.26639,0.20074
221.27453,0.07849
221.28267,0.35949
221.29081,0.78015
221.29895,1.76694
221.30710,1.74077
221.31524,0.54800
221.32338,0.77450
221.33152,1.18869
221.33967,0.70262
221.34781,0.09096
221.35595,2.74258
221.36409,2.65115
221.37224,0.13908
221.38038,0.39794
221.38852,0.37087
221.39666,0.23032
221.40480,0.22341
221.41295,0.37373
221.42109,0.18901
221.42923,0.58805
221.43737,0.14316
221.44552,1.13193
221.45366,0.56124
221.46180,0.54553
221.46994,0.55050
221.47808,2.10068
221.48623,4.35840
221.49437,0.96006
221.50251,0.84010
221.51065,0.64293
221.51880,0.16931
221.52694,0.41944
221.53508,0.00540
221.54322,0.29950
221.55137,0.09648
221.55951,1.24049
221.56765,3.39864
221.57579,0.19652
221.58393,0.60251
221.59208,0.65273
221.60022,0.33135
221.60836,0.60460
221.61650,0.21367
221.62465,0.39260
221.63279,0.39225
221.64093,1.11105
221.64907,0.63262
221.65721,0.16832
221.66536,1.03704
221.67350,1.21147
221.68164,0.98227
221.68978,0.09176
221.69793,0.41671
221.70607,0.90074
221.71421,1.07318
221.72235,0.69236
221.73049,2.53414
221.73864,0.28097
221.74678,2.73006
221.75492,1.46310
221.76306,0.11765
221.77121,1.23171
221.77935,1.18254
221.78749,0.15893
221.79563,0.68490
221.80378,0.77200
221.81192,0.67370
221.82006,0.54366
221.82820,0.00028
221.83634,0.77791
221.84449,0.00641
221.85263,2.88751
221.86077,0.03077
221.86891,0.65219
221.87706,1.95478
221.88520,1.20755
221.89334,0.19102
221.90148,1.74339
221.90962,0.63302
221.91777,1.00049
221.92591,0.05702
221.93405,0.32628
221.94219,0.93254
221.95034,0.33423
221.95848,1.37366
221.96662,0.58356
221.97476,2.31538
221.98291,0.30148
221.99105,0.72724
221.99919,0.21505
222.00733,1.78617
222.01547,0.16104
222.02362,0.71680
222.03176,0.61253
222.03990,0.21577
222.04804,1.05080
222.05619,0.34980
222.06433,1.53471
222.07247,0.20967
222.08061,1.35026
222.08875,0.96926
222.09690,2.45695
222.10504,0.27869
222.11318,0.26136
222.12132,0.94134
222.12947,1.44044
222.13761,0.81072
222.14575,0.07302
222.15389,1.22770
222.16203,0.21334
222.17018,1.50937
222.17832,1.62210
222.18646,0.11504
222.19460,0.56016
222.20275,0.15943
222.21089,0.74337
222.21903,0.24587
222.22717,1.83449
222.23532,0.47330
222.24346,1.22344
222.25160,0.80536
222.25974,0.36487
222.26788,0.68483
222.27603,1.57703
222.28417,0.06169
222.29231,0.55987
222.30045,1.36438
222.30860,0.48785
222.31674,0.11327
222.32488,0.69178
222.33302,0.23633
222.34116,0.87834
222.34931,2.81176
222.35745,0.24994
222.36559,1.67758
222.37373,1.42423
222.38188,1.02065
222.39002,0.28755
222.39816,0.64369
222.40630,0.39968
222.41445,0.48341
222.42259,0.06544
222.43073,0.13034
222.43887,0.32700
222.44701,3.81975
222.45516,0.21380
222.46330,0.61951
222.47144,0.54308
222.47958,0.15005
222.48773,0.59389
222.49587,0.09265
222.50401,2.19249
222.51215,0.80249
222.52029,0.66363
222.52844,1.00134
222.53658,1.05736
222.54472,0.03985
222.55286,0.54461
222.56101,0.32354
222.56915,0.67329
222.57729,0.14091
222.58543,0.96084
222.59358,2.14594
222.60172,1.74546
222.60986,1.76132
222.61800,0.04389
222.62614,0.18368
222.63429,0.81264
222.64243,2.08083
222.65057,0.11100
222.65871,0.36885
222.66686,0.06039
222.67500,1.11862
222.68314,0.39126
222.69128,0.64622
222.69942,2.07569
222.70757,0.79985
222.71571,1.67204
222.72385,0.97795
222.73199,0.29240
222.74014,0.72913
222.74828,0.04918
222.75642,0.46367
222.76456,2.49616
222.77270,0.77750
222.78085,0.51172
222.78899,0.07303
222.79713,1.16543
222.80527,0.62753
222.81342,0.81617
222.82156,0.10244
222.82970,0.58617
222.83784,0.17506
222.84599,1.02078
222.85413,0.66128
222.86227,0.61659
222.87041,0.87019
222.87855,0.26538
222.88670,0.11151
222.89484,2.06271
222.90298,2.31746
222.91112,1.09275
222.91927,1.25303
222.92741,1.29208
222.93555,0.26202
222.94369,0.49515
222.95183,1.60428
222.95998,0.09640
222.96812,0.83596
222.97626,2.58227
222.98440,1.06996
222.99255,1.63536
223.00069,1.96345
223.00883,0.88821
223.01697,0.05928
223.02512,0.80965
223.03326,1.92796
223.04140,2.20745
223.04954,0.63973
223.05768,0.77191
223.06583,3.06363
223.07397,1.95000
223.08211,0.35113
223.09025,0.28060
223.09840,0.52721
223.10654,0.47168
223.11468,1.07814
223.12282,0.50069
223.13096,0.00854
223.13911,0.54911
223.14725,1.39282
223.15539,0.34108
223.16353,1.56605
223.17168,0.40100
223.17982,0.89241
223.18796,0.10200
223.19610,2.44685
223.20424,0.75081
223.21239,0.93161
223.22053,0.91956
223.22867,3.21855
223.23681,0.57359
223.24496,0.16076
223.25310,0.27277
223.26124,0.67015
223.26938,0.47276
223.27753,0.33333
223.28567,0.05802
223.29381,0.28623
223.30195,1.60554
223.31009,0.26573
223.31824,0.02122
223.32638,0.00710
223.33452,2.58460
223.34266,0.50588
223.35081,0.13642
223.35895,1.02693
223.36709,0.95570
223.37523,1.03770
223.38337,0.95336
223.39152,1.05857
223.39966,0.59595
223.40780,0.32076
223.41594,2.35764
223.42409,0.58544
223.43223,2.20014
223.44037,1.11386
223.44851,0.98222
223.45666,0.87572
223.46480,1.95536
223.47294,1.21253
223.48108,0.58247
223.48922,1.15552
223.49737,1.04160
223.50551,2.64411
223.51365,0.24502
223.52179,0.75119
223.52994,0.31362
223.53808,2.63614
223.54622,0.80380
223.55436,1.07760
223.56250,0.77970
223.57065,2.41750
223.57879,0.92867
223.58693,1.23528
223.59507,1.35548
223.60322,0.08754
223.61136,1.77665
223.61950,0.33597
223.62764,0.90686
223.63579,0.90744
223.64393,0.54338
223.65207,0.78478
223.66021,0.72916
223.66835,0.25411
223.67650,0.62259
223.68464,0.06441
223.69278,0.51973
223.70092,0.27264
223.70907,2.02758
223.71721,2.31803
223.72535,0.54860
223.73349,0.32827
223.74163,1.32299
223.74978,0.67411
223.75792,0.36721
223.76606,0.83752
223.77420,0.20634
223.78235,2.28441
223.79049,0.22500
223.79863,1.64859
223.80677,4.59949
223.81491,0.44194
223.82306,3.15770
223.83120,0.23475
223.83934,0.52982
223.84748,0.06487
223.85563,0.54803
223.86377,1.48583
223.87191,1.10453
223.88005,0.64873
223.88820,0.23564
223.89634,0.10108
223.90448,2.10959
223.91262,0.00752
223.92076,1.87533
223.92891,0.25065
223.93705,5.52835
223.94519,2.57680
223.95333,1.07795
223.96148,0.24546
223.96962,0.05544
223.97776,0.09834
223.98590,1.66710
223.99404,0.41916
224.00219,0.06900
224.01033,1.61368
224.01847,0.08338
224.02661,0.31785
224.03476,0.83693
224.04290,2.68899
224.05104,1.67672
224.05918,0.74468
224.06733,0.27374
224.07547,0.41627
224.08361,0.61935
224.09175,1.28351
224.09989,0.35284
224.10804,0.15952
224.11618,0.47770
224.12432,0.21760
224.13246,0.90821
224.14061,0.64085
224.14875,0.12980
224.15689,0.10925
224.16503,1.10794
224.17317,0.26270
224.18132,0.96833
224.18946,0.06932
224.19760,0.17833
224.20574,0.22265
224.21389,0.24490
224.22203,0.21220
224.23017,1.32653
224.23831,0.78363
224.24645,0.12520
224.25460,0.11915
224.26274,1.90416
224.27088,0.73623
224.27902,0.01294
224.28717,1.38740
224.29531,0.03259
224.30345,0.19156
224.31159,2.17581
224.31974,1.65697
224.32788,1.52999
224.33602,0.51502
224.34416,1.12177
224.35230,0.48822
224.36045,1.24303
224.36859,0.54828
224.37673,0.43875
224.38487,0.72627
224.39302,0.57068
224.40116,0.28343
224.40930,1.35104
224.41744,3.51525
224.42558,0.36245
224.43373,0.13982
224.44187,1.18725
224.45001,0.83431
224.45815,0.43796
224.46630,0.00769
224.47444,0.95846
224.48258,0.08092
224.49072,0.93382
224.49887,0.61919
224.50701,0.68887
224.51515,2.23567
224.52329,4.28494
224.53143,0.05975
224.53958,2.28913
224.54772,0.45923
224.55586,1.47958
224.56400,1.55483
224.57215,0.15321
224.58029,0.34876
224.58843,0.34881
224.59657,1.12058
224.60471,0.82184
224.61286,3.72895
224.62100,2.20916
224.62914,1.91866
224.63728,1.24569
224.64543,0.43830
224.65357,0.41323
224.66171,0.94018
224.66985,0.26810
224.67799,1.50736
224.68614,0.04233
224.69428,0.35129
224.70242,0.67496
224.71056,1.08758
224.71871,0.36029
224.72685,0.86564
224.73499,0.27408
224.74313,0.03598
224.75128,0.24791
224.75942,0.85209
224.76756,0.30962
224.77570,0.52502
224.78384,0.06663
224.79199,0.69195
224.80013,1.04539
224.80827,0.68969
224.81641,0.47534
224.82456,1.30933
224.83270,0.45449
224.84084,0.46519
224.84898,0.21253
224.85712,0.26322
224.86527,1.96081
224.87341,0.34781
224.88155,0.02922
224.88969,1.04553
224.89784,0.57260
224.90598,1.64057
224.91412,0.58593
224.92226,1.95467
224.93041,0.44439
224.93855,1.51816
224.94669,1.49328
224.95483,2.56078
224.96297,1.02720
224.97112,0.70669
224.97926,0.79717
224.98740,1.33650
224.99554,0.15217
225.00369,0.08778
225.01183,0.07223
225.01997,0.38206
225.02811,0.40451
225.03625,0.71278
225.04440,0.60920
225.05254,0.38568
225.06068,0.63306
225.06882,0.48810
225.07697,0.67777
225.08511,0.35848
225.09325,0.70724
225.10139,0.27576
225.10954,0.61973
225.11768,0.67533
225.12582,0.46427
225.13396,1.30680
225.14210,1.87320
225.15025,0.30823
225.15839,2.95980
225.16653,0.05962
225.17467,0.16611
225.18282,1.22600
225.19096,0.25213
225.19910,1.08271
225.20724,0.66655
225.21538,0.90248
225.22353,0.79545
225.23167,1.26219
225.23981,0.76949
225.24795,0.83150
225.25610,0.08017
225.26424,1.39151
225.27238,1.06518
225.28052,0.27260
225.28866,0.45240
225.29681,0.29222
225.30495,0.82921
225.31309,0.92298
225.32123,0.67013
225.32938,0.60117
225.33752,2.71552
225.34566,0.34940
225.35380,2.19519
225.36195,0.58145
225.37009,0.25406
225.37823,2.11664
225.38637,2.13893
225.39451,1.56365
225.40266,1.22998
225.41080,0.24282
225.41894,1.19224
225.42708,1.44943
225.43523,1.06948
225.44337,1.67104
225.45151,0.68403
225.45965,0.97715
225.46779,3.41520
225.47594,0.98742
225.48408,1.04696
225.49222,0.04532
225.50036,0.19911
225.50851,0.70398
225.51665,0.15447
225.52479,0.00594
225.53293,0.20562
225.54108,0.69938
225.54922,0.52857
225.55736,0.20602
225.56550,0.21169
225.57364,0.39719
225.58179,0.03050
225.58993,0.23199
225.59807,1.80856
225.60621,2.57796
225.61436,0.92548
225.62250,0.09183
225.63064,2.58653
225.63878,0.48129
225.64692,0.19779
225.65507,0.41794
225.66321,0.75178
225.67135,0.25652
225.67949,0.46782
225.68764,0.40886
225.69578,0.94700
225.70392,2.24743
225.71206,0.94728
225.72020,0.93626
225.72835,0.39150
225.73649,1.16496
225.74463,0.15788
225.75277,0.57182
225.76092,0.30223
225.76906,0.12556
225.77720,1.13560
225.78534,0.17742
225.79349,3.06072
225.80163,2.15952
225.80977,0.87992
225.81791,0.12595
225.82605,0.75366
225.83420,0.54125
225.84234,0.18477
225.85048,2.52225
225.85862,1.36406
225.86677,1.04665
225.87491,0.02801
225.88305,0.86207
225.89119,1.40448
225.89933,0.01682
225.90748,0.71825
225.91562,0.63360
225.92376,2.31406
225.93190,3.05409
225.94005,1.11170
225.94819,0.65489
225.95633,0.04474
225.96447,0.83558
225.97262,3.56060
225.98076,0.34434
225.98890,0.21915
225.99704,0.38681
226.00518,1.18943
226.01333,1.81280
226.02147,0.56136
226.02961,0.01827
226.03775,0.11466
226.04590,1.64456
226.05404,0.97105
226.06218,0.56352
226.07032,2.01874
226.07846,2.16649
226.08661,0.69097
226.09475,0.20442
226.10289,0.05569
226.11103,0.91662
226.11918,1.57993
226.12732,0.51136
226.13546,2.26401
226.14360,3.24034
226.15175,0.24516
226.15989,1.96498
226.16803,0.05436
226.17617,0.78414
226.18431,0.08629
226.19246,0.50682
226.20060,0.45483
226.20874,1.77885
226.21688,2.20115
226.22503,0.75947
226.23317,0.26167
226.24131,2.55035
226.24945,1.94811
226.25759,0.13494
226.26574,0.62718
226.27388,1.98020
226.28202,3.45312
226.29016,2.65664
226.29831,0.84266
226.30645,2.99993
226.31459,0.07660
226.32273,0.68698
226.33087,0.24176
226.33902,1.18103
226.34716,0.48842
226.35530,3.66005
226.36344,1.61236
226.37159,0.40107
226.37973,0.88286
226.38787,0.80571
226.39601,0.63994
226.40416,2.18896
226.41230,1.05185
226.42044,0.45850
226.42858,0.08667
226.43672,0.52188
226.44487,1.53376
226.45301,0.73508
226.46115,4.19597
226.46929,0.17098
226.47744,0.12587
226.48558,0.29094
226.49372,0.01210
226.50186,0.12522
226.51000,1.39218
226.51815,0.23471
226.52629,0.44861
226.53443,0.36691
226.54257,0.45162
226.55072,1.07038
226.55886,0.50717
226.56700,0.91918
226.57514,1.92178
226.58329,1.35005
226.59143,3.00584
226.59957,1.99433
226.60771,0.61848
226.61585,0.21343
226.62400,1.78571
226.63214,0.26441
226.64028,2.92511
226.64842,2.07759
226.65657,0.75274
226.66471,0.19497
226.67285,0.10828
226.68099,0.28337
226.68913,0.07429
226.69728,0.89260
226.70542,0.83172
226.71356,0.41939
226.72170,0.81497
226.72985,2.25666
226.73799,1.59630
226.74613,0.47234
226.75427,1.18143
226.76241,0.26207
226.77056,0.32143
226.77870,0.96551
226.78684,2.38525
226.79498,0.96666
226.80313,0.18242
226.81127,2.99205
226.81941,1.02086
226.82755,0.39731
226.83570,0.13502
226.84384,1.11215
226.85198,0.41105
226.86012,0.40146
226.86826,1.19769
226.87641,0.32260
226.88455,0.11522
226.89269,2.04374
226.90083,0.07205
226.90898,0.18449
226.91712,3.09569
226.92526,0.98730
226.93340,0.30626
226.94154,0.66547
226.94969,0.99647
226.95783,0.24652
226.96597,0.85897
226.97411,2.07557
226.98226,0.15113
226.99040,0.37182
226.99854,0.98177
227.00668,0.52400
227.01483,0.29217
227.02297,0.82295
227.03111,0.46374
227.03925,2.71677
227.04739,1.23446
227.05554,0.22637
227.06368,0.20123
227.07182,3.37162
227.07996,0.53065
227.08811,2.15312
227.09625,2.04002
227.10439,1.20947
227.11253,0.44356
227.12067,0.07926
227.12882,0.28133
227.13696,1.22152
227.14510,0.61019
227.15324,0.41890
227.16139,1.12480
227.16953,0.56588
227.17767,0.21278
227.18581,0.89564
227.19395,0.20380
227.20210,1.03510
227.21024,0.66761
227.21838,0.65880
227.22652,1.20144
227.23467,0.68660
227.24281,0.62466
227.25095,0.65099
227.25909,1.05555
227.26724,0.83100
227.27538,0.40200
227.28352,0.05344
227.29166,1.00544
227.29980,0.28739
227.30795,0.33059
227.31609,1.73777
227.32423,0.28754
227.33237,0.09577
227.34052,0.65998
227.34866,0.00454
227.35680,1.74039
227.36494,1.34831
227.37308,0.92494
227.38123,1.55928
227.38937,5.57892
227.39751,0.47363
227.40565,0.53727
227.41380,3.47942
227.42194,0.58155
227.43008,1.48488
227.43822,0.13641
227.44637,0.17816
227.45451,0.07075
227.46265,1.07053
227.47079,0.72793
227.47893,0.28745
227.48708,2.39658
227.49522,7.35949
227.50336,1.36820
227.51150,0.12344
227.51965,0.79314
227.52779,0.25008
227.53593,0.43906
227.54407,0.76468
227.55221,0.60713
227.56036,1.36089
227.56850,0.10003
227.57664,0.48165
227.58478,1.94081
227.59293,3.19209
227.60107,0.52182
227.60921,1.49766
227.61735,3.05322
227.62550,1.93988
227.63364,0.23719
227.64178,0.01737
227.64992,0.95044
227.65806,3.67172
227.66621,0.66495
227.67435,0.05149
227.68249,1.10692
227.69063,0.18177
227.69878,0.27168
227.70692,0.58059
227.71506,0.07191
227.72320,0.92523
227.73134,1.77674
227.73949,0.25606
227.74763,0.67322
227.75577,0.07331
227.76391,0.51847
227.77206,1.42884
227.78020,1.69245
227.78834,0.74217
227.79648,0.04373
227.80462,0.64517
227.81277,2.60830
227.82091,1.53653
227.82905,0.13887
227.83719,1.49309
227.84534,0.06453
227.85348,0.53743
227.86162,0.07706
227.86976,0.02842
227.87791,0.08009
227.88605,0.40049
227.89419,0.23593
227.90233,1.35923
227.91047,0.64390
227.91862,0.86698
227.92676,0.84544
227.93490,1.23898
227.94304,0.11605
227.95119,0.03954
227.95933,1.28620
227.96747,5.87829
227.97561,0.43074
227.98375,3.33330
227.99190,3.07780
228.00004,0.22702
228.00818,0.89221
228.01632,0.59884
228.02447,0.25610
228.03261,1.76478
228.04075,1.02941
228.04889,1.55114
228.05704,0.27967
228.06518,0.10822
228.07332,1.28136
228.08146,1.05090
228.08960,0.46214
228.09775,0.78305
228.10589,0.85869
228.11403,0.46825
228.12217,0.11780
228.13032,0.31669
228.13846,0.30726
228.14660,0.24582
228.15474,0.61270
228.16288,0.01480
228.17103,0.06755
228.17917,1.70723
228.18731,0.81712
228.19545,3.80673
228.20360,0.27365
228.21174,2.00335
228.21988,0.17026
228.22802,1.07789
228.23616,0.22179
228.24431,0.74400
228.25245,0.00773
228.26059,1.08908
228.26873,1.00301
228.27688,0.05631
228.28502,0.48174
228.29316,0.45762
228.30130,0.87241
228.30945,0.01453
228.31759,1.91767
228.32573,5.56674
228.33387,4.73217
228.34201,0.70488
228.35016,3.11113
228.35830,2.05516
228.36644,0.82188
228.37458,0.61324
228.38273,0.43060
228.39087,0.65682
228.39901,2.14740
228.40715,0.09442
228.41529,0.75494
228.42344,0.17517
228.43158,1.10328
228.43972,0.56257
228.44786,1.65300
228.45601,2.33786
228.46415,0.84637
228.47229,0.12341
228.48043,0.38816
228.48858,2.28084
228.49672,1.83244
228.50486,1.35318
228.51300,1.32349
228.52114,0.79071
228.52929,0.19248
228.53743,2.09163
228.54557,0.51378
228.55371,0.17143
228.56186,0.58972
228.57000,4.42604
228.57814,1.00137
228.58628,0.83924
228.59442,0.30486
228.60257,0.43198
228.61071,2.22284
228.61885,3.02230
228.62699,2.41156
228.63514,0.30288
228.64328,0.42537
228.65142,0.83919
228.65956,0.58648
228.66771,0.38321
228.67585,1.61957
228.68399,0.50098
228.69213,1.12248
228.70027,0.32576
228.70842,3.19876
228.71656,0.33602
228.72470,2.14488
228.73284,2.67217
228.74099,3.09147
228.74913,0.14358
228.75727,1.93175
228.76541,0.86410
228.77355,1.37182
228.78170,0.50347
228.78984,4.72655
228.79798,0.75886
228.80612,0.49607
228.81427,0.87660
228.82241,1.06331
228.83055,1.24916
228.83869,0.57174
228.84683,1.31916
228.85498,0.82310
228.86312,1.20711
228.87126,1.38470
228.87940,0.52072
228.88755,3.52545
228.89569,2.25774
228.90383,0.16957
228.91197,2.45679
228.92012,0.51478
228.92826,2.64003
228.93640,0.48086
228.94454,1.71487
228.95268,0.10920
228.96083,0.40124
228.96897,2.30892
228.97711,2.23800
228.98525,0.19251
228.99340,0.74415
229.00154,0.99107
229.00968,0.34232
229.01782,0.32132
229.02596,3.14448
229.03411,0.13357
229.04225,0.84557
229.05039,0.25160
229.05853,1.86220
229.06668,0.15557
229.07482,1.75487
229.08296,0.95192
229.09110,1.40974
229.09925,0.05268
229.10739,3.42146
229.11553,0.39648
229.12367,3.88732
229.13181,1.93470
229.13996,0.36330
229.14810,0.31711
229.15624,0.25972
229.16438,1.20431
229.17253,2.88431
229.18067,0.68506
229.18881,1.91001
229.19695,0.51155
229.20509,0.87669
229.21324,0.33192
229.22138,0.61924
229.22952,0.81204
229.23766,1.72239
229.24581,0.22903
229.25395,0.43337
229.26209,0.26231
229.27023,0.50294
229.27837,0.68978
229.28652,0.06330
229.29466,0.83182
229.30280,0.23895
229.31094,0.41144
229.31909,0.68530
229.32723,2.04474
229.33537,0.27745
229.34351,0.93653
229.35166,0.19131
229.35980,0.10252
229.36794,1.40591
229.37608,2.15510
229.38422,0.56344
229.39237,0.53088
229.40051,0.80254
229.40865,1.64967
229.41679,1.30844
229.42494,2.25191
229.43308,0.00079
229.44122,3.21493
229.44936,2.81982
229.45750,1.23901
229.46565,0.44926
229.47379,0.78774
229.48193,0.40028
229.49007,0.22277
229.49822,0.76916
229.50636,0.28133
229.51450,2.31567
229.52264,0.92619
229.53079,0.02834
229.53893,1.39741
229.54707,0.19851
229.55521,2.27959
229.56335,0.02028
229.57150,0.08322
229.57964,0.66819
229.58778,0.09172
229.59592,0.33277
229.60407,0.02104
229.61221,1.08244
229.62035,1.03152
229.62849,1.64047
229.63663,1.21610
229.64478,0.36812
229.65292,0.64514
229.66106,0.14746
229.66920,0.41079
229.67735,1.10696
229.68549,0.01144
229.69363,0.31169
229.70177,0.57761
229.70991,0.82673
229.71806,0.37724
229.72620,0.56478
229.73434,0.06059
229.74248,2.10736
229.75063,3.45165
229.75877,3.84470
229.76691,1.09765
229.77505,1.63850
229.78320,2.23392
229.79134,0.95895
229.79948,0.25417
229.80762,0.36082
229.81576,1.30074
229.82391,0.26577
229.83205,2.31983
229.84019,2.46876
229.84833,0.53695
229.85648,0.21677
229.86462,0.73861
229.87276,0.89576
229.88090,0.16581
229.88904,0.74934
229.89719,0.98529
229.90533,0.08711
229.91347,0.26002
229.92161,0.49717
229.92976,0.17003
229.93790,3.23954
229.94604,1.50978
229.95418,0.79100
229.96233,1.11944
229.97047,0.24563
229.97861,0.24779
229.98675,2.27066
229.99489,1.27388
230.00304,0.30769
230.01118,1.12383
230.01932,0.01978
230.02746,0.11626
230.03561,0.57373
230.04375,0.34718
230.05189,0.89296
230.06003,0.18004
230.06817,0.04510
230.07632,0.14050
230.08446,0.01787
230.09260,0.50708
230.10074,0.93829
230.10889,0.48977
230.11703,0.18981
230.12517,0.27463
230.13331,1.15764
230.14146,0.44934
230.14960,0.06784
230.15774,0.45750
230.16588,0.05985
230.17402,0.70875
230.18217,0.06343
230.19031,0.24867
230.19845,0.34853
230.20659,0.56880
230.21474,0.47972
230.22288,0.41462
230.23102,1.50513
230.23916,2.05512
230.24730,1.64930
230.25545,0.51329
230.26359,0.82814
230.27173,1.19290
230.27987,0.90081
230.28802,0.52426
230.29616,0.34160
230.30430,1.96475
230.31244,2.14698
230.32058,0.48095
230.32873,2.30703
230.33687,1.08773
230.34501,0.23774
230.35315,0.18820
230.36130,0.04396
230.36944,0.25294
230.37758,3.24216
230.38572,1.68966
230.39387,4.12935
230.40201,0.15086
230.41015,0.31806
230.41829,0.86846
230.42643,0.44875
230.43458,0.88215
230.44272,1.23062
230.45086,0.99638
230.45900,0.53659
230.46715,0.27871
230.47529,3.01787
230.48343,2.17520
230.49157,0.06274
230.49971,2.05100
230.50786,1.59019
230.51600,0.00601
230.52414,0.00766
230.53228,1.15051
230.54043,0.02399
230.54857,0.17584
230.55671,0.15929
230.56485,0.49250
230.57300,0.25235
230.58114,0.79209
230.58928,0.20954
230.59742,0.57050
230.60556,0.33121
230.61371,2.41394
230.62185,0.81640
230.62999,0.35456
230.63813,0.00081
230.64628,1.77356
230.65442,3.73217
230.66256,0.74116
230.67070,1.93507
230.67884,0.51716
230.68699,0.64427
230.69513,0.89469
230.70327,0.20552
230.71141,1.20343
230.71956,0.12826
230.72770,3.88351
230.73584,0.50943
230.74398,1.17471
230.75212,0.03464
230.76027,0.62905
230.76841,1.02198
230.77655,0.10112
230.78469,0.24973
230.79284,2.14356
230.80098,0.22578
230.80912,1.24582
230.81726,1.91192
230.82541,1.25821
230.83355,0.56943
230.84169,0.23905
230.84983,0.53280
230.85797,0.32792
230.86612,0.23554
230.87426,2.00506
230.88240,0.11078
230.89054,1.78900
230.89869,0.93376
230.90683,1.95255
230.91497,4.31183
230.92311,1.46896
230.93125,0.59862
230.93940,0.59628
230.94754,0.45694
230.95568,1.05224
230.96382,0.20568
230.97197,1.03798
230.98011,0.02190
230.98825,1.07981
230.99639,0.47218
231.00454,1.35124
231.01268,0.46693
231.02082,1.02007
231.02896,1.51423
231.03710,0.93835
231.04525,0.30872
231.05339,1.70565
231.06153,0.11665
231.06967,0.23933
231.07782,0.24182
231.08596,0.20631
231.09410,0.59239
231.10224,0.52594
231.11038,0.54634
231.11853,5.75416
231.12667,2.90011
231.13481,0.08912
231.14295,0.29776
231.15110,2.10986
231.15924,0.24857
231.16738,0.72849
231.17552,0.17763
231.18367,0.38811
231.19181,2.64109
231.19995,1.31879
231.20809,1.34906
231.21623,0.15616
231.22438,1.47385
231.23252,0.06515
231.24066,0.74247
231.24880,0.45487
231.25695,0.18899
231.26509,0.22844
231.27323,0.71403
231.28137,0.24932
231.28951,0.15963
231.29766,0.55691
231.30580,0.17417
231.31394,0.25138
231.32208,3.43687
231.33023,0.63010
231.33837,0.72237
231.34651,1.90844
231.35465,0.95907
231.36279,4.16068
231.37094,1.93328
231.37908,2.26238
231.38722,0.63135
231.39536,0.46782
231.40351,2.30281
231.41165,4.14620
231.41979,0.61615
231.42793,1.06213
231.43608,0.03744
231.44422,0.38859
231.45236,0.13838
231.46050,0.23962
231.46864,2.24344
231.47679,0.31482
231.48493,1.37495
231.49307,0.63482
231.50121,0.90245
231.50936,0.81612
231.51750,1.67863
231.52564,1.06869
231.53378,1.59722
231.54192,0.37390
231.55007,0.39160
231.55821,0.74819
231.56635,0.51678
231.57449,0.43208
231.58264,0.27416
231.59078,1.05546
231.59892,0.71724
231.60706,0.08991
231.61521,0.46841
231.62335,0.26221
231.63149,0.66302
231.63963,1.28833
231.64777,0.11693
231.65592,1.47540
231.66406,0.14208
231.67220,2.08681
231.68034,2.28530
231.68849,1.62086
231.69663,0.43078
231.70477,0.06733
231.71291,1.46465
231.72105,1.28272
231.72920,3.89350
231.73734,0.40351
231.74548,0.33645
231.75362,0.08405
231.76177,0.39123
231.76991,0.85049
231.77805,1.07180
231.78619,0.25389
231.79433,0.27384
231.80248,0.45236
231.81062,1.16277
231.81876,5.10649
231.82690,2.88280
231.83505,2.38197
231.84319,1.87105
231.85133,1.28470
231.85947,1.22235
231.86762,0.20192
231.87576,1.70565
231.88390,0.31838
231.89204,3.57301
231.90018,0.32634
231.90833,1.84017
231.91647,4.32540
231.92461,0.51357
231.93275,0.10745
231.94090,0.26721
231.94904,0.58091
231.95718,1.41151
231.96532,0.20266
231.97346,0.62444
231.98161,0.31276
231.98975,0.56966
231.99789,0.40633
232.00603,0.61289
232.01418,0.03896
232.02232,0.08407
232.03046,0.53892
232.03860,0.85560
232.04675,1.52314
232.05489,0.06933
232.06303,0.28189
232.07117,2.12822
232.07931,0.33915
232.08746,5.43910
232.09560,2.80708
232.10374,1.48786
232.11188,0.00630
232.12003,0.22623
232.12817,0.11394
232.13631,0.28547
232.14445,0.86951
232.15259,0.41065
232.16074,2.67238
232.16888,0.60792
232.17702,1.44895
232.18516,0.86757
232.19331,0.35111
232.20145,0.06369
232.20959,0.62119
232.21773,0.33464
232.22587,0.23586
232.23402,0.39620
232.24216,1.92102
232.25030,0.81305
232.25844,5.09738
232.26659,3.02425
232.27473,0.88991
232.28287,1.22625
232.29101,0.87930
232.29916,4.35461
232.30730,2.59495
232.31544,0.35005
232.32358,0.47800
232.33172,0.28951
232.33987,2.22369
232.34801,0.05429
232.35615,0.02946
232.36429,0.43661
232.37244,1.54658
232.38058,0.97767
232.38872,0.80477
232.39686,2.24091
232.40500,0.91894
232.41315,0.10084
232.42129,1.53329
232.42943,0.81802
232.43757,0.96286
232.44572,1.03748
232.45386,1.77996
232.46200,1.45004
232.47014,2.84021
232.47829,0.47749
232.48643,0.11405
232.49457,1.13812
232.50271,1.11249
232.51085,0.41071
232.51900,0.34289
232.52714,0.55380
232.53528,0.51712
232.54342,0.29570
232.55157,1.81711
232.55971,2.51971
232.56785,1.52103
232.57599,0.83540
232.58413,1.95860
232.59228,0.08527
232.60042,0.61662
232.60856,0.30962
232.61670,0.90934
232.62485,2.46437
232.63299,0.69603
232.64113,0.16356
232.64927,0.46279
232.65742,1.72732
232.66556,1.78165
232.67370,1.90403
232.68184,0.39313
232.68998,1.48418
232.69813,1.63623
232.70627,0.82264
232.71441,1.16462
232.72255,0.88958
232.73070,0.37554
232.73884,0.16639
232.74698,0.42166
232.75512,0.16135
232.76326,0.56593
232.77141,2.85331
232.77955,2.30687
232.78769,0.16909
232.79583,0.05755
232.80398,0.12600
232.81212,3.63477
232.82026,0.08829
232.82840,0.23828
232.83654,0.79487
232.84469,1.16746
232.85283,0.10520
232.86097,0.35134
232.86911,1.80600
232.87726,0.77184
232.88540,0.30217
232.89354,1.20193
232.90168,1.30169
232.90983,1.50433
232.91797,2.22522
232.92611,0.64211
232.93425,1.75218
232.94239,0.00010
232.95054,1.33689
232.95868,0.46737
232.96682,0.66942
232.97496,0.56571
232.98311,2.94248
232.99125,0.28033
232.99939,0.42864
233.00753,0.92867
233.01567,1.73392
233.02382,0.85665
233.03196,1.82082
233.04010,0.10019
233.04824,0.27596
233.05639,3.06292
233.06453,0.09274
233.07267,0.14406
233.08081,0.20183
233.08896,1.26989
233.09710,0.35793
233.10524,0.88780
233.11338,1.28195
233.12152,1.03688
233.12967,0.08491
233.13781,0.23897
233.14595,0.04093
233.15409,0.13287
233.16224,0.12560
233.17038,0.06764
233.17852,1.57551
233.18666,0.34675
233.19480,3.04941
233.20295,0.80985
233.21109,0.20161
233.21923,0.82992
233.22737,0.52597
233.23552,1.97550
233.24366,0.02245
233.25180,0.36322
233.25994,2.65827
233.26808,1.12326
233.27623,0.70508
233.28437,0.14164
233.29251,0.57346
233.30065,2.74802
233.30880,1.98694
233.31694,2.42039
233.32508,0.61297
233.33322,1.29263
233.34137,1.61636
233.34951,1.54457
233.35765,0.20386
233.36579,0.21662
233.37393,0.01176
233.38208,0.00179
233.39022,0.18879
233.39836,1.86729
233.40650,0.42672
233.41465,0.15044
233.42279,0.08476
233.43093,1.82210
233.43907,0.37901
233.44721,4.92378
233.45536,0.74494
233.46350,1.24396
233.47164,0.23360
233.47978,1.48900
233.48793,0.28712
233.49607,0.34935
233.50421,0.75616
233.51235,0.61248
233.52050,1.01081
233.52864,1.23569
233.53678,0.08314
233.54492,2.12643
233.55306,1.79965
233.56121,0.26142
233.56935,0.58526
233.57749,3.80708
233.58563,0.84672
233.59378,0.44611
233.60192,0.46307
233.61006,1.55095
233.61820,2.68846
233.62634,0.31642
233.63449,0.60200
233.64263,0.21959
233.65077,1.47776
233.65891,0.31740
233.66706,0.82201
233.67520,0.51661
233.68334,0.11745
233.69148,0.08715
233.69963,1.54576
233.70777,0.45221
233.71591,0.14301
233.72405,0.82238
233.73219,0.72845
233.74034,0.21714
233.74848,0.44771
233.75662,1.20373
233.76476,1.04766
233.77291,0.10337
233.78105,0.92407
233.78919,0.37954
233.79733,1.72466
233.80547,0.22412
233.81362,0.32067
233.82176,1.27147
233.82990,0.19628
233.83804,2.52927
233.84619,0.02545
233.85433,0.43210
233.86247,0.27452
233.87061,0.09886
233.87875,0.29047
233.88690,2.28965
233.89504,0.60877
233.90318,1.55427
233.91132,0.15457
233.91947,0.33951
233.92761,1.74871
233.93575,2.69428
233.94389,1.44355
233.95204,0.39444
233.96018,1.74513
233.96832,2.41654
233.97646,1.23404
233.98460,0.52141
233.99275,0.09642
234.00089,0.77130
234.00903,0.99480
234.01717,1.30787
234.02532,0.49391
234.03346,1.13402
234.04160,0.68610
234.04974,2.85997
234.05788,1.09455
234.06603,0.50176
234.07417,0.18923
234.08231,0.09316
234.09045,0.09161
234.09860,0.83602
234.10674,1.27673
234.11488,1.49008
234.12302,1.27473
234.13117,0.27330
234.13931,0.50095
234.14745,0.34007
234.15559,0.38686
234.16373,2.41261
234.17188,1.39426
234.18002,0.45811
234.18816,0.15937
234.19630,0.21968
234.20445,1.64342
234.21259,0.89574
234.22073,1.07787
234.22887,0.93133
234.23701,2.01397
234.24516,1.76467
234.25330,0.41864
234.26144,0.02984
234.26958,0.91105
234.27773,0.57374
234.28587,0.70595
234.29401,0.35287
234.30215,0.13321
234.31029,0.53796
234.31844,0.38226
234.32658,0.22442
234.33472,0.18329
234.34286,0.74252
234.35101,1.10396
234.35915,0.67081
234.36729,0.65531
234.37543,0.32885
234.38358,0.36120
234.39172,0.45880
234.39986,0.85581
234.40800,0.95057
234.41614,1.03632
234.42429,0.38694
234.43243,2.25343
234.44057,2.00485
234.44871,0.95744
234.45686,0.92670
234.46500,0.56202
234.47314,0.48678
234.48128,1.94904
234.48942,1.42456
234.49757,0.32225
234.50571,0.72819
234.51385,0.19321
234.52199,0.88588
234.53014,0.50657
234.53828,0.12452
234.54642,0.36500
234.55456,0.09156
234.56271,0.10541
234.57085,0.41093
234.57899,1.04019
234.58713,1.98742
234.59527,0.32987
234.60342,0.78704
234.61156,0.87782
234.61970,2.77482
234.62784,0.63677
234.63599,0.32041
234.64413,0.98720
234.65227,0.30590
234.66041,1.34816
234.66855,1.51067
234.67670,0.31251
234.68484,1.86346
234.69298,0.47178
234.70112,0.38964
234.70927,2.43847
234.71741,0.80219
234.72555,0.02474
234.73369,1.26212
234.74183,0.04352
234.74998,0.12900
234.75812,0.50339
234.76626,0.23987
234.77440,1.19079
234.78255,0.94339
234.79069,0.36988
234.79883,1.12682
234.80697,1.80014
234.81512,0.36748
234.82326,2.83459
234.83140,1.39997
234.83954,0.21949
234.84768,0.00553
234.85583,0.11663
234.86397,0.18340
234.87211,1.02355
234.88025,0.51597
234.88840,0.19511
234.89654,1.08655
234.90468,0.05457
234.91282,0.41523
234.92096,0.56956
234.92911,1.14668
234.93725,1.37027
234.94539,1.20180
234.95353,0.15011
234.96168,0.02797
234.96982,0.32938
234.97796,0.82461
234.98610,0.07888
234.99425,0.27960
235.00239,3.45797
235.01053,2.05621
235.01867,0.78416
235.02681,2.96720
235.03496,0.42779
235.04310,0.34235
235.05124,1.76444
235.05938,0.33494
235.06753,1.51826
235.07567,0.19253
235.08381,0.84483
235.09195,2.16828
235.10009,2.10388
235.10824,0.02243
235.11638,0.87115
235.12452,0.14751
235.13266,0.67120
235.14081,0.26553
235.14895,0.48732
235.15709,0.91207
235.16523,0.50867
235.17338,3.61690
235.18152,1.87531
235.18966,0.75996
235.19780,0.19740
235.20594,1.66289
235.21409,1.25595
235.22223,2.65621
235.23037,5.57008
235.23851,1.90212
235.24666,1.76210
235.25480,0.14676
235.26294,0.20728
235.27108,1.59958
235.27922,6.21571
235.28737,1.70834
235.29551,5.58000
235.30365,0.18153
235.31179,2.25428
235.31994,4.47743
235.32808,0.16239
235.33622,1.07165
235.34436,0.36720
235.35250,3.75449
235.36065,1.79048
235.36879,4.07532
235.37693,0.71997
235.38507,0.69391
235.39322,1.00621
235.40136,1.27012
235.40950,1.51744
235.41764,0.67554
235.42579,1.51900
235.43393,0.17775
235.44207,0.57198
235.45021,0.92564
235.45835,2.04805
235.46650,0.26689
235.47464,0.08521
235.48278,1.77434
235.49092,0.73524
235.49907,0.87443
235.50721,0.60496
235.51535,1.41738
235.52349,0.12404
235.53163,0.40561
235.53978,1.12628
235.54792,0.14339
235.55606,1.01566
235.56420,1.31190
235.57235,2.11610
235.58049,0.69565
235.58863,1.00590
235.59677,4.62113
235.60492,1.31969
235.61306,0.81316
235.62120,1.20501
235.62934,4.35307
235.63748,0.94943
235.64563,1.43041
235.65377,0.39355
235.66191,0.66833
235.67005,0.06724
235.67820,0.42688
235.68634,0.36007
235.69448,0.47956
235.70262,0.10920
235.71076,0.04453
235.71891,0.72173
235.72705,1.68296
235.73519,0.30552
235.74333,0.59632
235.75148,0.59968
235.75962,0.03171
235.76776,0.68623
235.77590,0.57326
235.78404,0.80113
235.79219,0.61774
235.80033,0.19278
235.80847,0.67119
235.81661,0.13950
235.82476,1.51073
235.83290,0.54261
235.84104,0.20560
235.84918,1.82200
235.85733,1.55859
235.86547,0.32523
235.87361,0.56718
235.88175,0.33641
235.88989,2.19563
235.89804,0.86665
235.90618,1.83903
235.91432,0.67881
235.92246,0.44953
235.93061,0.98331
235.93875,0.74813
235.94689,0.48921
235.95503,2.54428
235.96317,0.62530
235.97132,0.66978
235.97946,0.01286
235.98760,1.22799
235.99574,0.58721
236.00389,0.68190
236.01203,1.58386
236.02017,0.22564
236.02831,0.03330
236.03646,3.74421
236.04460,1.73606
236.05274,0.89790
236.06088,1.26262
236.06902,1.01553
236.07717,1.54972
236.08531,1.23624
236.09345,0.10457
236.10159,0.76038
236.10974,2.05518
236.11788,3.09254
236.12602,1.60119
236.13416,0.58382
236.14230,1.72237
236.15045,1.65636
236.15859,0.10908
236.16673,0.31360
236.17487,0.91751
236.18302,1.13358
236.19116,0.09785
236.19930,0.21986
236.20744,0.60816
236.21559,2.61416
236.22373,0.06891
236.23187,0.34268
236.24001,0.75073
236.24815,0.45271
236.25630,0.54523
236.26444,3.17891
236.27258,3.08826
236.28072,0.02295
236.28887,0.25805
236.29701,0.51164
236.30515,0.20821
236.31329,1.32738
236.32143,0.57115
236.32958,0.06101
236.33772,2.29165
236.34586,0.51570
236.35400,1.08382
236.36215,0.02856
236.37029,1.09338
236.37843,1.27002
236.38657,0.97724
236.39471,1.59992
236.40286,0.05103
236.41100,1.33559
236.41914,0.34508
236.42728,0.72385
236.43543,2.47001
236.44357,1.32088
236.45171,0.51325
236.45985,1.06627
236.46800,0.74136
236.47614,0.44088
236.48428,1.20943
236.49242,3.07370
236.50056,0.24088
236.50871,1.25605
236.51685,1.38568
236.52499,1.23456
236.53313,0.07188
236.54128,0.32013
236.54942,0.91447
236.55756,0.26129
236.56570,2.04291
236.57384,0.00563
236.58199,0.05620
236.59013,1.12951
236.59827,0.84959
236.60641,0.01068
236.61456,0.29356
236.62270,2.37755
236.63084,0.88689
236.63898,0.26332
236.64713,0.17426
236.65527,0.81841
236.66341,0.27624
236.67155,1.11647
236.67969,0.47366
236.68784,0.41498
236.69598,0.61730
236.70412,3.42541
236.71226,0.06017
236.72041,0.92507
236.72855,1.37167
236.73669,0.05917
236.74483,0.73433
236.75297,0.03827
236.76112,0.06638
236.76926,2.32559
236.77740,2.24331
236.78554,1.03540
236.79369,0.13729
236.80183,0.61033
236.80997,0.01479
236.81811,0.04843
236.82625,2.03444
236.83440,0.41048
236.84254,0.05251
236.85068,0.78964
236.85882,0.18459
236.86697,0.51610
236.87511,3.49759
236.88325,0.30741
236.89139,1.46215
236.89954,2.13345
236.90768,3.22651
236.91582,1.43613
236.92396,2.70800
236.93210,1.88714
236.94025,0.75686
236.94839,1.99557
236.95653,2.23187
236.96467,3.48921
236.97282,0.15449
236.98096,1.72433
236.98910,0.19739
236.99724,0.51368
237.00538,1.97955
237.01353,1.37841
237.02167,0.73809
237.02981,0.54642
237.03795,0.37784
237.04610,0.76245
237.05424,0.06115
237.06238,0.40739
237.07052,1.32869
237.07867,0.04425
237.08681,0.02327
237.09495,0.14750
237.10309,0.07489
237.11123,1.76568
237.11938,0.41727
237.12752,1.48767
237.13566,0.90353
237.14380,1.12624
237.15195,0.04101
237.16009,0.03327
237.16823,0.18751
237.17637,4.06605
237.18451,0.12446
237.19266,0.07169
237.20080,2.27722
237.20894,0.06308
237.21708,1.36810
237.22523,2.43268
237.23337,0.80525
237.24151,0.17696
237.24965,0.65047
237.25779,1.71425
237.26594,0.15094
237.27408,0.23658
237.28222,0.89952
237.29036,0.10168
237.29851,2.17863
237.30665,0.73239
237.31479,1.15192
237.32293,0.18589
237.33108,0.48950
237.33922,0.50535
237.34736,0.29961
237.35550,0.49783
237.36364,0.31016
237.37179,0.12964
237.37993,1.13500
237.38807,0.23815
237.39621,0.82011
237.40436,1.41252
237.41250,0.34469
237.42064,0.40197
237.42878,1.06286
237.43692,0.25806
237.44507,0.28954
237.45321,1.30042
237.46135,0.76771
237.46949,2.44849
237.47764,1.46718
237.48578,0.12536
237.49392,1.62686
237.50206,0.06941
237.51021,0.29891
237.51835,0.17406
237.52649,0.38689
237.53463,0.05374
237.54277,0.75010
237.55092,1.47453
237.55906,0.25114
237.56720,0.59019
237.57534,2.47589
237.58349,1.60347
237.59163,1.19922
237.59977,0.42558
237.60791,0.19140
237.61605,0.25097
237.62420,0.85058
237.63234,0.45428
237.64048,1.04011
237.64862,1.47927
237.65677,1.89619
237.66491,0.76628
237.67305,0.92024
237.68119,0.92481
237.68934,3.10600
237.69748,0.40897
237.70562,0.38572
237.71376,0.65368
237.72190,0.73941
237.73005,0.40937
237.73819,0.34806
237.74633,0.66263
237.75447,0.00202
237.76262,0.91008
237.77076,2.20607
237.77890,0.61613
237.78704,3.05553
237.79518,0.20586
237.80333,1.44243
237.81147,1.84564
237.81961,0.56296
237.82775,0.31317
237.83590,0.74241
237.84404,5.51227
237.85218,0.29350
237.86032,1.01849
237.86846,0.25647
237.87661,0.92536
237.88475,0.02332
237.89289,0.89335
237.90103,0.17729
237.90918,0.64395
237.91732,0.80901
237.92546,0.56543
237.93360,0.81037
237.94175,0.13191
237.94989,1.76994
237.95803,0.05144
237.96617,0.84339
237.97431,0.09609
237.98246,0.00837
237.99060,1.26641
237.99874,1.14511
238.00688,0.29717
238.01503,0.86864
238.02317,0.23659
238.03131,0.13612
238.03945,1.47156
238.04759,1.09760
238.05574,1.41740
238.06388,0.78588
238.07202,2.28058
238.08016,0.15095
238.08831,0.71407
238.09645,1.23142
238.10459,2.61040
238.11273,5.40967
238.12088,1.81346
238.12902,1.18398
238.13716,0.86073
238.14530,1.00052
238.15344,0.37874
238.16159,2.53129
238.16973,0.26801
238.17787,7.92016
238.18601,1.47553
238.19416,0.99199
238.20230,0.03662
238.21044,0.89751
238.21858,0.61774
238.22672,7.01241
238.23487,5.02917
238.24301,1.55162
238.25115,0.25758
238.25929,2.27395
238.26744,0.95215
238.27558,2.48624
238.28372,3.10229
238.29186,0.47797
238.30000,2.79057
238.30815,0.77798
238.31629,0.21034
238.32443,0.68121
238.33257,0.03942
238.34072,3.19366
238.34886,0.17913
238.35700,1.41425
238.36514,0.06487
238.37329,3.00652
238.38143,0.98481
238.38957,0.79866
238.39771,0.96978
238.40585,0.25249
238.41400,3.39157
238.42214,1.40625
238.43028,2.87813
238.43842,1.96326
238.44657,2.34541
238.45471,0.85918
238.46285,2.03013
238.47099,2.56259
238.47913,0.05301
238.48728,0.29037
238.49542,0.16676
238.50356,1.80221
238.51170,1.10195
238.51985,2.80884
238.52799,0.05304
238.53613,0.27782
238.54427,1.89359
238.55242,0.32500
238.56056,0.76148
238.56870,0.83112
238.57684,0.48400
238.58498,1.49440
238.59313,2.32368
238.60127,0.05034
238.60941,4.43967
238.61755,0.32051
238.62570,3.72709
238.63384,0.11224
238.64198,1.46382
238.65012,1.19585
238.65826,0.17015
238.66641,2.24988
238.67455,2.79149
238.68269,2.62800
238.69083,0.63768
238.69898,1.06906
238.70712,0.25556
238.71526,2.71088
238.72340,3.06608
238.73155,0.30674
238.73969,1.58770
238.74783,0.33547
238.75597,4.06785
238.76411,0.65619
238.77226,0.92516
238.78040,0.83660
238.78854,1.43607
238.79668,1.45356
238.80483,2.55016
238.81297,1.95733
238.82111,0.53775
238.82925,0.17523
238.83739,0.18595
238.84554,0.41484
238.85368,0.33644
238.86182,0.65771
238.86996,0.63543
238.87811,0.53738
238.88625,3.27044
238.89439,0.12390
238.90253,1.49257
238.91067,0.71356
238.91882,0.64992
238.92696,0.06909
238.93510,1.13184
238.94324,1.64301
238.95139,0.04282
238.95953,0.49497
238.96767,0.42775
238.97581,0.67791
238.98396,0.08727
238.99210,0.19779
239.00024,0.02930
239.00838,1.55241
239.01652,0.04500
239.02467,0.90517
239.03281,0.60247
239.04095,0.75414
239.04909,0.32511
239.05724,0.37768
239.06538,1.04702
239.07352,0.29548
239.08166,0.93897
239.08980,0.36176
239.09795,0.25216
239.10609,0.42287
239.11423,0.14872
239.12237,0.21014
239.13052,0.55584
239.13866,0.10959
239.14680,0.24170
239.15494,2.10920
239.16309,0.86580
239.17123,2.13332
239.17937,1.29256
239.18751,0.07416
239.19565,1.30390
239.20380,1.45595
239.21194,0.03581
239.22008,0.76552
239.22822,0.12176
239.23637,0.33118
239.24451,0.65943
239.25265,1.15980
239.26079,0.59466
239.26893,0.16709
239.27708,0.18192
239.28522,0.66621
239.29336,3.33891
239.30150,0.07717
239.30965,0.13171
239.31779,0.10555
239.32593,0.72849
239.33407,1.31577
239.34221,0.69029
239.35036,0.73206
239.35850,1.74759
239.36664,0.32722
239.37478,0.44822
239.38293,0.30271
239.39107,0.84872
239.39921,0.10709
239.40735,0.27397
239.41550,0.05147
239.42364,1.12428
239.43178,0.04959
239.43992,1.58857
239.44806,1.97740
239.45621,0.58200
239.46435,1.20533
239.47249,7.61808
239.48063,0.64457
239.48878,0.58010
239.49692,0.99052
239.50506,0.86853
239.51320,0.07139
239.52134,1.10783
239.52949,1.11839
239.53763,2.14220
239.54577,0.98079
239.55391,1.47995
239.56206,0.15004
239.57020,0.12263
239.57834,0.86873
239.58648,3.18928
239.59463,0.55255
239.60277,0.39046
239.61091,0.48842
239.61905,0.08480
239.62719,0.03647
239.63534,0.85339
239.64348,0.80795
239.65162,0.43567
239.65976,0.23232
239.66791,0.01247
239.67605,1.02952
239.68419,3.04392
239.69233,1.94823
239.70047,1.48023
239.70862,1.99148
239.71676,2.22000
239.72490,0.87704
239.73304,0.00918
239.74119,1.69915
239.74933,0.34027
239.75747,0.26321
239.76561,0.10533
239.77375,0.46977
239.78190,1.49807
239.79004,0.86740
239.79818,0.19727
239.80632,0.83816
239.81447,1.06357
239.82261,3.34543
239.83075,3.84589
239.83889,1.28425
239.84704,1.00352
239.85518,2.13869
239.86332,0.29369
239.87146,0.80743
239.87960,0.80440
239.88775,0.39884
239.89589,0.10841
239.90403,0.33835
239.91217,0.44766
239.92032,0.01319
239.92846,1.25514
239.93660,0.73653
239.94474,1.46333
239.95288,1.03212
239.96103,0.76623
239.96917,0.40118
239.97731,2.39532
239.98545,1.63315
239.99360,2.11641
240.00174,0.37825
240.00988,0.71206
240.01802,1.22181
240.02617,1.25333
240.03431,0.14637
240.04245,1.57677
240.05059,0.45942
240.05873,1.73675
240.06688,2.68553
240.07502,2.26699
240.08316,0.41722
240.09130,0.99761
240.09945,0.47168
240.10759,1.24449
240.11573,0.24878
240.12387,1.44449
240.13201,1.14445
240.14016,0.01870
240.14830,2.82346
240.15644,0.95129
240.16458,0.86442
240.17273,0.51622
240.18087,1.25459
240.18901,0.21770
240.19715,0.75709
240.20530,0.09408
240.21344,0.87956
240.22158,0.51106
240.22972,0.49432
240.23786,0.04599
240.24601,0.14340
240.25415,0.18951
240.26229,1.37916
240.27043,2.97248
240.27858,2.91689
240.28672,3.74531
240.29486,0.88685
240.30300,1.18905
240.31114,3.37110
240.31929,0.45053
240.32743,0.50563
240.33557,0.19811
240.34371,0.19351
240.35186,0.38456
240.36000,0.00249
240.36814,0.01272
240.37628,0.58343
240.38442,0.42198
240.39257,2.61228
240.40071,0.40544
240.40885,0.56492
240.41699,2.64594
240.42514,1.77212
240.43328,1.21706
240.44142,0.35144
240.44956,1.42550
240.45771,1.40924
240.46585,0.96904
240.47399,0.19835
240.48213,0.18596
240.49027,0.44476
240.49842,0.26404
240.50656,0.29324
240.51470,1.24680
240.52284,0.14787
240.53099,0.23307
240.53913,0.18939
240.54727,0.24629
240.55541,1.89565
240.56355,2.08531
240.57170,1.93066
240.57984,2.06918
240.58798,0.07068
240.59612,1.18588
240.60427,0.93248
240.61241,0.69219
240.62055,0.67084
240.62869,0.46500
240.63684,1.65779
240.64498,0.60739
240.65312,0.80170
240.66126,0.72558
240.66940,0.01629
240.67755,0.46894
240.68569,0.34750
240.69383,0.64540
240.70197,0.11010
240.71012,0.05298
240.71826,1.45760
240.72640,2.19528
240.73454,3.64359
240.74268,0.48234
240.75083,1.91576
240.75897,0.76649
240.76711,0.14311
240.77525,0.05007
240.78340,2.18882
240.79154,0.84625
240.79968,1.82325
240.80782,0.12547
240.81596,1.31349
240.82411,0.46219
240.83225,0.04750
240.84039,0.27917
240.84853,3.76038
240.85668,0.65183
240.86482,0.39794
240.87296,0.90959
240.88110,1.18001
240.88925,0.18535
240.89739,0.26581
240.90553,0.07785
240.91367,1.43067
240.92181,0.35341
240.92996,0.52388
240.93810,0.27446
240.94624,0.20295
240.95438,1.70054
240.96253,1.48266
240.97067,0.22368
240.97881,0.95946
240.98695,0.26453
240.99509,0.63859
241.00324,0.44487
241.01138,0.35599
241.01952,0.70781
241.02766,1.41547
241.03581,1.54014
241.04395,0.30155
241.05209,4.69075
241.06023,1.41002
241.06838,1.51712
241.07652,1.57581
241.08466,0.20106
241.09280,0.72315
241.10094,1.83544
241.10909,0.51596
241.11723,1.02621
241.12537,0.12150
241.13351,0.53070
241.14166,0.14244
241.14980,1.63647
241.15794,0.52366
241.16608,2.53741
241.17422,2.10220
241.18237,0.39292
241.19051,0.11471
241.19865,0.80340
241.20679,1.05013
241.21494,0.45217
241.22308,0.13336
241.23122,0.50164
241.23936,0.94479
241.24751,0.38345
241.25565,1.71530
241.26379,1.02724
241.27193,0.19243
241.28007,1.24521
241.28822,0.74968
241.29636,1.43101
241.30450,7.71049
241.31264,0.57972
241.32079,0.92149
241.32893,0.31949
241.33707,2.30517
241.34521,0.63053
241.35335,0.36522
241.36150,0.37510
241.36964,0.23160
241.37778,1.05987
241.38592,0.67059
241.39407,0.37113
241.40221,0.39493
241.41035,1.14742
241.41849,1.42816
241.42663,0.08692
241.43478,0.57684
241.44292,2.67402
241.45106,0.41527
241.45920,0.64959
241.46735,0.37755
241.47549,1.73902
241.48363,0.41360
241.49177,1.51514
241.49992,0.00199
241.50806,0.30762
241.51620,0.89710
241.52434,0.69024
241.53248,0.39053
241.54063,1.93636
241.54877,0.23849
241.55691,0.07407
241.56505,1.11115
241.57320,0.27539
241.58134,0.58391
241.58948,0.05804
241.59762,0.49714
241.60576,0.03617
241.61391,0.38054
241.62205,0.10373
241.63019,0.56791
241.63833,0.25941
241.64648,0.49471
241.65462,0.35579
241.66276,0.08967
241.67090,0.33980
241.67905,0.28791
241.68719,3.44552
241.69533,3.44806
241.70347,0.56823
241.71161,0.21497
241.71976,1.47009
241.72790,0.30231
241.73604,0.32277
241.74418,0.01291
241.75233,0.59551
241.76047,1.24608
241.76861,1.19931
241.77675,0.01335
241.78489,1.00414
241.79304,0.10863
241.80118,0.41574
241.80932,0.95677
241.81746,0.63018
241.82561,0.72263
241.83375,1.31428
241.84189,2.79374
241.85003,0.34651
241.85817,0.06426
241.86632,0.61690
241.87446,2.50811
241.88260,1.69343
241.89074,0.35645
241.89889,0.57056
241.90703,0.43965
241.91517,0.43015
241.92331,0.53203
241.93146,2.60104
241.93960,0.26956
241.94774,0.18624
241.95588,0.57696
241.96402,0.30282
241.97217,0.00197
241.98031,0.44851
241.98845,0.69652
241.99659,0.63569
242.00474,0.36390
242.01288,0.03212
242.02102,0.79598
242.02916,1.78397
242.03730,1.62141
242.04545,3.94264
242.05359,0.40616
242.06173,1.45704
242.06987,1.15706
242.07802,1.70054
242.08616,0.50141
242.09430,0.64011
242.10244,1.82038
242.11059,0.25939
242.11873,1.60253
242.12687,0.25615
242.13501,0.60823
242.14315,0.12579
242.15130,1.10662
242.15944,2.53396
242.16758,1.24210
242.17572,0.53015
242.18387,0.12689
242.19201,0.00061
242.20015,0.78950
242.20829,0.98187
242.21643,0.91997
242.22458,0.18441
242.23272,0.34502
242.24086,0.22605
242.24900,0.23021
242.25715,0.05537
242.26529,1.74268
242.27343,1.63744
242.28157,5.04612
242.28971,0.79613
242.29786,0.97054
242.30600,0.82760
242.31414,0.17070
242.32228,0.68947
242.33043,0.65916
242.33857,0.00570
242.34671,7.19713
242.35485,1.15494
242.36300,0.23889
242.37114,0.31526
242.37928,0.98659
242.38742,5.75285
242.39556,0.47587
242.40371,0.25554
242.41185,1.35875
242.41999,0.00049
242.42813,0.23833
242.43628,0.56906
242.44442,1.10127
242.45256,0.21609
242.46070,0.44395
242.46884,0.46950
242.47699,0.97434
242.48513,0.52164
242.49327,2.33507
242.50141,2.78217
242.50956,0.75610
242.51770,1.07875
242.52584,0.47430
242.53398,0.77012
242.54213,0.43550
242.55027,0.42145
242.55841,6.10965
242.56655,0.31159
242.57469,0.20114
242.58284,0.23021
242.59098,1.44768
242.59912,2.93804
242.60726,0.48872
242.61541,0.81222
242.62355,0.66904
242.63169,2.39811
242.63983,0.07567
242.64797,0.35069
242.65612,2.77419
242.66426,1.01639
242.67240,0.56344
242.68054,2.28197
242.68869,1.33929
242.69683,0.27061
242.70497,3.64085
242.71311,1.51818
242.72126,0.34574
242.72940,0.60305
242.73754,0.45119
242.74568,0.11042
242.75382,0.95068
242.76197,0.38948
242.77011,1.43634
242.77825,0.62071
242.78639,1.86278
242.79454,0.62037
242.80268,0.01758
242.81082,0.68593
242.81896,0.79946
242.82710,0.05274
242.83525,0.65356
242.84339,0.56395
242.85153,1.04963
242.85967,0.10106
242.86782,1.04895
242.87596,1.03694
242.88410,0.01494
242.89224,0.07773
242.90038,0.78645
242.90853,0.45097
242.91667,0.21661
242.92481,0.27343
242.93295,0.19234
242.94110,1.08268
242.94924,0.56154
242.95738,1.98556
242.96552,1.93028
242.97367,0.03119
242.98181,0.29048
242.98995,0.29136
242.99809,0.73176
243.00623,0.63535
243.01438,0.09012
243.02252,1.00769
243.03066,0.09888
243.03880,2.36022
243.04695,0.17885
243.05509,0.46696
243.06323,1.30030
243.07137,1.96343
243.07951,0.01945
243.08766,0.19544
243.09580,0.26053
243.10394,0.38127
243.11208,1.83082
243.12023,1.27037
243.12837,0.03019
243.13651,1.93347
243.14465,0.22884
243.15280,0.58096
243.16094,3.06384
243.16908,0.44621
243.17722,0.00805
243.18536,0.24224
243.19351,0.04320
243.20165,0.58337
243.20979,1.20487
243.21793,0.03722
243.22608,0.28229
243.23422,0.86848
243.24236,0.33343
243.25050,0.13958
243.25864,0.88474
243.26679,2.10698
243.27493,1.94034
243.28307,0.45830
243.29121,0.86028
243.29936,0.52290
243.30750,0.45657
243.31564,0.66568
243.32378,0.07265
243.33192,1.32571
243.34007,0.08834
243.34821,0.75544
243.35635,0.26260
243.36449,0.65827
243.37264,0.39416
243.38078,1.26999
243.38892,1.89343
243.39706,0.07502
243.40521,0.95085
243.41335,0.41485
243.42149,1.25308
243.42963,2.02270
243.43777,0.23315
243.44592,0.25511
243.45406,1.10040
243.46220,4.68393
243.47034,0.42959
243.47849,0.76566
243.48663,0.05177
243.49477,0.48077
243.50291,1.39546
243.51105,0.25614
243.51920,1.68088
243.52734,0.16076
243.53548,0.21246
243.54362,2.95518
243.55177,0.69878
243.55991,0.38991
243.56805,0.69558
243.57619,1.40125
243.58434,1.03170
243.59248,0.81157
243.60062,2.46148
243.60876,0.64291
243.61690,1.64543
243.62505,3.26066
243.63319,0.16893
243.64133,3.85791
243.64947,0.84665
243.65762,1.74397
243.66576,1.20135
243.67390,0.31092
243.68204,3.56484
243.69018,1.09188
243.69833,1.10625
243.70647,3.03837
243.71461,1.22568
243.72275,0.15116
243.73090,1.35517
243.73904,1.06039
243.74718,0.91225
243.75532,1.27118
243.76347,0.71725
243.77161,0.01707
243.77975,1.01391
243.78789,2.25124
243.79603,0.45374
243.80418,1.09822
243.81232,0.98917
243.82046,4.98902
243.82860,2.15768
243.83675,0.60570
243.84489,4.12585
243.85303,0.68168
243.86117,1.38027
243.86931,1.06077
243.87746,2.03382
243.88560,1.40851
243.89374,0.66601
243.90188,0.40904
243.91003,0.54219
243.91817,0.12063
243.92631,0.09141
243.93445,0.15772
243.94259,0.46730
243.95074,0.05727
243.95888,0.60878
243.96702,0.50845
243.97516,0.40925
243.98331,0.26728
243.99145,0.21988
243.99959,0.40110
244.00773,0.24019
244.01588,0.78108
244.02402,0.39013
244.03216,0.38260
244.04030,0.88068
244.04844,0.01876
244.05659,2.36047
244.06473,0.20333
244.07287,0.91476
244.08101,2.60217
244.08916,2.18871
244.09730,0.07586
244.10544,0.02495
244.11358,0.08194
244.12172,0.27939
244.12987,0.29100
244.13801,0.62206
244.14615,0.79018
244.15429,0.53828
244.16244,0.65000
244.17058,0.25815
244.17872,0.61540
244.18686,0.14171
244.19501,0.10689
244.20315,0.02373
244.21129,1.67810
244.21943,0.30022
244.22757,0.17081
244.23572,2.37699
244.24386,4.06301
244.25200,0.64003
244.26014,1.87337
244.26829,1.23246
244.27643,1.19969
244.28457,0.49495
244.29271,2.32273
244.30085,0.68630
244.30900,0.07180
244.31714,0.17341
244.32528,2.56578
244.33342,1.98437
244.34157,0.16359
244.34971,0.21749
244.35785,0.98414
244.36599,0.37101
244.37413,0.03019
244.38228,4.43774
244.39042,1.64709
244.39856,0.54929
244.40670,2.28405
244.41485,0.00266
244.42299,0.76503
244.43113,1.43527
244.43927,1.04257
244.44742,0.05669
244.45556,1.55803
244.46370,0.11487
244.47184,0.55565
244.47998,1.53611
244.48813,0.04839
244.49627,0.64456
244.50441,0.91518
244.51255,2.44159
244.52070,0.61748
244.52884,1.60246
244.53698,3.19702
244.54512,0.98699
244.55326,0.05111
244.56141,2.94725
244.56955,1.06777
244.57769,0.71381
244.58583,1.61904
244.59398,0.53491
244.60212,1.62849
244.61026,0.33168
244.61840,0.65431
244.62655,2.56992
244.63469,1.04146
244.64283,0.30025
244.65097,0.39789
244.65911,0.58439
244.66726,0.34270
244.67540,0.02846
244.68354,0.00949
244.69168,0.10161
244.69983,1.32273
244.70797,0.18262
244.71611,0.83414
244.72425,0.86473
244.73239,0.72543
244.74054,0.56645
244.74868,0.16001
244.75682,3.47187
244.76496,1.59685
244.77311,0.85865
244.78125,0.03995
244.78939,2.72685
244.79753,0.44448
244.80567,2.12955
244.81382,1.39820
244.82196,0.07791
244.83010,0.31062
244.83824,1.54732
244.84639,0.76785
244.85453,0.31115
244.86267,1.35738
244.87081,0.27012
244.87896,0.27760
244.88710,0.03580
244.89524,0.79131
244.90338,1.97287
244.91152,0.82870
244.91967,0.19255
244.92781,0.11848
244.93595,2.35960
244.94409,0.17181
244.95224,0.58585
244.96038,0.32548
244.96852,0.96520
244.97666,0.19262
244.98480,0.03770
244.99295,0.04117
245.00109,0.82889
245.00923,1.24726
245.01737,0.77246
245.02552,0.82432
245.03366,0.42404
245.04180,0.21744
245.04994,0.75782
245.05809,0.03230
245.06623,0.56975
245.07437,1.16831
245.08251,1.00585
245.09065,0.02536
245.09880,0.22052
245.10694,0.13121
245.11508,0.38269
245.12322,0.63896
245.13137,1.14790
245.13951,0.04770
245.14765,0.08145
245.15579,1.50610
245.16393,0.18018
245.17208,0.00360
245.18022,1.92849
245.18836,0.42140
245.19650,0.77479
245.20465,0.96341
245.21279,2.22546
245.22093,0.44532
245.22907,1.05826
245.23722,0.40010
245.24536,1.06615
245.25350,0.19752
245.26164,0.63992
245.26978,0.82215
245.27793,0.92994
245.28607,0.17006
245.29421,0.31898
245.30235,0.63535
245.31050,0.06233
245.31864,0.34665
245.32678,0.41207
245.33492,1.73161
245.34306,1.68952
245.35121,0.18911
245.35935,2.03721
245.36749,1.39733
245.37563,0.17801
245.38378,0.26366
245.39192,0.34089
245.40006,0.77964
245.40820,3.85093
245.41634,1.37303
245.42449,0.45173
245.43263,2.16011
245.44077,1.81596
245.44891,0.01316
245.45706,0.16147
245.46520,1.20440
245.47334,0.29992
245.48148,2.61167
245.48963,0.63545
245.49777,0.21019
245.50591,0.64566
245.51405,2.15726
245.52219,0.28421
245.53034,2.96859
245.53848,0.50346
245.54662,1.28514
245.55476,0.01486
245.56291,0.35487
245.57105,0.90388
245.57919,0.15517
245.58733,0.54044
245.59547,2.77102
245.60362,0.84917
245.61176,0.01459
245.61990,1.28438
245.62804,2.33225
245.63619,0.04823
245.64433,0.38559
245.65247,2.98365
245.66061,0.73860
245.66876,1.60346
245.67690,0.67062
245.68504,1.10904
245.69318,0.43087
245.70132,0.34777
245.70947,0.05190
245.71761,0.17669
245.72575,2.76339
245.73389,1.18167
245.74204,1.38896
245.75018,0.20069
245.75832,0.72042
245.76646,0.08498
245.77460,0.22415
245.78275,0.77843
245.79089,1.36829
245.79903,0.45463
245.80717,0.34629
245.81532,0.01707
245.82346,0.64276
245.83160,0.31225
245.83974,0.91509
245.84788,0.49570
245.85603,0.68276
245.86417,0.81803
245.87231,2.99983
245.88045,1.46883
245.88860,0.21994
245.89674,0.05296
245.90488,0.59713
245.91302,6.05066
245.92117,0.84281
245.92931,0.99702
245.93745,0.82963
245.94559,0.53206
245.95373,1.41402
245.96188,0.58292
245.97002,0.44711
245.97816,2.27194
245.98630,2.37458
245.99445,0.26321
246.00259,0.52369
246.01073,0.97086
246.01887,0.58348
246.02701,0.28060
246.03516,0.28544
246.04330,1.09858
246.05144,2.65886
246.05958,0.31652
246.06773,0.08403
246.07587,0.84853
246.08401,0.48447
246.09215,1.56376
246.10030,1.99675
246.10844,0.07699
246.11658,0.31985
246.12472,1.36171
246.13286,0.10410
246.14101,0.21715
246.14915,1.45098
246.15729,1.83155
246.16543,0.60953
246.17358,3.36808
246.18172,1.84164
246.18986,0.08006
246.19800,0.27378
246.20614,0.15522
246.21429,0.46042
246.22243,0.75344
246.23057,0.18941
246.23871,0.12320
246.24686,0.24787
246.25500,0.19411
246.26314,1.00973
246.27128,0.03465
246.27943,1.42879
246.28757,0.09577
246.29571,1.03747
246.30385,0.31083
246.31199,0.69831
246.32014,1.51704
246.32828,1.32938
246.33642,0.33662
246.34456,1.03867
246.35271,0.48583
246.36085,0.35515
246.36899,1.86463
246.37713,2.43384
246.38527,0.22007
246.39342,0.23726
246.40156,0.97735
246.40970,2.57732
246.41784,5.19081
246.42599,1.38352
246.43413,0.07949
246.44227,1.09086
246.45041,0.05614
246.45855,1.42623
246.46670,3.06100
246.47484,0.26187
246.48298,1.00286
246.49112,1.72429
246.49927,0.70454
246.50741,0.70903
246.51555,2.36733
246.52369,0.45636
246.53184,0.74541
246.53998,0.28104
246.54812,0.26163
246.55626,1.21939
246.56440,4.08343
246.57255,0.38858
246.58069,0.44258
246.58883,2.60536
246.59697,1.19944
246.60512,0.20985
246.61326,0.16981
246.62140,0.01215
246.62954,0.75567
246.63768,0.24017
246.64583,1.41459
246.65397,0.29456
246.66211,0.97426
246.67025,0.35611
246.67840,0.29633
246.68654,0.71420
246.69468,1.91920
246.70282,1.86627
246.71097,1.05492
246.71911,0.75491
246.72725,2.12911
246.73539,0.83603
246.74353,1.37640
246.75168,1.57335
246.75982,0.59229
246.76796,1.49975
246.77610,0.61451
246.78425,0.06436
246.79239,0.21195
246.80053,0.74451
246.80867,0.70494
246.81681,1.05621
246.82496,0.34328
246.83310,0.06300
246.84124,0.55773
246.84938,0.45641
246.85753,1.11935
246.86567,0.63645
246.87381,2.21488
246.88195,0.19599
246.89009,0.99640
246.89824,2.17204
246.90638,1.50197
246.91452,0.08100
246.92266,0.80264
246.93081,0.91912
246.93895,1.01639
246.94709,2.97886
246.95523,0.59648
246.96338,0.05906
246.97152,1.52371
246.97966,1.27223
246.98780,1.58304
246.99594,0.77326
247.00409,6.99854
247.01223,0.26644
247.02037,0.58724
247.02851,0.42386
247.03666,1.36840
247.04480,0.09380
247.05294,0.05072
247.06108,0.87267
247.06922,0.81374
247.07737,0.04886
247.08551,0.81641
247.09365,1.31251
247.10179,0.41134
247.10994,2.53045
247.11808,0.00430
247.12622,1.81362
247.13436,0.31993
247.14251,0.24053
247.15065,1.96766
247.15879,0.89868
247.16693,0.53665
247.17507,0.72917
247.18322,1.00580
247.19136,1.18947
247.19950,0.90004
247.20764,0.72862
247.21579,0.06356
247.22393,1.08505
247.23207,4.67349
247.24021,1.50962
247.24835,1.46270
247.25650,0.37529
247.26464,0.02283
247.27278,0.92458
247.28092,3.33530
247.28907,0.44519
247.29721,0.24468
247.30535,0.39417
247.31349,1.59033
247.32163,0.04289
247.32978,0.00099
247.33792,1.35953
247.34606,1.84650
247.35420,2.15506
247.36235,1.06261
247.37049,0.21005
247.37863,0.54691
247.38677,1.82071
247.39492,2.35737
247.40306,0.56516
247.41120,2.15845
247.41934,2.28738
247.42748,0.48898
247.43563,2.51030
247.44377,0.53953
247.45191,0.21534
247.46005,3.07358
247.46820,0.72041
247.47634,2.08499
247.48448,2.16372
247.49262,0.71360
247.50076,1.96660
247.50891,2.26440
247.51705,0.45285
247.52519,0.42276
247.53333,0.51402
247.54148,1.38595
247.54962,1.09238
247.55776,0.61345
247.56590,0.12186
247.57405,0.43298
247.58219,3.05533
247.59033,1.19580
247.59847,1.51398
247.60661,0.13903
247.61476,0.18233
247.62290,1.49233
247.63104,0.71067
247.63918,0.37611
247.64733,0.80773
247.65547,0.85744
247.66361,1.75059
247.67175,0.00364
247.67989,3.01470
247.68804,2.39832
247.69618,0.99940
247.70432,0.67165
247.71246,0.46011
247.72061,1.90748
247.72875,0.54789
247.73689,0.21846
247.74503,1.90233
247.75318,7.49507
247.76132,1.90869
247.76946,2.37794
247.77760,0.62567
247.78574,0.84938
247.79389,3.13914
247.80203,3.33554
247.81017,0.33955
247.81831,8.56459
247.82646,2.84905
247.83460,0.73717
247.84274,0.57268
247.85088,0.29370
247.85902,2.91019
247.86717,0.89418
247.87531,1.74211
247.88345,0.46077
247.89159,0.34625
247.89974,0.55645
247.90788,2.07998
247.91602,1.46088
247.92416,0.06953
247.93230,0.69814
247.94045,1.37368
247.94859,0.72462
247.95673,1.60101
247.96487,1.61703
247.97302,0.14731
247.98116,0.26905
247.98930,0.52370
247.99744,2.14816
248.00559,2.76235
248.01373,0.82675
248.02187,2.28723
248.03001,0.14427
248.03815,0.10169
248.04630,0.70333
248.05444,0.35601
248.06258,0.23499
248.07072,0.09767
248.07887,2.13316
248.08701,0.81743
248.09515,0.34174
248.10329,0.01973
248.11143,0.74643
248.11958,3.72087
248.12772,2.00207
248.13586,0.63344
248.14400,4.00385
248.15215,2.20964
248.16029,1.23354
248.16843,0.70865
248.17657,0.90431
248.18472,1.75901
248.19286,0.02347
248.20100,1.16672
248.20914,2.02603
248.21728,3.39367
248.22543,6.94704
248.23357,0.46012
248.24171,0.01732
248.24985,0.90765
248.25800,0.48944
248.26614,1.33705
248.27428,0.71618
248.28242,0.43862
248.29056,0.59268
248.29871,1.96216
248.30685,1.08309
248.31499,4.15369
248.32313,1.82061
248.33128,2.70410
248.33942,0.83459
248.34756,0.17078
248.35570,0.14181
248.36384,3.40484
248.37199,1.59900
248.38013,0.78415
248.38827,0.19281
248.39641,1.20432
248.40456,2.14266
248.41270,1.36217
248.42084,1.47687
248.42898,0.78675
248.43713,0.95223
248.44527,2.06096
248.45341,0.22117
248.46155,0.60084
248.46969,0.04459
248.47784,0.37285
248.48598,0.47393
248.49412,0.50408
248.50226,0.10946
248.51041,0.48707
248.51855,0.48760
248.52669,0.74947
248.53483,0.17071
248.54297,0.18739
248.55112,0.11754
248.55926,0.39118
248.56740,0.86387
248.57554,0.05208
248.58369,0.66807
248.59183,1.05260
248.59997,0.97931
248.60811,1.26454
248.61626,0.01133
248.62440,0.38215
248.63254,1.29775
248.64068,0.92931
248.64882,2.23898
248.65697,1.91075
248.66511,0.01029
248.67325,1.04554
248.68139,0.11233
248.68954,0.41564
248.69768,0.66514
248.70582,0.64349
248.71396,0.58886
248.72210,2.71501
248.73025,1.37504
248.73839,0.70007
248.74653,0.76768
248.75467,1.83319
248.76282,0.25037
248.77096,0.09778
248.77910,0.17558
248.78724,1.64573
248.79539,0.26113
248.80353,0.16467
248.81167,1.67604
248.81981,0.09618
248.82795,0.81919
248.83610,0.10023
248.84424,1.26352
248.85238,0.12771
248.86052,0.81354
248.86867,0.78121
248.87681,2.38485
248.88495,0.14494
248.89309,1.15697
248.90123,0.03345
248.90938,0.14004
248.91752,0.34524
248.92566,0.87341
248.93380,0.03969
248.94195,0.25821
248.95009,0.68726
248.95823,0.41319
248.96637,0.29081
248.97451,1.75849
248.98266,0.51802
248.99080,1.07915
248.99894,0.03215
249.00708,0.85825
249.01523,0.60931
249.02337,1.04737
249.03151,0.20788
249.03965,1.38709
249.04780,0.75912
249.05594,1.09270
249.06408,0.03826
249.07222,1.92188
249.08036,0.02909
249.08851,0.21959
249.09665,0.06589
249.10479,0.60652
249.11293,0.05861
249.12108,0.43847
249.12922,1.56222
249.13736,0.51517
249.14550,0.52020
249.15364,0.07311
249.16179,2.49042
249.16993,0.15333
249.17807,2.66513
249.18621,1.04696
249.19436,0.60912
249.20250,1.00645
249.21064,0.22114
249.21878,1.14713
249.22693,0.26174
249.23507,0.76181
249.24321,0.35139
249.25135,2.23046
249.25949,3.21570
249.26764,0.45143
249.27578,1.35982
249.28392,0.18165
249.29206,0.49517
249.30021,1.58534
249.30835,1.09825
249.31649,1.59836
249.32463,1.20018
249.33277,1.12148
249.34092,0.26759
249.34906,2.18456
249.35720,0.55744
249.36534,2.72455
249.37349,5.58362
249.38163,0.20667
249.38977,1.15402
249.39791,2.53149
249.40605,5.34463
249.41420,0.60877
249.42234,0.81585
249.43048,1.05818
249.43862,0.80350
249.44677,0.01415
249.45491,1.35567
249.46305,1.71529
249.47119,1.68248
249.47934,0.38930
249.48748,0.69062
249.49562,0.03967
249.50376,0.32457
249.51190,2.57033
249.52005,0.14498
249.52819,1.64051
249.53633,0.01378
249.54447,0.00023
249.55262,1.72482
249.56076,0.56249
249.56890,0.29984
249.57704,0.07685
249.58518,0.57782
249.59333,0.55657
249.60147,0.85807
249.60961,1.29462
249.61775,1.24448
249.62590,2.39106
249.63404,3.99253
249.64218,1.63903
249.65032,1.33794
249.65847,2.09901
249.66661,1.27334
249.67475,1.03096
249.68289,0.58634
249.69103,2.90384
249.69918,1.11874
249.70732,0.62238
249.71546,0.55036
249.72360,0.39895
249.73175,0.48933
249.73989,1.00607
249.74803,0.83929
249.75617,4.76894
249.76431,2.19878
249.77246,0.97258
249.78060,0.88105
249.78874,0.51681
249.79688,4.78907
249.80503,0.42539
249.81317,2.25893
249.82131,0.73937
249.82945,1.20833
249.83759,2.89126
249.84574,1.47834
249.85388,1.26507
249.86202,0.11887
249.87016,3.30124
249.87831,0.52201
249.88645,0.11633
249.89459,0.15892
249.90273,0.55025
249.91088,1.33815
249.91902,0.12871
249.92716,0.34922
249.93530,0.17141
249.94344,4.36580
249.95159,0.36915
249.95973,2.58007
249.96787,1.23340
249.97601,2.15336
249.98416,0.47247
249.99230,0.12415
250.00044,0.03141
250.00858,0.42916
250.01672,0.14041
250.02487,0.88001
250.03301,0.87853
250.04115,0.06570
250.04929,0.78657
250.05744,1.96329
250.06558,1.40423
250.07372,0.82318
250.08186,0.52978
250.09001,0.16427
250.09815,1.50660
250.10629,3.25926
250.11443,0.16720
250.12257,1.89783
250.13072,0.18500
250.13886,0.20995
250.14700,0.03220
250.15514,1.25686
250.16329,1.98613
250.17143,0.12461
250.17957,0.56320
250.18771,1.03096
250.19585,0.09206
250.20400,0.01327
250.21214,0.87663
250.22028,1.69992
250.22842,0.69502
250.23657,0.09095
250.24471,0.15996
250.25285,1.52584
250.26099,0.77447
250.26914,1.03654
250.27728,0.48816
250.28542,3.22845
250.29356,2.99484
250.30170,0.24578
250.30985,0.92546
250.31799,3.85873
250.32613,1.02141
250.33427,0.05013
250.34242,1.27633
250.35056,1.41127
250.35870,3.49093
250.36684,0.55085
250.37498,2.32395
250.38313,3.89633
250.39127,1.61075
250.39941,2.41169
250.40755,0.95826
250.41570,0.07764
250.42384,0.75964
250.43198,1.73440
250.44012,2.27174
250.44826,2.53974
250.45641,0.09841
250.46455,2.37711
250.47269,1.06994
250.48083,0.11782
250.48898,1.57203
250.49712,1.59213
250.50526,1.47012
250.51340,1.89704
250.52155,2.17433
250.52969,0.79757
250.53783,0.30995
250.54597,1.08233
250.55411,3.49566
250.56226,2.90009
250.57040,0.44545
250.57854,0.07164
250.58668,3.50760
250.59483,0.19075
250.60297,0.50023
250.61111,7.39734
250.61925,0.56325
250.62739,0.33428
250.63554,0.43031
250.64368,1.45019
250.65182,4.01079
250.65996,1.82233
250.66811,0.42199
250.67625,0.97942
250.68439,0.51597
250.69253,0.85335
250.70068,0.17855
250.70882,4.50070
250.71696,0.53441
250.72510,0.12010
250.73324,0.78817
250.74139,0.82570
250.74953,2.95340
250.75767,2.01578
250.76581,2.39626
250.77396,1.72689
250.78210,2.83358
250.79024,0.56326
250.79838,0.73741
250.80652,3.24208
250.81467,1.22975
250.82281,6.20477
250.83095,2.23685
250.83909,0.33977
250.84724,0.42858
250.85538,1.18348
250.86352,0.05198
250.87166,1.72312
250.87980,0.83172
250.88795,5.41260
250.89609,0.92211
250.90423,0.47964
250.91237,3.36849
250.92052,0.56381
250.92866,0.86610
250.93680,2.00389
250.94494,1.90009
250.95309,0.36483
250.96123,6.77299
250.96937,0.78961
250.97751,3.69398
250.98565,2.08427
250.99380,2.61009
251.00194,0.13054
251.01008,0.13971
251.01822,0.06793
251.02637,0.34204
251.03451,0.04745
251.04265,0.24310
251.05079,0.40172
251.05893,1.42539
251.06708,1.31440
251.07522,1.77760
251.08336,0.37939
251.09150,0.54680
251.09965,0.09991
251.10779,1.71520
251.11593,0.07377
251.12407,1.50735
251.13222,0.96196
251.14036,0.23937
251.14850,0.74256
251.15664,0.19599
251.16478,0.22493
251.17293,0.14699
251.18107,0.93088
251.18921,0.44144
251.19735,0.32496
251.20550,0.48626
251.21364,0.17521
251.22178,0.78698
251.22992,0.05652
251.23806,0.06497
251.24621,0.47644
251.25435,1.36298
251.26249,2.25281
251.27063,1.94798
251.27878,0.05983
251.28692,0.37023
251.29506,0.28196
251.30320,0.88846
251.31134,0.16484
251.31949,0.85656
251.32763,0.82350
251.33577,0.06555
251.34391,0.62709
251.35206,0.15930
251.36020,1.22638
251.36834,6.52482
251.37648,2.34348
251.38463,0.50401
251.39277,1.87770
251.40091,0.35014
251.40905,0.43557
251.41719,1.02977
251.42534,0.07967
251.43348,1.18195
251.44162,1.16439
251.44976,0.65064
251.45791,0.86130
251.46605,1.26650
251.47419,2.14896
251.48233,0.91863
251.49047,1.20678
251.49862,1.98744
251.50676,1.19404
251.51490,0.57325
251.52304,3.46680
251.53119,1.21383
251.53933,1.11120
251.54747,4.17249
251.55561,0.85877
251.56376,0.16482
251.57190,0.68347
251.58004,0.44678
251.58818,0.09629
251.59632,1.57718
251.60447,0.25060
251.61261,0.10963
251.62075,1.54304
251.62889,1.70679
251.63704,1.62835
251.64518,0.43667
251.65332,1.55536
251.66146,2.34930
251.66960,0.22556
251.67775,0.37267
251.68589,0.82754
251.69403,0.01283
251.70217,0.45154
251.71032,1.64470
251.71846,0.90908
251.72660,0.84580
251.73474,0.15221
251.74289,0.43909
251.75103,2.27282
251.75917,0.34237
251.76731,0.86690
251.77545,0.13845
251.78360,0.87447
251.79174,2.29300
251.79988,0.57527
251.80802,1.74432
251.81617,0.11734
251.82431,1.56948
251.83245,1.66954
251.84059,0.23916
251.84873,0.22484
251.85688,1.45831
251.86502,1.40898
251.87316,1.83304
251.88130,0.03826
251.88945,0.78301
251.89759,0.08775
251.90573,0.40688
251.91387,0.10862
251.92201,1.14724
251.93016,0.08782
251.93830,0.54233
251.94644,0.60342
251.95458,0.05767
251.96273,1.62738
251.97087,0.03847
251.97901,1.51089
251.98715,1.63780
251.99530,0.75888
252.00344,0.89278
252.01158,1.16056
252.01972,0.30528
252.02786,1.50313
252.03601,3.66935
252.04415,2.34696
252.05229,3.80669
252.06043,0.44774
252.06858,0.51992
252.07672,0.41784
252.08486,0.46144
252.09300,1.68968
252.10114,0.82021
252.10929,0.08036
252.11743,2.17303
252.12557,2.83816
252.13371,0.33194
252.14186,0.12337
252.15000,0.78782
252.15814,0.52442
252.16628,1.05279
252.17443,0.46678
252.18257,1.53453
252.19071,2.84904
252.19885,0.77176
252.20699,0.91901
252.21514,0.03898
252.22328,0.12865
252.23142,0.62019
252.23956,0.06527
252.24771,0.76762
252.25585,0.31655
252.26399,0.21441
252.27213,0.91850
252.28027,0.86549
252.28842,0.61718
252.29656,0.66410
252.30470,0.15881
252.31284,2.12359
252.32099,1.93412
252.32913,0.17499
252.33727,0.24605
252.34541,1.97128
252.35355,0.78305
252.36170,0.42761
252.36984,0.31032
252.37798,0.24891
252.38612,0.25123
252.39427,0.78720
252.40241,0.62214
252.41055,1.52057
252.41869,0.47948
252.42684,1.51318
252.43498,0.66260
252.44312,0.78953
252.45126,0.33741
252.45940,0.92509
252.46755,0.11801
252.47569,0.50681
252.48383,2.11873
252.49197,0.19602
252.50012,0.09961
252.50826,0.35002
252.51640,0.14657
252.52454,0.09356
252.53268,0.79414
252.54083,0.67463
252.54897,0.27894
252.55711,0.02021
252.56525,3.15173
252.57340,3.83523
252.58154,1.69513
252.58968,0.89816
252.59782,0.61014
252.60597,0.54798
252.61411,0.71671
252.62225,0.12378
252.63039,0.65177
252.63853,0.42185
252.64668,4.41616
252.65482,3.16809
252.66296,1.45149
252.67110,1.38923
252.67925,5.38132
252.68739,1.85874
252.69553,0.88367
252.70367,0.90664
252.71181,1.64669
252.71996,1.36439
252.72810,1.15058
252.73624,3.00939
252.74438,0.22436
252.75253,2.40691
252.76067,0.99598
252.76881,0.78436
252.77695,0.18924
252.78510,1.03722
252.79324,0.23919
252.80138,1.01893
252.80952,0.63097
252.81766,0.81388
252.82581,0.31291
252.83395,0.02503
252.84209,0.45036
252.85023,1.78541
252.85838,0.37961
252.86652,0.04278
252.87466,1.03472
252.88280,0.67618
252.89094,6.22611
252.89909,0.56522
252.90723,0.34446
252.91537,0.48494
252.92351,1.75772
252.93166,2.73154
252.93980,3.35201
252.94794,0.18491
252.95608,0.26940
252.96422,0.68342
252.97237,1.40909
252.98051,0.27085
252.98865,0.52452
252.99679,1.18994
253.00494,0.72558
253.01308,1.47525
253.02122,3.14726
253.02936,0.02316
253.03751,1.27423
253.04565,2.40850
253.05379,0.97698
253.06193,0.37317
253.07007,0.14341
253.07822,1.26083
253.08636,2.21553
253.09450,0.00624
253.10264,1.30602
253.11079,0.10033
253.11893,1.29584
253.12707,0.32085
253.13521,0.71107
253.14335,0.98698
253.15150,3.61118
253.15964,1.08573
253.16778,1.54339
253.17592,0.36901
253.18407,1.31993
253.19221,1.38234
253.20035,1.62521
253.20849,0.80043
253.21664,0.69494
253.22478,0.52699
253.23292,0.83319
253.24106,0.55474
253.24920,3.02665
253.25735,0.66704
253.26549,0.85297
253.27363,0.18529
253.28177,0.65670
253.28992,1.12492
253.29806,0.76198
253.30620,1.84958
253.31434,0.11701
253.32248,0.21274
253.33063,1.93155
253.33877,2.49030
253.34691,0.03713
253.35505,0.94018
253.36320,1.38072
253.37134,0.98944
253.37948,0.40409
253.38762,0.87968
253.39576,0.63104
253.40391,0.02137
253.41205,0.39346
253.42019,0.80278
253.42833,3.97466
253.43648,0.18101
253.44462,0.85159
253.45276,3.53228
253.46090,0.04701
253.46905,0.16077
253.47719,0.09580
253.48533,1.38846
253.49347,0.61424
253.50161,0.79987
253.50976,0.56532
253.51790,1.26748
253.52604,0.45656
253.53418,0.35085
253.54233,0.96497
253.55047,0.39367
253.55861,0.64585
253.56675,2.15232
253.57489,0.05073
253.58304,2.23272
253.59118,0.04593
253.59932,2.44647
253.60746,0.39501
253.61561,0.83994
253.62375,3.45944
253.63189,1.16859
253.64003,1.19910
253.64818,0.64229
253.65632,0.21496
253.66446,1.62717
253.67260,0.18686
253.68074,0.52390
253.68889,0.70777
253.69703,1.71695
253.70517,1.71730
253.71331,0.66779
253.72146,0.34929
253.72960,0.96552
253.73774,0.38084
253.74588,1.08921
253.75402,2.45643
253.76217,0.20052
253.77031,0.28733
253.77845,0.54223
253.78659,0.16873
253.79474,0.45766
253.80288,0.22284
253.81102,1.26722
253.81916,0.04627
253.82730,1.13525
253.83545,1.03565
253.84359,0.28071
253.85173,3.36445
253.85987,1.36456
253.86802,1.47947
253.87616,0.10016
253.88430,1.16019
253.89244,2.94921
253.90059,2.11501
253.90873,0.50502
253.91687,1.14045
253.92501,1.80056
253.93315,0.52339
253.94130,0.14117
253.94944,0.80637
253.95758,1.19320
253.96572,0.75338
253.97387,4.31385
253.98201,5.64628
253.99015,0.37567
253.99829,0.63577
254.00643,0.15558
254.01458,0.86262
254.02272,0.88706
254.03086,3.24171
254.03900,3.46019
254.04715,0.02543
254.05529,0.24180
254.06343,0.50762
254.07157,0.50211
254.07972,0.75781
254.08786,2.18136
254.09600,0.18658
254.10414,1.27885
254.11228,0.96793
254.12043,1.95956
254.12857,0.02036
254.13671,0.48752
254.14485,0.27422
254.15300,0.58524
254.16114,0.73135
254.16928,1.28090
254.17742,2.40631
254.18556,3.07971
254.19371,0.26660
254.20185,0.78219
254.20999,0.21093
254.21813,0.20565
254.22628,0.93295
254.23442,0.67763
254.24256,0.34029
254.25070,0.34066
254.25885,0.34624
254.26699,1.13068
254.27513,1.64786
254.28327,0.29701
254.29141,0.97860
254.29956,0.57975
254.30770,1.04251
254.31584,0.36018
254.32398,0.43142
254.33213,1.94134
254.34027,0.90608
254.34841,2.44147
254.35655,0.43640
254.36469,0.24143
254.37284,1.06688
254.38098,0.16079
254.38912,1.01601
254.39726,0.75462
254.40541,0.02518
254.41355,1.61182
254.42169,1.12784
254.42983,0.18816
254.43797,1.72864
254.44612,0.30803
254.45426,0.17530
254.46240,0.14914
254.47054,1.55648
254.47869,2.23109
254.48683,1.53825
254.49497,1.47874
254.50311,0.84402
254.51126,0.83960
254.51940,0.94268
254.52754,0.22753
254.53568,0.09499
254.54382,0.31272
254.55197,0.08241
254.56011,0.18749
254.56825,2.69184
254.57639,0.73601
254.58454,0.80698
254.59268,0.30321
254.60082,1.29699
254.60896,1.15255
254.61710,2.78003
254.62525,0.22448
254.63339,1.10293
254.64153,0.67644
254.64967,0.70583
254.65782,2.09458
254.66596,2.95153
254.67410,1.72510
254.68224,0.10276
254.69039,0.01885
254.69853,1.46614
254.70667,0.47942
254.71481,0.92654
254.72295,0.16553
254.73110,2.94719
254.73924,0.12453
254.74738,1.34473
254.75552,1.42408
254.76367,0.56373
254.77181,1.05228
254.77995,0.80361
254.78809,1.69535
254.79623,0.44511
254.80438,0.03277
254.81252,2.38814
254.82066,0.49426
254.82880,1.20454
254.83695,0.45532
254.84509,0.25543
254.85323,2.29311
254.86137,0.34502
254.86951,0.61385
254.87766,0.38630
254.88580,0.15435
254.89394,0.85774
254.90208,0.16037
254.91023,2.24240
254.91837,0.01773
254.92651,0.07249
254.93465,0.36013
254.94280,0.23148
254.95094,0.41525
254.95908,0.07355
254.96722,2.15989
254.97536,2.36849
254.98351,0.03014
254.99165,0.40619
254.99979,1.34558
255.00793,3.70232
255.01608,1.65689
255.02422,0.10648
255.03236,0.13630
255.04050,0.49642
255.04864,0.46355
255.05679,0.33368
255.06493,0.80680
255.07307,2.07476
255.08121,0.23723
255.08936,1.23857
255.09750,1.23107
255.10564,0.31560
255.11378,0.19558
255.12193,0.14404
255.13007,0.02788
255.13821,1.32282
255.14635,4.61006
255.15449,1.08377
255.16264,1.91811
255.17078,0.24965
255.17892,2.74310
255.18706,1.03810
255.19521,0.80505
255.20335,0.10791
255.21149,0.20870
255.21963,0.32112
255.22777,1.52657
255.23592,0.10790
255.24406,0.93558
255.25220,0.71418
255.26034,0.23193
255.26849,0.00760
255.27663,0.89103
255.28477,1.30043
255.29291,1.23269
255.30106,1.26741
255.30920,2.60117
255.31734,0.13624
255.32548,2.35319
255.33362,0.80113
255.34177,1.04039
255.34991,2.75968
255.35805,0.01815
255.36619,0.28026
255.37434,0.66020
255.38248,1.93972
255.39062,0.90417
255.39876,0.64682
255.40690,1.93291
255.41505,0.22588
255.42319,1.19313
255.43133,0.44572
255.43947,0.47238
255.44762,0.16433
255.45576,2.47676
255.46390,0.29869
255.47204,0.16610
255.48018,1.34393
255.48833,0.12455
255.49647,1.05533
255.50461,0.15720
255.51275,1.51716
255.52090,1.10054
255.52904,0.51704
255.53718,1.85254
255.54532,2.85229
255.55347,0.15996
255.56161,1.27954
255.56975,0.33610
255.57789,1.31036
255.58603,1.12222
255.59418,1.55967
255.60232,0.19449
255.61046,0.97331
255.61860,0.86600
255.62675,0.59126
255.63489,0.03923
255.64303,0.47544
255.65117,1.05245
255.65931,1.26131
255.66746,0.16719
255.67560,0.09866
255.68374,0.07166
255.69188,0.94134
255.70003,0.49253
255.70817,0.38354
255.71631,1.16365
255.72445,0.37035
255.73260,0.44061
255.74074,0.15977
255.74888,0.04940
255.75702,0.01053
255.76516,0.11987
255.77331,0.35565
255.78145,0.69363
255.78959,0.02004
255.79773,0.45834
255.80588,0.25312
255.81402,0.06180
255.82216,0.07571
255.83030,2.61773
255.83844,0.23157
255.84659,0.27609
255.85473,0.00987
255.86287,0.55360
255.87101,0.16457
255.87916,0.27537
255.88730,0.81351
255.89544,2.50852
255.90358,2.30441
255.91172,0.31997
255.91987,0.56101
255.92801,0.65989
255.93615,0.69444
255.94429,2.24273
255.95244,2.49588
255.96058,2.10053
255.96872,0.53626
255.97686,0.45147
255.98501,0.84453
255.99315,0.51243
256.00129,0.00828
256.00943,0.14900
256.01757,0.23621
256.02572,0.93669
256.03386,1.05713
256.04200,0.51333
256.05014,0.53085
256.05829,1.42623
256.06643,0.56066
256.07457,0.52949
256.08271,0.03549
256.09085,0.68448
256.09900,2.50407
256.10714,1.19419
256.11528,0.97001
256.12342,2.30541
256.13157,1.91611
256.13971,0.82924
256.14785,0.13919
256.15599,1.30263
256.16414,0.20690
256.17228,0.85734
256.18042,0.49233
256.18856,0.06310
256.19670,0.46146
256.20485,1.14980
256.21299,0.81378
256.22113,1.06861
256.22927,0.00255
256.23742,1.07819
256.24556,1.05125
256.25370,3.16761
256.26184,0.62026
256.26998,0.72098
256.27813,0.15239
256.28627,0.58435
256.29441,0.16375
256.30255,0.09031
256.31070,1.28052
256.31884,2.23716
256.32698,0.48175
256.33512,3.54577
256.34326,1.30012
256.35141,0.11743
256.35955,0.75086
256.36769,2.37956
256.37583,0.07724
256.38398,0.17715
256.39212,0.07134
256.40026,0.94084
256.40840,0.30902
256.41655,0.53894
256.42469,1.46442
256.43283,4.90825
256.44097,0.67933
256.44911,1.30557
256.45726,1.57979
256.46540,1.36779
256.47354,2.12198
256.48168,0.81814
256.48983,0.94809
256.49797,2.27032
256.50611,2.50293
256.51425,0.14774
256.52239,1.19688
256.53054,0.10951
256.53868,1.17764
256.54682,1.03536
256.55496,2.77949
256.56311,1.87307
256.57125,0.76046
256.57939,0.87468
256.58753,0.92418
256.59568,0.00404
256.60382,1.83664
256.61196,2.14823
256.62010,0.26920
256.62824,0.44446
256.63639,0.13697
256.64453,0.24632
256.65267,0.28684
256.66081,0.80340
256.66896,0.35620
256.67710,0.95451
256.68524,0.59990
256.69338,1.98768
256.70152,1.82175
256.70967,0.14360
256.71781,0.23168
256.72595,1.17905
256.73409,2.32108
256.74224,0.60543
256.75038,1.68526
256.75852,1.00697
256.76666,1.06921
256.77481,0.09546
256.78295,0.19473
256.79109,0.75474
256.79923,0.00827
256.80737,0.97453
256.81552,0.14711
256.82366,1.53872
256.83180,2.52345
256.83994,0.34801
256.84809,0.32298
256.85623,0.99411
256.86437,0.25447
256.87251,1.06771
256.88065,5.94123
256.88880,1.37406
256.89694,1.78757
256.90508,0.27101
256.91322,1.00151
256.92137,1.04893
256.92951,1.26884
256.93765,0.19022
256.94579,0.00832
256.95393,0.47696
256.96208,2.15755
256.97022,2.31943
256.97836,0.88440
256.98650,0.03685
256.99465,0.24936
257.00279,0.67517
257.01093,1.09169
257.01907,0.51169
257.02722,0.22741
257.03536,1.26351
257.04350,0.51983
257.05164,0.04222
257.05978,0.12948
257.06793,0.13841
257.07607,0.88133
257.08421,0.10947
257.09235,0.02617
257.10050,0.50329
257.10864,2.14778
257.11678,0.76025
257.12492,0.02197
257.13306,0.00901
257.14121,1.71402
257.14935,6.77629
257.15749,0.45927
257.16563,0.24420
257.17378,0.09276
257.18192,0.57519
257.19006,0.42247
257.19820,1.93609
257.20635,0.02222
257.21449,1.27844
257.22263,0.36193
257.23077,0.13090
257.23891,0.33677
257.24706,0.71599
257.25520,1.00106
257.26334,0.72525
257.27148,1.68526
257.27963,1.42920
257.28777,1.62496
257.29591,0.63043
257.30405,0.25375
257.31219,1.97723
257.32034,0.15624
257.32848,1.85204
257.33662,0.99404
257.34476,0.96779
257.35291,2.79343
257.36105,6.00842
257.36919,1.85324
257.37733,0.64137
257.38547,0.95194
257.39362,1.53625
257.40176,1.89269
257.40990,0.31245
257.41804,1.23439
257.42619,1.75173
257.43433,1.33454
257.44247,1.26285
257.45061,1.36873
257.45876,0.81924
257.46690,1.56433
257.47504,0.31982
257.48318,0.32735
257.49132,1.21447
257.49947,1.98289
257.50761,0.57649
257.51575,0.08389
257.52389,0.48464
257.53204,1.64396
257.54018,1.03825
257.54832,0.22707
257.55646,0.79467
257.56460,0.31548
257.57275,0.22260
257.58089,0.28882
257.58903,0.47910
257.59717,1.83391
257.60532,0.01252
257.61346,0.66025
257.62160,0.25168
257.62974,0.79131
257.63789,1.57145
257.64603,1.98929
257.65417,3.39593
257.66231,0.19590
257.67045,0.40458
257.67860,0.52740
257.68674,1.38582
257.69488,0.36941
257.70302,0.10597
257.71117,0.43369
257.71931,3.13511
257.72745,1.19925
257.73559,0.01021
257.74373,2.05879
257.75188,3.21556
257.76002,0.36693
257.76816,0.14647
257.77630,0.11443
257.78445,1.26249
257.79259,0.33223
257.80073,2.66925
257.80887,2.22628
257.81702,0.40807
257.82516,0.29169
257.83330,0.76158
257.84144,1.40103
257.84958,1.66744
257.85773,5.53530
257.86587,6.45393
257.87401,2.70542
257.88215,1.23033
257.89030,0.35643
257.89844,0.00114
257.90658,1.69886
257.91472,0.02698
257.92286,0.40547
257.93101,1.01110
257.93915,3.53191
257.94729,3.38224
257.95543,1.99307
257.96358,0.17097
257.97172,2.17540
257.97986,2.01235
257.98800,1.21128
257.99614,1.33774
258.00429,0.39235
258.01243,0.54143
258.02057,1.55597
258.02871,0.18714
258.03686,2.56459
258.04500,2.61040
258.05314,0.75811
258.06128,3.66774
258.06943,1.63135
258.07757,5.49631
258.08571,1.92237
258.09385,0.81656
258.10199,1.01045
258.11014,3.99047
258.11828,1.72731
258.12642,0.46203
258.13456,1.90254
258.14271,1.64757
258.15085,3.53183
258.15899,1.52912
258.16713,0.40478
258.17527,1.12908
258.18342,0.16054
258.19156,0.61884
258.19970,2.48157
258.20784,0.50029
258.21599,1.77970
258.22413,0.89852
258.23227,0.09696
258.24041,0.68723
258.24856,0.79870
258.25670,0.46113
258.26484,0.35539
258.27298,0.41541
258.28112,0.56389
258.28927,1.20712
258.29741,0.46172
258.30555,0.15676
258.31369,1.48694
258.32184,0.99758
258.32998,0.25142
258.33812,0.76386
258.34626,0.24172
258.35440,1.71770
258.36255,1.42316
258.37069,0.81340
258.37883,1.07252
258.38697,0.46384
258.39512,0.99895
258.40326,0.79019
258.41140,0.08417
258.41954,1.09445
258.42768,0.52450
258.43583,0.59516
258.44397,0.44592
258.45211,2.25031
258.46025,0.01029
258.46840,0.42367
258.47654,3.69947
258.48468,4.40788
258.49282,0.09082
258.50097,0.72276
258.50911,0.40085
258.51725,2.16471
258.52539,1.24980
258.53353,0.02234
258.54168,0.32864
258.54982,0.16030
258.55796,0.49192
258.56610,0.48379
258.57425,1.74799
258.58239,0.50013
258.59053,0.48660
258.59867,0.56626
258.60681,0.35383
258.61496,0.23435
258.62310,1.90620
258.63124,2.65606
258.63938,0.72819
258.64753,1.41039
258.65567,0.59657
258.66381,1.47136
258.67195,3.31218
258.68010,0.73969
258.68824,0.30876
258.69638,0.47550
258.70452,0.25274
258.71266,2.33723
258.72081,0.31399
258.72895,0.09385
258.73709,0.49943
258.74523,3.19084
258.75338,0.01643
258.76152,1.25132
258.76966,0.97475
258.77780,0.57823
258.78594,0.93067
258.79409,0.19641
258.80223,0.62988
258.81037,1.11454
258.81851,6.98515
258.82666,2.12948
258.83480,0.48621
258.84294,0.18260
258.85108,0.15255
258.85922,0.22361
258.86737,1.91428
258.87551,0.91186
258.88365,2.17126
258.89179,0.67378
258.89994,0.16428
258.90808,0.88493
258.91622,1.30146
258.92436,2.53416
258.93251,2.21147
258.94065,0.20015
258.94879,1.07749
258.95693,0.11936
258.96507,0.29657
258.97322,1.48771
258.98136,0.44870
258.98950,1.07268
258.99764,1.44421
259.00579,0.48717
259.01393,1.43123
259.02207,0.76419
259.03021,2.66465
259.03835,0.00580
259.04650,2.30532
259.05464,2.57692
259.06278,1.84030
259.07092,1.07987
259.07907,0.06520
259.08721,1.73787
259.09535,0.31700
259.10349,1.86493
259.11164,1.99620
259.11978,1.81490
259.12792,0.82900
259.13606,1.53415
259.14420,1.26294
259.15235,3.72211
259.16049,0.05232
259.16863,0.18588
259.17677,1.75006
259.18492,0.03505
259.19306,2.54883
259.20120,0.30511
259.20934,0.42769
259.21748,0.76702
259.22563,0.50872
259.23377,0.02022
259.24191,0.03813
259.25005,0.07498
259.25820,0.32760
259.26634,1.62102
259.27448,2.23449
259.28262,0.98405
259.29077,1.06203
259.29891,0.89073
259.30705,4.71874
259.31519,0.19256
259.32333,0.16693
259.33148,1.04728
259.33962,0.25445
259.34776,0.74977
259.35590,1.00416
259.36405,1.07151
259.37219,0.06674
259.38033,0.07210
259.38847,1.03492
259.39661,0.79512
259.40476,0.20850
259.41290,0.55316
259.42104,0.49057
259.42918,0.79377
259.43733,0.25879
259.44547,1.14260
259.45361,1.06927
259.46175,0.38539
259.46989,0.13953
259.47804,1.44885
259.48618,0.52267
259.49432,0.61575
259.50246,1.50558
259.51061,1.62563
259.51875,1.09236
259.52689,0.14144
259.53503,0.63659
259.54318,0.11409
259.55132,3.18957
259.55946,1.06185
259.56760,1.76217
259.57574,0.05795
259.58389,0.46929
259.59203,1.87548
259.60017,1.65582
259.60831,0.83231
259.61646,1.05586
259.62460,0.19823
259.63274,0.46048
259.64088,0.26437
259.64902,0.54968
259.65717,2.06478
259.66531,1.70384
259.67345,2.12590
259.68159,2.25689
259.68974,0.28229
259.69788,2.87242
259.70602,1.81445
259.71416,0.10781
259.72231,0.15128
259.73045,0.55865
259.73859,2.29981
259.74673,1.49566
259.75487,2.46395
259.76302,0.08115
259.77116,0.11118
259.77930,0.31792
259.78744,0.45663
259.79559,0.10296
259.80373,0.79647
259.81187,0.41110
259.82001,0.81778
259.82815,0.10996
259.83630,1.64944
259.84444,3.97053
259.85258,3.83864
259.86072,2.94735
259.86887,0.43260
259.87701,0.10100
259.88515,0.36046
259.89329,0.34892
259.90143,0.90029
259.90958,0.72161
259.91772,0.24232
259.92586,0.24508
259.93400,0.77218
259.94215,0.63611
259.95029,0.23518
259.95843,1.08062
259.96657,1.75861
259.97472,0.55248
259.98286,0.31462
259.99100,0.03784
259.99914,0.76172
260.00728,0.59218
260.01543,0.21178
260.02357,0.79399
260.03171,0.41870
260.03985,2.33773
260.04800,0.53198
260.05614,0.01459
260.06428,1.18100
260.07242,0.03468
260.08056,0.49108
260.08871,0.09445
260.09685,0.83922
260.10499,1.18764
260.11313,0.08272
260.12128,0.49928
260.12942,0.35031
260.13756,1.62896
260.14570,0.36322
260.15385,3.33051
260.16199,0.11213
260.17013,0.31950
260.17827,0.67042
260.18641,0.80054
260.19456,0.34068
260.20270,0.06353
260.21084,0.58302
260.21898,0.33895
260.22713,2.96376
260.23527,1.75221
260.24341,0.90226
260.25155,1.23202
260.25969,0.98714
260.26784,0.12941
260.27598,0.55549
260.28412,3.35380
260.29226,1.95303
260.30041,0.00763
260.30855,1.95936
260.31669,6.96078
260.32483,1.02688
260.33298,0.34388
260.34112,0.38486
260.34926,0.85586
260.35740,0.23619
260.36554,0.23346
260.37369,2.50499
260.38183,0.99098
260.38997,0.11299
260.39811,0.22556
260.40626,7.01783
260.41440,0.45426
260.42254,0.02058
260.43068,0.94742
260.43882,0.09516
260.44697,12.56410
260.45511,4.15392
260.46325,6.82865
260.47139,7.31382
260.47954,0.27770
260.48768,2.92894
260.49582,2.24951
260.50396,1.10549
260.51210,5.76259
260.52025,0.59235
260.52839,12.61096
260.53653,0.76109
260.54467,1.33273
260.55282,2.10146
260.56096,1.27037
260.56910,2.36838
260.57724,2.35396
260.58539,2.31610
260.59353,0.15477
260.60167,5.16088
260.60981,7.20473
260.61795,4.34063
260.62610,0.24675
260.63424,0.10546
260.64238,2.16741
260.65052,4.36256
260.65867,3.82202
260.66681,0.76059
260.67495,5.12078
260.68309,1.18376
260.69123,2.64129
260.69938,1.25547
260.70752,0.38663
260.71566,1.83439
260.72380,0.32563
260.73195,0.08181
260.74009,0.61466
260.74823,2.62840
260.75637,0.68301
260.76452,6.25687
260.77266,0.72716
260.78080,5.56121
260.78894,3.68694
260.79708,6.45131
260.80523,0.62270
260.81337,3.03257
260.82151,0.84167
260.82965,0.71731
260.83780,1.02934
260.84594,1.14478
260.85408,0.54745
260.86222,0.07594
260.87036,0.95749
260.87851,3.81806
260.88665,6.75895
260.89479,0.05696
260.90293,1.91844
260.91108,1.83507
260.91922,2.82420
260.92736,5.03070
260.93550,0.71702
260.94364,1.93680
260.95179,2.57105
260.95993,0.28452
260.96807,0.64587
260.97621,0.37648
260.98436,2.06948
260.99250,0.36028
261.00064,0.62454
261.00878,0.52068
261.01693,1.05619
261.02507,0.31687
261.03321,0.00404
261.04135,0.04112
261.04949,1.64882
261.05764,0.39095
261.06578,1.76615
261.07392,2.31030
261.08206,0.59599
261.09021,1.69099
261.09835,1.97422
261.10649,0.87236
261.11463,0.17800
261.12277,0.33921
261.13092,2.22632
261.13906,0.86981
261.14720,0.01078
261.15534,0.78771
261.16349,1.18005
261.17163,0.56638
261.17977,0.19673
261.18791,1.78969
261.19606,2.61193
261.20420,0.59612
261.21234,0.58529
261.22048,0.33153
261.22862,0.05597
261.23677,2.74415
261.24491,1.13043
261.25305,0.50507
261.26119,1.17351
261.26934,0.15817
261.27748,0.75368
261.28562,0.60454
261.29376,1.85199
261.30190,0.71403
261.31005,1.66103
261.31819,0.69223
261.32633,0.84448
261.33447,1.09594
261.34262,4.70516
261.35076,0.40320
261.35890,1.54909
261.36704,2.48988
261.37518,1.42901
261.38333,1.77585
261.39147,0.93610
261.39961,0.13085
261.40775,6.33418
261.41590,0.52205
261.42404,0.36068
261.43218,1.03256
261.44032,0.40913
261.44847,0.38309
261.45661,0.20545
261.46475,0.46927
261.47289,0.15018
261.48103,0.08071
261.48918,3.08206
261.49732,0.57768
261.50546,2.63644
261.51360,0.62720
261.52175,0.09202
261.52989,0.53221
261.53803,0.35245
261.54617,0.42608
261.55431,3.26167
261.56246,1.49579
261.57060,1.64574
261.57874,5.48064
261.58688,0.53601
261.59503,4.24198
261.60317,0.08428
261.61131,1.47958
261.61945,1.33758
261.62760,2.05396
261.63574,2.05841
261.64388,2.32096
261.65202,0.19574
261.66016,0.36369
261.66831,1.30240
261.67645,0.77712
261.68459,0.62210
261.69273,1.89835
261.70088,0.67989
261.70902,0.99756
261.71716,0.25799
261.72530,0.09985
261.73344,0.24309
261.74159,2.08075
261.74973,0.84002
261.75787,1.74356
261.76601,0.51427
261.77416,1.03999
261.78230,2.54298
261.79044,4.15031
261.79858,1.38639
261.80673,0.74354
261.81487,2.62624
261.82301,1.77973
261.83115,0.13672
261.83929,0.72330
261.84744,1.98754
261.85558,0.14880
261.86372,0.98162
261.87186,1.86832
261.88001,0.28203
261.88815,0.14178
261.89629,1.58240
261.90443,0.23952
261.91257,0.47240
261.92072,0.07595
261.92886,0.15012
261.93700,2.44655
261.94514,0.94624
261.95329,0.17969
261.96143,0.47859
261.96957,0.22872
261.97771,0.20575
261.98585,0.00025
261.99400,0.09577
262.00214,0.69943
262.01028,0.01012
262.01842,2.10662
262.02657,1.91462
262.03471,1.22776
262.04285,0.58530
262.05099,0.61544
262.05914,0.55922
262.06728,0.04711
262.07542,0.01957
262.08356,0.15988
262.09170,0.57272
262.09985,0.06227
262.10799,0.71312
262.11613,0.53928
262.12427,1.74690
262.13242,0.49209
262.14056,3.19565
262.14870,0.29898
262.15684,1.96042
262.16498,1.36040
262.17313,0.49487
262.18127,0.96461
262.18941,1.64371
262.19755,0.71479
262.20570,0.55930
262.21384,0.01892
262.22198,0.32181
262.23012,0.40118
262.23827,0.34608
262.24641,0.58430
262.25455,1.84910
262.26269,1.97465
262.27083,0.09538
262.27898,1.25470
262.28712,0.36940
262.29526,0.29213
262.30340,0.43173
262.31155,1.81729
262.31969,1.87556
262.32783,0.73157
262.33597,0.84841
262.34411,0.37016
262.35226,0.80895
262.36040,0.07737
262.36854,0.18474
262.37668,0.55577
262.38483,0.53067
262.39297,1.85217
262.40111,0.21934
262.40925,2.08462
262.41739,0.66143
262.42554,0.38286
262.43368,0.43457
262.44182,1.44940
262.44996,0.12506
262.45811,0.21688
262.46625,1.06477
262.47439,1.16190
262.48253,0.42291
262.49068,0.15830
262.49882,2.43739
262.50696,0.43074
262.51510,2.10860
262.52324,1.91274
262.53139,2.16486
262.53953,0.28327
262.54767,0.13521
262.55581,0.40645
262.56396,0.92788
262.57210,2.04340
262.58024,0.87688
262.58838,0.44378
262.59652,1.44717
262.60467,0.95753
262.61281,0.89787
262.62095,1.43007
262.62909,4.35903
262.63724,0.11189
262.64538,0.50000
262.65352,0.18013
262.66166,0.27563
262.66981,0.20676
262.67795,0.43864
262.68609,0.24753
262.69423,0.30099
262.70237,0.32305
262.71052,1.07152
262.71866,0.17838
262.72680,0.28709
262.73494,0.14381
262.74309,0.51957
262.75123,0.60041
262.75937,0.60525
262.76751,0.50963
262.77565,0.60881
262.78380,0.71485
262.79194,1.12859
262.80008,1.15210
262.80822,1.88622
262.81637,3.38926
262.82451,0.15869
262.83265,1.13872
262.84079,0.60426
262.84894,0.00680
262.85708,0.53662
262.86522,0.73260
262.87336,3.20881
262.88150,0.92687
262.88965,0.46109
262.89779,4.66685
262.90593,0.78026
262.91407,0.08122
262.92222,0.50583
262.93036,0.24973
262.93850,0.99708
262.94664,0.15030
262.95478,0.66852
262.96293,0.37300
262.97107,0.48574
262.97921,0.90237
262.98735,0.28674
262.99550,0.37618
263.00364,1.36134
263.01178,0.01521
263.01992,0.17848
263.02806,0.78614
263.03621,0.08384
263.04435,0.88969
263.05249,0.68442
263.06063,0.64704
263.06878,1.43637
263.07692,0.67993
263.08506,0.66782
263.09320,0.61126
263.10135,0.17414
263.10949,0.29308
263.11763,0.84933
263.12577,2.58937
263.13391,0.81649
263.14206,0.45008
263.15020,0.23925
263.15834,2.00697
263.16648,0.06723
263.17463,0.10600
263.18277,0.44979
263.19091,3.83136
263.19905,0.44463
263.20719,0.00940
263.21534,0.72928
263.22348,0.06286
263.23162,0.05556
263.23976,1.89439
263.24791,0.48751
263.25605,2.93415
263.26419,2.74160
263.27233,0.38637
263.28048,0.91548
263.28862,0.45788
263.29676,0.85998
263.30490,1.48176
263.31304,1.06132
263.32119,2.17980
263.32933,0.16409
263.33747,0.98977
263.34561,0.88344
263.35376,0.19940
263.36190,0.48075
263.37004,0.31229
263.37818,0.97677
263.38632,0.04441
263.39447,1.67660
263.40261,0.74858
263.41075,0.27095
263.41889,0.46583
263.42704,4.11833
263.43518,0.65625
263.44332,1.06283
263.45146,2.96821
263.45960,3.37708
263.46775,2.24553
263.47589,1.08011
263.48403,0.99088
263.49217,0.23739
263.50032,4.99801
263.50846,1.35356
263.51660,0.52463
263.52474,0.02573
263.53289,1.23258
263.54103,0.26210
263.54917,0.73998
263.55731,1.36941
263.56545,1.64951
263.57360,0.79831
263.58174,0.14829
263.58988,0.46531
263.59802,0.80314
263.60617,0.69554
263.61431,0.02925
263.62245,0.67122
263.63059,3.21238
263.63873,2.25058
263.64688,0.27290
263.65502,1.14977
263.66316,0.35324
263.67130,0.42989
263.67945,0.17005
263.68759,0.03527
263.69573,0.23160
263.70387,2.92853
263.71202,0.84006
263.72016,0.47257
263.72830,1.66816
263.73644,0.64379
263.74458,0.10347
263.75273,0.33778
263.76087,0.58157
263.76901,1.02238
263.77715,0.31084
263.78530,1.54419
263.79344,0.82524
263.80158,0.46179
263.80972,3.15252
263.81786,1.46950
263.82601,1.72460
263.83415,0.90428
263.84229,0.18704
263.85043,1.25455
263.85858,1.51835
263.86672,0.74104
263.87486,2.40769
263.88300,1.55361
263.89114,0.99018
263.89929,0.22660
263.90743,0.15921
263.91557,0.40814
263.92371,1.36052
263.93186,0.12783
263.94000,1.15433
263.94814,1.18841
263.95628,3.10668
263.96443,0.87489
263.97257,0.44575
263.98071,0.02986
263.98885,2.78788
263.99699,0.73578
264.00514,3.93881
264.01328,0.62420
264.02142,0.31332
264.02956,1.39775
264.03771,0.48295
264.04585,1.81393
264.05399,0.84094
264.06213,1.79832
264.07027,0.46093
264.07842,1.26831
264.08656,2.09526
264.09470,0.10259
264.10284,2.17263
264.11099,1.99854
264.11913,0.24586
264.12727,2.23785
264.13541,0.06522
264.14356,0.17162
264.15170,0.20408
264.15984,2.03667
264.16798,0.80975
264.17612,0.23299
264.18427,0.13380
264.19241,0.43163
264.20055,0.56418
264.20869,0.70862
264.21684,0.07692
264.22498,0.05062
264.23312,0.50617
264.24126,0.36796
264.24940,1.11665
264.25755,1.41072
264.26569,0.30495
264.27383,3.49310
264.28197,1.03342
264.29012,0.14636
264.29826,0.35314
264.30640,0.35988
264.31454,2.05199
264.32269,0.16307
264.33083,1.06212
264.33897,1.57768
264.34711,0.83763
264.35525,1.90935
264.36340,0.31190
264.37154,0.00724
264.37968,1.25930
264.38782,0.00316
264.39597,0.44991
264.40411,0.97329
264.41225,0.38821
264.42039,0.31656
264.42853,0.37851
264.43668,0.23937
264.44482,1.06094
264.45296,2.69244
264.46110,0.12814
264.46925,0.42577
264.47739,2.14173
264.48553,0.04179
264.49367,0.82289
264.50181,0.40061
264.50996,0.75677
264.51810,1.47875
264.52624,2.22165
264.53438,0.59381
264.54253,0.12450
264.55067,0.80372
264.55881,1.26781
264.56695,0.63421
264.57510,1.75703
264.58324,0.30610
264.59138,0.40555
264.59952,3.48835
264.60766,1.06587
264.61581,0.09027
264.62395,0.16247
264.63209,0.14462
264.64023,0.09248
264.64838,0.16469
264.65652,1.13571
264.66466,0.23936
264.67280,0.84812
264.68094,0.60626
264.68909,0.79101
264.69723,0.03929
264.70537,0.02161
264.71351,0.04600
264.72166,1.76606
264.72980,1.75585
264.73794,2.10005
264.74608,0.25332
264.75423,0.42861
264.76237,0.38620
264.77051,0.07997
264.77865,0.03314
264.78679,1.38378
264.79494,0.73207
264.80308,0.49867
264.81122,1.39260
264.81936,0.32288
264.82751,0.55699
264.83565,1.92699
264.84379,0.89215
264.85193,0.26134
264.86007,0.43056
264.86822,0.17251
264.87636,1.39540
264.88450,0.81657
264.89264,1.43659
264.90079,0.16565
264.90893,0.28570
264.91707,0.24903
264.92521,0.15956
264.93335,0.02313
264.94150,1.14018
264.94964,2.39929
264.95778,0.27357
264.96592,0.03118
264.97407,0.15998
264.98221,0.37776
264.99035,0.95540
264.99849,0.06960
265.00664,0.75425
265.01478,0.63851
265.02292,1.22082
265.03106,1.14675
265.03920,0.49399
265.04735,0.02138
265.05549,0.42964
265.06363,0.77929
265.07177,2.17241
265.07992,0.78878
265.08806,1.18339
265.09620,0.55843
265.10434,0.08496
265.11248,0.11648
265.12063,0.85967
265.12877,1.48786
265.13691,0.57650
265.14505,0.47770
265.15320,0.00044
265.16134,0.78971
265.16948,0.97248
265.17762,0.11216
265.18577,2.65369
265.19391,0.74424
265.20205,2.38307
265.21019,0.39684
265.21833,3.58093
265.22648,1.13442
265.23462,0.19791
265.24276,1.02953
265.25090,1.31846
265.25905,0.62213
265.26719,0.11232
265.27533,0.02978
265.28347,0.58016
265.29161,0.56298
265.29976,1.24051
265.30790,0.04910
265.31604,0.36352
265.32418,0.83137
265.33233,3.29047
265.34047,4.63683
265.34861,0.56669
265.35675,0.61630
265.36490,0.64424
265.37304,1.33258
265.38118,0.53699
265.38932,1.02794
265.39746,0.54498
265.40561,1.19588
265.41375,3.59353
265.42189,1.19342
265.43003,0.76656
265.43818,0.35294
265.44632,1.16331
265.45446,0.33508
265.46260,0.39269
265.47074,0.57638
265.47889,0.04058
265.48703,0.64140
265.49517,0.07456
265.50331,1.34918
265.51146,0.76392
265.51960,0.92067
265.52774,2.11571
265.53588,0.21346
265.54402,1.90627
265.55217,0.39099
265.56031,0.81054
265.56845,1.34282
265.57659,4.73229
265.58474,0.48491
265.59288,0.05974
265.60102,2.17608
265.60916,1.01704
265.61731,0.29765
265.62545,0.39723
265.63359,0.34547
265.64173,0.66828
265.64987,0.30783
265.65802,1.99324
265.66616,0.08469
265.67430,1.10449
265.68244,0.40588
265.69059,0.09088
265.69873,1.02171
265.70687,0.76745
265.71501,1.96647
265.72315,0.78096
265.73130,0.11645
265.73944,0.36166
265.74758,0.49667
265.75572,0.57644
265.76387,2.28320
265.77201,0.45834
265.78015,0.47384
265.78829,1.73017
265.79644,0.38758
265.80458,0.37605
265.81272,1.92146
265.82086,1.71400
265.82900,0.26294
265.83715,0.85514
265.84529,0.13715
265.85343,0.60466
265.86157,1.07725
265.86972,0.42986
265.87786,1.56245
265.88600,1.58179
265.89414,0.32088
265.90228,1.08689
265.91043,0.28070
265.91857,1.56001
265.92671,0.31734
265.93485,0.65523
265.94300,1.62665
265.95114,0.68543
265.95928,3.83626
265.96742,2.27160
265.97556,1.42952
265.98371,0.01123
265.99185,0.96141
265.99999,1.41661
266.00813,0.11989
266.01628,1.17155
266.02442,0.92224
266.03256,2.28612
266.04070,1.46894
266.04885,1.09474
266.05699,0.71363
266.06513,0.60817
266.07327,0.22795
266.08141,3.36396
266.08956,0.43143
266.09770,1.02876
266.10584,1.85494
266.11398,1.29797
266.12213,0.12599
266.13027,1.37954
266.13841,1.06397
266.14655,0.47317
266.15469,0.24046
266.16284,1.76643
266.17098,0.30226
266.17912,0.68561
266.18726,0.20609
266.19541,0.04609
266.20355,1.58346
266.21169,1.41102
266.21983,0.65470
266.22798,0.88125
266.23612,1.96646
266.24426,2.35048
266.25240,0.03773
266.26054,3.04387
266.26869,0.53137
266.27683,1.60902
266.28497,0.34240
266.29311,0.28548
266.30126,0.95356
266.30940,1.01337
266.31754,1.29474
266.32568,1.77286
266.33382,0.05428
266.34197,1.52752
266.35011,1.07067
266.35825,0.50129
266.36639,0.04541
266.37454,1.17663
266.38268,0.08240
266.39082,2.29120
266.39896,0.21202
266.40710,0.57164
266.41525,1.02894
266.42339,1.08158
266.43153,2.48916
266.43967,0.91547
266.44782,0.44672
266.45596,0.75875
266.46410,0.15325
266.47224,1.26709
266.48039,0.80682
266.48853,1.06199
266.49667,0.06874
266.50481,0.68414
266.51295,0.08199
266.52110,0.47902
266.52924,0.07176
266.53738,0.88978
266.54552,0.56238
266.55367,0.62210
266.56181,0.08218
266.56995,0.17771
266.57809,0.06362
266.58623,0.10415
266.59438,1.04421
266.60252,0.59328
266.61066,1.54537
266.61880,1.45366
266.62695,1.00239
266.63509,0.07667
266.64323,0.37442
266.65137,0.88986
266.65952,3.04729
266.66766,0.26523
266.67580,0.05844
266.68394,0.92059
266.69208,0.28751
266.70023,0.19132
266.70837,0.24022
266.71651,0.51586
266.72465,1.93239
266.73280,1.71998
266.74094,0.00835
266.74908,0.52355
266.75722,0.24032
266.76536,0.28963
266.77351,0.19660
266.78165,0.06648
266.78979,1.33825
266.79793,0.57772
266.80608,0.08191
266.81422,0.00116
266.82236,0.10657
266.83050,1.57842
266.83865,0.28685
266.84679,0.45743
266.85493,0.22940
266.86307,0.12689
266.87121,2.53029
266.87936,0.14817
266.88750,1.13177
266.89564,3.20588
266.90378,0.00321
266.91193,1.86694
266.92007,1.43446
266.92821,1.62593
266.93635,0.68951
266.94449,0.95526
266.95264,2.60016
266.96078,0.60637
266.96892,0.79893
266.97706,1.98768
266.98521,0.59320
266.99335,0.12722
267.00149,1.82702
267.00963,1.72738
267.01777,0.33903
267.02592,0.09592
267.03406,1.68831
267.04220,0.60214
267.05034,0.24856
267.05849,2.79740
267.06663,0.09541
267.07477,0.33519
267.08291,0.99829
267.09106,0.24524
267.09920,5.03229
267.10734,0.01209
267.11548,1.40372
267.12362,6.98336
267.13177,0.38376
267.13991,2.35562
267.14805,0.24375
267.15619,0.65702
267.16434,1.09590
267.17248,0.62566
267.18062,0.77543
267.18876,0.31389
267.19690,1.62173
267.20505,0.73270
267.21319,0.09793
267.22133,5.53934
267.22947,4.21473
267.23762,1.26557
267.24576,1.19429
267.25390,2.42282
267.26204,0.01465
267.27019,3.20088
267.27833,0.29037
267.28647,2.01072
267.29461,0.07428
267.30275,0.58453
267.31090,0.31672
267.31904,4.00333
267.32718,0.39539
267.33532,2.09453
267.34347,0.55343
267.35161,0.97174
267.35975,1.83433
267.36789,6.82044
267.37603,0.00915
267.38418,2.17299
267.39232,0.82440
267.40046,2.85633
267.40860,0.81138
267.41675,0.96838
267.42489,0.36205
267.43303,0.15191
267.44117,0.52893
267.44931,1.15838
267.45746,0.95299
267.46560,0.31182
267.47374,0.46374
267.48188,0.53932
267.49003,0.86015
267.49817,0.96989
267.50631,0.14335
267.51445,1.27119
267.52260,1.26705
267.53074,0.39603
267.53888,0.15403
267.54702,0.76692
267.55516,2.73116
267.56331,4.33340
267.57145,0.44973
267.57959,2.98458
267.58773,2.31679
267.59588,0.66586
267.60402,3.89821
267.61216,1.12597
267.62030,0.24579
267.62844,2.12004
267.63659,3.88210
267.64473,0.41726
267.65287,12.83443
267.66101,0.75665
267.66916,0.38340
267.67730,5.27439
267.68544,0.64843
267.69358,1.34966
267.70173,0.28527
267.70987,0.11046
267.71801,1.39700
267.72615,0.31657
267.73429,2.05480
267.74244,0.17239
267.75058,0.42218
267.75872,2.06913
267.76686,2.88457
267.77501,0.89212
267.78315,1.27640
267.79129,0.36708
267.79943,0.04616
267.80757,0.91538
267.81572,2.15120
267.82386,0.24350
267.83200,1.38693
267.84014,0.14861
267.84829,0.09225
267.85643,0.15648
267.86457,0.58827
267.87271,0.86761
267.88086,1.72886
267.88900,1.15016
267.89714,0.50766
267.90528,0.56030
267.91342,1.53706
267.92157,2.78712
267.92971,0.91831
267.93785,0.49565
267.94599,0.25096
267.95414,0.02532
267.96228,0.59966
267.97042,0.13894
267.97856,1.68227
267.98670,1.81570
267.99485,1.56364
268.00299,1.23630
268.01113,0.57635
268.01927,2.38689
268.02742,0.94311
268.03556,1.15243
268.04370,0.10792
268.05184,1.66194
268.05998,0.14278
268.06813,0.25447
268.07627,1.29499
268.08441,0.93347
268.09255,0.67030
268.10070,3.09372
268.10884,2.54643
268.11698,0.53602
268.12512,0.09039
268.13327,4.02442
268.14141,1.37464
268.14955,0.04988
268.15769,1.99474
268.16583,1.17562
268.17398,0.90161
268.18212,4.76515
268.19026,1.52078
268.19840,4.81162
268.20655,0.99737
268.21469,1.95802
268.22283,2.62269
268.23097,4.35378
268.23911,3.06153
268.24726,0.85775
268.25540,2.31830
268.26354,0.42106
268.27168,0.85878
268.27983,0.54424
268.28797,0.74854
268.29611,0.17700
268.30425,2.09033
268.31240,1.75830
268.32054,0.56160
268.32868,1.14999
268.33682,1.67240
268.34496,2.42084
268.35311,1.79603
268.36125,2.08293
268.36939,0.32865
268.37753,1.91399
268.38568,0.55492
268.39382,0.88659
268.40196,0.99821
268.41010,0.94758
268.41824,0.90624
268.42639,3.01108
268.43453,1.86236
268.44267,0.17079
268.45081,1.76054
268.45896,1.61379
268.46710,0.04597
268.47524,0.97715
268.48338,0.00890
268.49152,1.50991
268.49967,0.06986
268.50781,0.03148
268.51595,0.62377
268.52409,1.72933
268.53224,0.16712
268.54038,2.68118
268.54852,0.29887
268.55666,0.10880
268.56481,1.42062
268.57295,0.32444
268.58109,0.08012
268.58923,0.03088
268.59737,0.22946
268.60552,0.38799
268.61366,0.07337
268.62180,0.86709
268.62994,0.33150
268.63809,1.68808
268.64623,1.37064
268.65437,2.04948
268.66251,1.09990
268.67065,1.46712
268.67880,0.12581
268.68694,0.24233
268.69508,1.40845
268.70322,1.34617
268.71137,0.88630
268.71951,0.71070
268.72765,3.55790
268.73579,0.15879
268.74394,1.99398
268.75208,0.61883
268.76022,0.27786
268.76836,0.81347
268.77650,0.59963
268.78465,2.53716
268.79279,0.32739
268.80093,2.53230
268.80907,0.38142
268.81722,0.88769
268.82536,1.42331
268.83350,1.46531
268.84164,0.35612
268.84978,0.23640
268.85793,1.83649
268.86607,2.23799
268.87421,0.32895
268.88235,0.07937
268.89050,1.31746
268.89864,2.08178
268.90678,1.00014
268.91492,0.05554
268.92306,0.49598
268.93121,0.18271
268.93935,0.13195
268.94749,0.25614
268.95563,0.64855
268.96378,1.20935
268.97192,3.36235
268.98006,1.20215
268.98820,0.47215
268.99635,3.26303
269.00449,2.13384
269.01263,0.42772
269.02077,0.58370
269.02891,0.49458
269.03706,0.21699
269.04520,0.44543
269.05334,0.29417
269.06148,1.66925
269.06963,2.33317
269.07777,0.17913
269.08591,0.07950
269.09405,0.08143
269.10219,1.53617
269.11034,0.36942
269.11848,0.07325
269.12662,0.36786
269.13476,1.28627
269.14291,0.71279
269.15105,0.21483
269.15919,2.40355
269.16733,2.19295
269.17548,3.98235
269.18362,0.09170
269.19176,0.35726
269.19990,0.30950
269.20804,0.10345
269.21619,0.34256
269.22433,0.24206
269.23247,0.26507
269.24061,1.69612
269.24876,0.45481
269.25690,0.00780
269.26504,0.91821
269.27318,0.64057
269.28132,0.29352
269.28947,0.29057
269.29761,0.16168
269.30575,0.02605
269.31389,0.19070
269.32204,0.03747
269.33018,0.76879
269.33832,0.75512
269.34646,4.84899
269.35461,0.75236
269.36275,1.05821
269.37089,0.27840
269.37903,0.26226
269.38717,0.25242
269.39532,1.13618
269.40346,1.06993
269.41160,0.51428
269.41974,0.29297
269.42789,0.81987
269.43603,0.06714
269.44417,0.39136
269.45231,0.05431
269.46045,2.19045
269.46860,0.57904
269.47674,0.65954
269.48488,1.62913
269.49302,0.37547
269.50117,1.20381
269.50931,0.30960
269.51745,0.32640
269.52559,1.79529
269.53373,1.95260
269.54188,2.64195
269.55002,0.45951
269.55816,1.14616
269.56630,0.52873
269.57445,1.04300
269.58259,0.38174
269.59073,0.01564
269.59887,1.14124
269.60702,1.24005
269.61516,0.55605
269.62330,0.38016
269.63144,0.43189
269.63958,0.23096
269.64773,0.92549
269.65587,0.36665
269.66401,0.08373
269.67215,0.56836
269.68030,0.09888
269.68844,0.12381
269.69658,0.15310
269.70472,2.34022
269.71286,4.07649
269.72101,2.35624
269.72915,1.69454
269.73729,0.01881
269.74543,0.42375
269.75358,0.62034
269.76172,0.05057
269.76986,0.30054
269.77800,0.50050
269.78615,0.08340
269.79429,0.69872
269.80243,2.32822
269.81057,1.01998
269.81871,1.53284
269.82686,1.96332
269.83500,0.09355
269.84314,1.27348
269.85128,4.13853
269.85943,0.17801
269.86757,0.21552
269.87571,0.92546
269.88385,0.53256
269.89199,0.86879
269.90014,2.78111
269.90828,0.34162
269.91642,0.07885
269.92456,1.99581
269.93271,1.01705
269.94085,1.89766
269.94899,2.36902
269.95713,1.16042
269.96527,0.02833
269.97342,2.26529
269.98156,1.04288
269.98970,0.17587
269.99784,0.07912
270.00599,0.89553
270.01413,1.58493
270.02227,1.34656
270.03041,0.89822
270.03856,1.05831
270.04670,1.07019
270.05484,0.23082
270.06298,0.52598
270.07112,0.07134
270.07927,0.05869
270.08741,0.46208
270.09555,0.12000
270.10369,0.13912
270.11184,0.74781
270.11998,1.31300
270.12812,0.13789
270.13626,0.47947
270.14440,0.68886
270.15255,0.68593
270.16069,2.31735
270.16883,0.21658
270.17697,0.39204
270.18512,0.02560
270.19326,0.44626
270.20140,0.13530
270.20954,0.00841
270.21769,0.69063
270.22583,1.56607
270.23397,2.42837
270.24211,0.06147
270.25025,0.17568
270.25840,0.49303
270.26654,1.81437
270.27468,1.26200
270.28282,0.07192
270.29097,0.59356
270.29911,0.77491
270.30725,0.71841
270.31539,0.79856
270.32353,1.95915
270.33168,1.19210
270.33982,1.13124
270.34796,0.89946
270.35610,2.07959
270.36425,0.10332
270.37239,0.11528
270.38053,0.01309
270.38867,0.49521
270.39682,3.74505
270.40496,0.04513
270.41310,0.43864
270.42124,0.62883
270.42938,1.93536
270.43753,0.25232
270.44567,0.07858
270.45381,2.28460
270.46195,0.25275
270.47010,0.66937
270.47824,1.31239
270.48638,4.31527
270.49452,0.64931
270.50266,0.72293
270.51081,0.22625
270.51895,0.19839
270.52709,0.53772
270.53523,0.20390
270.54338,0.75339
270.55152,0.27181
270.55966,0.58470
270.56780,0.69572
270.57594,0.19366
270.58409,1.59248
270.59223,0.86078
270.60037,1.85285
270.60851,0.06621
270.61666,1.24381
270.62480,0.75916
270.63294,1.09604
270.64108,1.11747
270.64923,0.42795
270.65737,0.14878
270.66551,3.32385
270.67365,1.96695
270.68179,0.23788
270.68994,0.21055
270.69808,0.97750
270.70622,0.10674
270.71436,0.72812
270.72251,1.05855
270.73065,0.44139
270.73879,0.71259
270.74693,0.04496
270.75507,0.00264
270.76322,0.30482
270.77136,0.15434
270.77950,0.57776
270.78764,0.42858
270.79579,0.77909
270.80393,2.51070
270.81207,0.77553
270.82021,0.23233
270.82836,0.62909
270.83650,0.03824
270.84464,1.76015
270.85278,0.50390
270.86092,0.62563
270.86907,0.17356
270.87721,0.08116
270.88535,0.91133
270.89349,0.71082
270.90164,0.36340
270.90978,3.20550
270.91792,0.05679
270.92606,0.03558
270.93420,0.53007
270.94235,0.13977
270.95049,2.82277
270.95863,0.31582
270.96677,1.23098
270.97492,2.55377
270.98306,0.76285
270.99120,1.47282
270.99934,0.93719
271.00748,0.05942
271.01563,0.07073
271.02377,0.00272
271.03191,1.57036
271.04005,0.43930
271.04820,0.55627
271.05634,1.46815
271.06448,1.43192
271.07262,2.09006
271.08077,0.67418
271.08891,0.63014
271.09705,6.37812
271.10519,2.70301
271.11333,2.84525
271.12148,0.16685
271.12962,0.25492
271.13776,2.32180
271.14590,1.92316
271.15405,1.27124
271.16219,1.24134
271.17033,0.27949
271.17847,2.18993
271.18661,2.30786
271.19476,0.69494
271.20290,0.73081
271.21104,0.11609
271.21918,0.64900
271.22733,0.24593
271.23547,0.71274
271.24361,0.28391
271.25175,1.73051
271.25990,1.20845
271.26804,0.37722
271.27618,1.63631
271.28432,3.63608
271.29246,1.62048
271.30061,1.64174
271.30875,0.14477
271.31689,1.61804
271.32503,3.95193
271.33318,2.17587
271.34132,0.70693
271.34946,0.72205
271.35760,0.62766
271.36574,2.14055
271.37389,0.21558
271.38203,1.38590
271.39017,0.06685
271.39831,4.25639
271.40646,2.65214
271.41460,1.27123
271.42274,2.79942
271.43088,2.19721
271.43902,1.53806
271.44717,0.81082
271.45531,2.78553
271.46345,9.61019
271.47159,2.31522
271.47974,0.89142
271.48788,3.20856
271.49602,1.52593
271.50416,3.54754
271.51231,5.79412
271.52045,4.31706
271.52859,1.34023
271.53673,4.45204
271.54487,3.14468
271.55302,1.57506
271.56116,1.43332
271.56930,7.61206
271.57744,7.14156
271.58559,3.46322
271.59373,0.76647
271.60187,7.95129
271.61001,1.55979
271.61815,0.85265
271.62630,1.40149
271.63444,0.63183
271.64258,4.64866
271.65072,0.08470
271.65887,4.25738
271.66701,1.13481
271.67515,7.91350
271.68329,1.82932
271.69144,0.67853
271.69958,0.80007
271.70772,6.12516
271.71586,5.04385
271.72400,1.63442
271.73215,2.64848
271.74029,3.37114
271.74843,11.17086
271.75657,2.70105
271.76472,2.04159
271.77286,0.29610
271.78100,2.06112
271.78914,1.40422
271.79728,0.65308
271.80543,4.68581
271.81357,3.46375
271.82171,5.80058
271.82985,4.94144
271.83800,0.52247
271.84614,3.22568
271.85428,0.24934
271.86242,0.00404
271.87057,2.86297
271.87871,0.09892
271.88685,0.71845
271.89499,0.04702
271.90313,0.38058
271.91128,1.00298
271.91942,0.15603
271.92756,10.08259
271.93570,8.80725
271.94385,1.95698
271.95199,0.10438
271.96013,1.40165
271.96827,2.17335
271.97641,3.46600
271.98456,9.01021
271.99270,5.73892
272.00084,3.11545
272.00898,1.75995
272.01713,0.33485
272.02527,2.50832
272.03341,0.07195
272.04155,6.17891
272.04969,0.42793
272.05784,0.47410
272.06598,1.92699
272.07412,0.69121
272.08226,1.40085
272.09041,0.12629
272.09855,1.37232
272.10669,0.16616
272.11483,0.05629
272.12298,3.07673
272.13112,1.27776
272.13926,1.05197
272.14740,0.07581
272.15554,2.46505
272.16369,4.89925
272.17183,0.22582
272.17997,0.99703
272.18811,0.40913
272.19626,1.89458
272.20440,0.85900
272.21254,0.13430
272.22068,0.54843
272.22882,0.74903
272.23697,0.49408
272.24511,1.00309
272.25325,0.66304
272.26139,0.86468
272.26954,0.55241
272.27768,0.39666
272.28582,2.84931
272.29396,1.31125
272.30211,1.12998
272.31025,3.50947
272.31839,0.38158
272.32653,1.43655
272.33467,1.81003
272.34282,0.16906
272.35096,0.11783
272.35910,0.10087
272.36724,0.53410
272.37539,0.14460
272.38353,0.96853
272.39167,0.34921
272.39981,0.01130
272.40795,0.42614
272.41610,1.60477
272.42424,0.87389
272.43238,1.04411
272.44052,0.37032
272.44867,2.10103
272.45681,0.10759
272.46495,2.60052
272.47309,0.09268
272.48123,0.01815
272.48938,1.26731
272.49752,4.08022
272.50566,0.42053
272.51380,0.36139
272.52195,0.23418
272.53009,0.09244
272.53823,0.43284
272.54637,0.69294
272.55452,0.12809
272.56266,0.49884
272.57080,0.47112
272.57894,0.15568
272.58708,0.18337
272.59523,0.79701
272.60337,1.75849
272.61151,0.25795
272.61965,1.57469
272.62780,2.45877
272.63594,0.76425
272.64408,2.20839
272.65222,0.15721
272.66036,0.07158
272.66851,0.35550
272.67665,0.63482
272.68479,0.12730
272.69293,2.29066
272.70108,0.04409
272.70922,2.08272
272.71736,0.04125
272.72550,1.09071
272.73365,0.32464
272.74179,2.54368
272.74993,0.63389
272.75807,0.03824
272.76621,1.49791
272.77436,1.08906
272.78250,0.20411
272.79064,0.31137
272.79878,1.71343
272.80693,4.96368
272.81507,1.07168
272.82321,1.52662
272.83135,0.86389
272.83949,1.66115
272.84764,0.91162
272.85578,0.03036
272.86392,0.19773
272.87206,0.18461
272.88021,2.47692
272.88835,1.57110
272.89649,2.63729
272.90463,1.21367
272.91278,0.93518
272.92092,1.33000
272.92906,0.98301
272.93720,0.05465
272.94534,0.71601
272.95349,0.54456
272.96163,0.98973
272.96977,0.06801
272.97791,0.42054
272.98606,0.78287
272.99420,0.10939
273.00234,0.55228
273.01048,0.10537
273.01862,0.13680
273.02677,0.36307
273.03491,0.78053
273.04305,2.47288
273.05119,0.58744
273.05934,0.23501
273.06748,0.82660
273.07562,1.13505
273.08376,0.36691
273.09190,0.75811
273.10005,0.45218
273.10819,0.48635
273.11633,1.44193
273.12447,1.57898
273.13262,0.75860
273.14076,0.16681
273.14890,0.90579
273.15704,0.16323
273.16519,0.11888
273.17333,0.63092
273.18147,0.15200
273.18961,0.15412
273.19775,0.09347
273.20590,0.96050
273.21404,1.55356
273.22218,0.22436
273.23032,0.04249
273.23847,1.07907
273.24661,1.03419
273.25475,3.32462
273.26289,1.01016
273.27103,0.32574
273.27918,3.04080
273.28732,0.24599
273.29546,1.87544
273.30360,0.19947
273.31175,0.06668
273.31989,1.18876
273.32803,0.32190
273.33617,1.33683
273.34432,1.99056
273.35246,0.48875
273.36060,0.00888
273.36874,0.03758
273.37688,0.07424
273.38503,1.12839
273.39317,0.15473
273.40131,0.13636
273.40945,0.47500
273.41760,2.44950
273.42574,0.05994
273.43388,1.98942
273.44202,0.08508
273.45016,1.33255
273.45831,3.81741
273.46645,1.71193
273.47459,0.36008
273.48273,0.87700
273.49088,0.67205
273.49902,0.11553
273.50716,0.56396
273.51530,1.34606
273.52344,0.68081
273.53159,0.20883
273.53973,1.76676
273.54787,0.04796
273.55601,0.55334
273.56416,3.12341
273.57230,0.07427
273.58044,0.06527
273.58858,0.13986
273.59673,2.99621
273.60487,1.48876
273.61301,0.26116
273.62115,1.05772
273.62929,1.47518
273.63744,0.98920
273.64558,0.64217
273.65372,0.26327
273.66186,0.01387
273.67001,0.55009
273.67815,0.13944
273.68629,0.32191
273.69443,0.60629
273.70257,0.50623
273.71072,0.11251
273.71886,0.62642
273.72700,1.78833
273.73514,0.61029
273.74329,0.81315
273.75143,0.73589
273.75957,0.65310
273.76771,0.63486
273.77586,0.37201
273.78400,0.11116
273.79214,4.35124
273.80028,1.31924
273.80842,3.60978
273.81657,0.75316
273.82471,0.74730
273.83285,0.31832
273.84099,1.45392
273.84914,0.01066
273.85728,0.98146
273.86542,1.23340
273.87356,1.27816
273.88170,0.04459
273.88985,0.01282
273.89799,0.10261
273.90613,4.87314
273.91427,3.17342
273.92242,0.40325
273.93056,0.22639
273.93870,1.66585
273.94684,1.82976
273.95498,1.49432
273.96313,1.10918
273.97127,0.83171
273.97941,0.55535
273.98755,0.82970
273.99570,1.35699
274.00384,0.11011
274.01198,0.06286
274.02012,0.65015
274.02827,0.14060
274.03641,0.12515
274.04455,1.04384
274.05269,0.05546
274.06083,0.08379
274.06898,0.08810
274.07712,0.26151
274.08526,0.52378
274.09340,0.17150
274.10155,0.40364
274.10969,0.65381
274.11783,0.25720
274.12597,0.43112
274.13411,0.05641
274.14226,1.70646
274.15040,3.47791
274.15854,1.87685
274.16668,0.07981
274.17483,1.12063
274.18297,1.50042
274.19111,0.32201
274.19925,1.45577
274.20740,0.81162
274.21554,0.98989
274.22368,0.14374
274.23182,0.43198
274.23996,0.07982
274.24811,0.29517
274.25625,3.16436
274.26439,0.36273
274.27253,1.28245
274.28068,0.04069
274.28882,0.64143
274.29696,0.96747
274.30510,0.25808
274.31324,0.14748
274.32139,0.42413
274.32953,0.58527
274.33767,0.11459
274.34581,0.16135
274.35396,0.44371
274.36210,0.10108
274.37024,1.52402
274.37838,1.61081
274.38653,0.10349
274.39467,0.00505
274.40281,0.79861
274.41095,0.62886
274.41909,0.85153
274.42724,0.37885
274.43538,0.07581
274.44352,1.55252
274.45166,0.21515
274.45981,0.78477
274.46795,1.71797
274.47609,1.00333
274.48423,0.29966
274.49237,1.21498
274.50052,5.33429
274.50866,0.47380
274.51680,0.24018
274.52494,0.08658
274.53309,0.66324
274.54123,0.47468
274.54937,0.70793
274.55751,1.11015
274.56565,0.01379
274.57380,0.37325
274.58194,0.15472
274.59008,2.08557
274.59822,2.93189
274.60637,0.35656
274.61451,0.26659
274.62265,5.11244
274.63079,0.82032
274.63894,0.05639
274.64708,2.45696
274.65522,0.05257
274.66336,0.31450
274.67150,0.14615
274.67965,0.23009
274.68779,0.14467
274.69593,0.40695
274.70407,0.01218
274.71222,0.13425
274.72036,5.17590
274.72850,1.88014
274.73664,0.54963
274.74478,0.11455
274.75293,0.39868
274.76107,1.40946
274.76921,1.48934
274.77735,1.16671
274.78550,0.07230
274.79364,0.46874
274.80178,0.91701
274.80992,1.86769
274.81807,1.25735
274.82621,0.17101
274.83435,0.57704
274.84249,0.80102
274.85063,0.42972
274.85878,4.76953
274.86692,0.50448
274.87506,0.23000
274.88320,0.29510
274.89135,0.80522
274.89949,0.39466
274.90763,1.31381
274.91577,1.01699
274.92391,0.06843
274.93206,1.20477
274.94020,0.33328
274.94834,0.90357
274.95648,2.71602
274.96463,2.70504
274.97277,1.55582
274.98091,0.14872
274.98905,1.80414
274.99719,1.20514
275.00534,0.62400
275.01348,1.22045
275.02162,0.04825
275.02976,0.24026
275.03791,1.99094
275.04605,3.76750
275.05419,0.78926
275.06233,1.30844
275.07048,0.56652
275.07862,0.59897
275.08676,0.34133
275.09490,1.50697
275.10304,0.73962
275.11119,0.21791
275.11933,0.65742
275.12747,0.52974
275.13561,1.42403
275.14376,0.39591
275.15190,0.00327
275.16004,2.06266
275.16818,0.73501
275.17632,1.01246
275.18447,0.59509
275.19261,0.36980
275.20075,0.67962
275.20889,0.64757
275.21704,0.54407
275.22518,1.38259
275.23332,0.04851
275.24146,0.55680
275.24961,1.27448
275.25775,0.47861
275.26589,0.03026
275.27403,0.33380
275.28217,0.09950
275.29032,0.26761
275.29846,0.31068
275.30660,0.59825
275.31474,0.35567
275.32289,1.94988
275.33103,2.08047
275.33917,2.44358
275.34731,1.03998
275.35545,2.30834
275.36360,0.20587
275.37174,0.96303
275.37988,2.11792
275.38802,0.16733
275.39617,1.19080
275.40431,3.01519
275.41245,14.53506
275.42059,2.11266
275.42874,4.85774
275.43688,5.48855
275.44502,0.37366
275.45316,0.03345
275.46130,5.71439
275.46945,0.39006
275.47759,3.42181
275.48573,1.23017
275.49387,0.17399
275.50202,0.29833
275.51016,1.09931
275.51830,0.72491
275.52644,0.29313
275.53458,0.33260
275.54273,0.42434
275.55087,2.04015
275.55901,0.39952
275.56715,0.05176
275.57530,1.28790
275.58344,1.19750
275.59158,0.47067
275.59972,0.80710
275.60786,0.08572
275.61601,0.00604
275.62415,0.89184
275.63229,0.17679
275.64043,0.02282
275.64858,1.03702
275.65672,0.45177
275.66486,0.87593
275.67300,0.20268
275.68115,1.28948
275.68929,0.60422
275.69743,0.69113
275.70557,0.99209
275.71371,1.49117
275.72186,1.42368
275.73000,0.57836
275.73814,1.44919
275.74628,0.96701
275.75443,0.10140
275.76257,1.49108
275.77071,1.07565
275.77885,0.20428
275.78699,0.65420
275.79514,0.38375
275.80328,0.13001
275.81142,0.04588
275.81956,0.43131
275.82771,0.97579
275.83585,0.63007
275.84399,3.24732
275.85213,1.10010
275.86028,0.10920
275.86842,0.59231
275.87656,0.94506
275.88470,0.62775
275.89284,0.89432
275.90099,0.27084
275.90913,2.28501
275.91727,3.16894
275.92541,1.81055
275.93356,8.92376
275.94170,0.77187
275.94984,11.91960
275.95798,1.00193
275.96612,4.09608
275.97427,2.02794
275.98241,0.83991
275.99055,1.43310
275.99869,0.89307
276.00684,1.15332
276.01498,1.88805
276.02312,1.22876
276.03126,1.28221
276.03940,0.13690
276.04755,2.11823
276.05569,2.33493
276.06383,1.86098
276.07197,1.55645
276.08012,1.87326
276.08826,2.12628
276.09640,4.18959
276.10454,1.05351
276.11269,0.46483
276.12083,0.26062
276.12897,1.58266
276.13711,1.31548
276.14525,4.76941
276.15340,1.53673
276.16154,0.83663
276.16968,0.40004
276.17782,0.52310
276.18597,3.90227
276.19411,0.21939
276.20225,0.56018
276.21039,1.61457
276.21853,1.81138
276.22668,0.63308
276.23482,4.33352
276.24296,0.56860
276.25110,0.53641
276.25925,0.39139
276.26739,3.47061
276.27553,0.60065
276.28367,0.62164
276.29182,3.64180
276.29996,0.73369
276.30810,1.99048
276.31624,2.49509
276.32438,1.00405
276.33253,0.51472
276.34067,0.26885
276.34881,0.56261
276.35695,0.54526
276.36510,0.80362
276.37324,0.36208
276.38138,3.07731
276.38952,5.76366
276.39766,0.48427
276.40581,0.55759
276.41395,1.48416
276.42209,3.70134
276.43023,0.85935
276.43838,0.89964
276.44652,1.40750
276.45466,3.55813
276.46280,1.41689
276.47094,1.38508
276.47909,6.23623
276.48723,0.81774
276.49537,0.32372
276.50351,2.85196
276.51166,0.22318
276.51980,0.14902
276.52794,2.09162
276.53608,0.05032
276.54423,0.20000
276.55237,5.23815
276.56051,0.38044
276.56865,0.22042
276.57679,0.28254
276.58494,3.10179
276.59308,0.19576
276.60122,0.46720
276.60936,0.91516
276.61751,0.86843
276.62565,0.43352
276.63379,0.10798
276.64193,0.30573
276.65007,0.95770
276.65822,0.41874
276.66636,2.46910
276.67450,0.15960
276.68264,0.77948
276.69079,0.33235
276.69893,0.22287
276.70707,0.26052
276.71521,0.93045
276.72336,2.28748
276.73150,0.92218
276.73964,0.10196
276.74778,1.04316
276.75592,4.21218
276.76407,0.52181
276.77221,0.93268
276.78035,0.91293
276.78849,1.86196
276.79664,1.10959
276.80478,0.58106
276.81292,1.69822
276.82106,4.23816
276.82920,1.36194
276.83735,0.32831
276.84549,0.06035
276.85363,0.15357
276.86177,0.60305
276.86992,0.11224
276.87806,0.64475
276.88620,0.99716
276.89434,1.33831
276.90249,0.28984
276.91063,2.63631
276.91877,0.79432
276.92691,0.25033
276.93505,0.04758
276.94320,0.05830
276.95134,0.33646
276.95948,0.28538
276.96762,0.42615
276.97577,0.24017
276.98391,1.42540
276.99205,3.21530
277.00019,0.58433
277.00833,0.68306
277.01648,0.18282
277.02462,0.42818
277.03276,0.29499
277.04090,1.71843
277.04905,2.47001
277.05719,0.01705
277.06533,1.57428
277.07347,0.21895
277.08161,0.57027
277.08976,1.64752
277.09790,0.84210
277.10604,0.18388
277.11418,2.07351
277.12233,0.57653
277.13047,1.02034
277.13861,0.19770
277.14675,0.71469
277.15490,0.98898
277.16304,0.93486
277.17118,1.79543
277.17932,0.93375
277.18746,0.12409
277.19561,0.14447
277.20375,1.72193
277.21189,1.74194
277.22003,0.71474
277.22818,0.62376
277.23632,0.24095
277.24446,0.25347
277.25260,0.28020
277.26074,0.25093
277.26889,0.52388
277.27703,0.71666
277.28517,0.07668
277.29331,0.52628
277.30146,0.04141
277.30960,0.62284
277.31774,1.37311
277.32588,0.66776
277.33403,0.47884
277.34217,1.38956
277.35031,1.31907
277.35845,2.84585
277.36659,1.78636
277.37474,2.29793
277.38288,1.01630
277.39102,2.08713
277.39916,1.27898
277.40731,3.27574
277.41545,0.70903
277.42359,1.14476
277.43173,2.50369
277.43987,1.00986
277.44802,0.24083
277.45616,2.08294
277.46430,0.47988
277.47244,0.74441
277.48059,0.17256
277.48873,0.64457
277.49687,0.18308
277.50501,1.15086
277.51315,0.24662
277.52130,0.50664
277.52944,0.55480
277.53758,1.99821
277.54572,0.78730
277.55387,1.98271
277.56201,0.10488
277.57015,0.84465
277.57829,0.68829
277.58644,2.62346
277.59458,2.92621
277.60272,1.19982
277.61086,1.03226
277.61900,1.74072
277.62715,0.34950
277.63529,0.04307
277.64343,1.57806
277.65157,0.27907
277.65972,0.61972
277.66786,0.12644
277.67600,2.20964
277.68414,1.53910
277.69228,0.05815
277.70043,1.40723
277.70857,1.33937
277.71671,1.34505
277.72485,0.19040
277.73300,1.04625
277.74114,1.12625
277.74928,0.41089
277.75742,1.23124
277.76557,2.15727
277.77371,0.25782
277.78185,0.36665
277.78999,0.11833
277.79813,1.27813
277.80628,1.85933
277.81442,0.69990
277.82256,2.87662
277.83070,0.98946
277.83885,0.07876
277.84699,0.14293
277.85513,0.38816
277.86327,0.10542
277.87141,1.28379
277.87956,3.89418
277.88770,0.18824
277.89584,2.25695
277.90398,1.32433
277.91213,0.27628
277.92027,2.62009
277.92841,0.27122
277.93655,0.50931
277.94470,3.82685
277.95284,0.37693
277.96098,4.73994
277.96912,0.88469
277.97726,0.22183
277.98541,0.45048
277.99355,0.45383
278.00169,1.18681
278.00983,0.22077
278.01798,0.90638
278.02612,0.75867
278.03426,0.28079
278.04240,0.75743
278.05054,0.00584
278.05869,0.07055
278.06683,0.19698
278.07497,0.23400
278.08311,1.11918
278.09126,1.80022
278.09940,0.00854
278.10754,3.22991
278.11568,0.62980
278.12382,2.02367
278.13197,0.12938
278.14011,0.73142
278.14825,0.98593
278.15639,0.02958
278.16454,0.45239
278.17268,1.59811
278.18082,0.64709
278.18896,0.74360
278.19711,0.29300
278.20525,2.14062
278.21339,2.63680
278.22153,0.29563
278.22967,1.46361
278.23782,0.11409
278.24596,0.88970
278.25410,0.01659
278.26224,1.63322
278.27039,0.37620
278.27853,3.06141
278.28667,0.46838
278.29481,0.05421
278.30295,4.50102
278.31110,0.16056
278.31924,0.45219
278.32738,1.42449
278.33552,0.44624
278.34367,0.44314
278.35181,0.45718
278.35995,0.77525
278.36809,0.41986
278.37624,0.33430
278.38438,1.86535
278.39252,0.79639
278.40066,0.05898
278.40880,0.36013
278.41695,0.89189
278.42509,0.58540
278.43323,1.11901
278.44137,0.09980
278.44952,0.13028
278.45766,0.25430
278.46580,1.20613
278.47394,0.49522
278.48208,1.92902
278.49023,0.43398
278.49837,1.92011
278.50651,0.24121
278.51465,0.11569
278.52280,0.73382
278.53094,0.76018
278.53908,0.31894
278.54722,0.56850
278.55536,0.18595
278.56351,0.31256
278.57165,0.83440
278.57979,0.52183
278.58793,0.12452
278.59608,1.59491
278.60422,0.07491
278.61236,1.56780
278.62050,0.73232
278.62865,2.01316
278.63679,0.44475
278.64493,0.04255
278.65307,0.79043
278.66121,0.64584
278.66936,1.06610
278.67750,1.13029
278.68564,0.95146
278.69378,0.21529
278.70193,0.11087
278.71007,1.37511
278.71821,0.68531
278.72635,0.06038
278.73449,4.44287
278.74264,1.84570
278.75078,0.05950
278.75892,0.43078
278.76706,0.81544
278.77521,2.17120
278.78335,2.61763
278.79149,1.62456
278.79963,0.37873
278.80778,0.63459
278.81592,0.22977
278.82406,0.07014
278.83220,0.52778
278.84034,0.76492
278.84849,2.42299
278.85663,2.86951
278.86477,0.38385
278.87291,0.35363
278.88106,4.22091
278.88920,0.68626
278.89734,0.25649
278.90548,0.27696
278.91362,1.98942
278.92177,0.76021
278.92991,0.79073
278.93805,0.16197
278.94619,3.39815
278.95434,1.78330
278.96248,2.99384
278.97062,1.45537
278.97876,0.33995
278.98690,0.31949
278.99505,0.47685
279.00319,0.13041
279.01133,1.78714
279.01947,0.40780
279.02762,1.21764
279.03576,1.39075
279.04390,2.31904
279.05204,0.18648
279.06019,0.53052
279.06833,1.28293
279.07647,1.51170
279.08461,0.07211
279.09275,0.22349
279.10090,2.70143
279.10904,0.75211
279.11718,0.05234
279.12532,2.49671
279.13347,0.44716
279.14161,2.07316
279.14975,0.86942
279.15789,0.93794
279.16603,0.87762
279.17418,4.11252
279.18232,1.83264
279.19046,1.74090
279.19860,0.69710
279.20675,1.31017
279.21489,0.05964
279.22303,2.55084
279.23117,0.94350
279.23932,3.96325
279.24746,3.89797
279.25560,0.47521
279.26374,0.20404
279.27188,1.08833
279.28003,1.23709
279.28817,1.69227
279.29631,1.77011
279.30445,0.06383
279.31260,1.16225
279.32074,0.10376
279.32888,0.01365
279.33702,0.72448
279.34516,1.96736
279.35331,0.52971
279.36145,0.39015
279.36959,0.03385
279.37773,0.13777
279.38588,0.66102
279.39402,1.45996
279.40216,2.12515
279.41030,0.08506
279.41845,5.68226
279.42659,1.73920
279.43473,0.48246
279.44287,0.32567
279.45101,6.90007
279.45916,5.18955
279.46730,1.69964
279.47544,0.61444
279.48358,1.17275
279.49173,1.05189
279.49987,0.49822
279.50801,0.99860
279.51615,0.08925
279.52429,0.63008
279.53244,0.11424
279.54058,1.05806
279.54872,1.76769
279.55686,0.85483
279.56501,0.29346
279.57315,0.10458
279.58129,0.21634
279.58943,0.46031
279.59757,0.29139
279.60572,2.48983
279.61386,1.23330
279.62200,0.13219
279.63014,3.83095
279.63829,5.47170
279.64643,0.06268
279.65457,1.68252
279.66271,3.09626
279.67086,0.03982
279.67900,1.09351
279.68714,1.00089
279.69528,0.34906
279.70342,3.57106
279.71157,1.64578
279.71971,3.05423
279.72785,2.57244
279.73599,0.73250
279.74414,2.19434
279.75228,0.64624
279.76042,1.20787
279.76856,1.63015
279.77670,2.77297
279.78485,5.14925
279.79299,0.17813
279.80113,0.04221
279.80927,0.31571
279.81742,0.52242
279.82556,0.30079
279.83370,1.21033
279.84184,0.20069
279.84999,2.14478
279.85813,0.00553
279.86627,0.30194
279.87441,2.98458
279.88255,4.24180
279.89070,6.67302
279.89884,2.29490
279.90698,0.48943
279.91512,2.30912
279.92327,2.59479
279.93141,3.66931
279.93955,1.54313
279.94769,1.87940
279.95583,0.06973
279.96398,6.44995
279.97212,2.54493
279.98026,0.98909
279.98840,0.09501
279.99655,0.89162
280.00469,0.06052
280.01283,5.50086
280.02097,10.14435
280.02911,5.14447
280.03726,1.26774
280.04540,1.24677
280.05354,3.50606
280.06168,1.46801
280.06983,10.44002
280.07797,0.01048
280.08611,4.45383
280.09425,1.08429
280.10240,1.71311
280.11054,0.19088
280.11868,0.19800
280.12682,0.89981
280.13496,5.14693
280.14311,0.76251
280.15125,3.81090
280.15939,2.09040
280.16753,3.06795
280.17568,2.47711
280.18382,0.07901
280.19196,0.51089
280.20010,8.76270
280.20824,3.53318
280.21639,0.13521
280.22453,0.93150
280.23267,1.39314
280.24081,0.83961
280.24896,1.20282
280.25710,4.51039
280.26524,2.10715
280.27338,1.33753
280.28153,3.09550
280.28967,0.49098
280.29781,3.41554
280.30595,0.71726
280.31409,0.97389
280.32224,3.96617
280.33038,3.26912
280.33852,2.36725
280.34666,4.99711
280.35481,0.09311
280.36295,1.54677
280.37109,1.09870
280.37923,0.73156
280.38737,0.16835
280.39552,1.88898
280.40366,0.81167
280.41180,1.11796
280.41994,4.09254
280.42809,0.50266
280.43623,0.55683
280.44437,0.17750
280.45251,1.89066
280.46066,0.01123
280.46880,0.33246
280.47694,1.05700
280.48508,1.47703
280.49322,0.00774
280.50137,0.11417
280.50951,0.48249
280.51765,0.96374
280.52579,0.76630
280.53394,0.31142
280.54208,0.60272
280.55022,1.45025
280.55836,0.12089
280.56650,0.14561
280.57465,0.14610
280.58279,1.00420
280.59093,0.15253
280.59907,3.37748
280.60722,2.07174
280.61536,1.02876
280.62350,0.51503
280.63164,0.82943
280.63978,0.64190
280.64793,0.40944
280.65607,1.17068
280.66421,2.14725
280.67235,0.42249
280.68050,0.76940
280.68864,0.28765
280.69678,1.12434
280.70492,2.76280
280.71307,1.71398
280.72121,0.23571
280.72935,0.00495
280.73749,2.60140
280.74563,0.77588
280.75378,0.93399
280.76192,1.55745
280.77006,0.45115
280.77820,0.96783
280.78635,1.31621
280.79449,0.87568
280.80263,0.70890
280.81077,0.02862
280.81891,2.10715
280.82706,2.08637
280.83520,1.80694
280.84334,0.42579
280.85148,0.24031
280.85963,0.10843
280.86777,1.09660
280.87591,2.32785
280.88405,1.81491
280.89220,1.40873
280.90034,0.90279
280.90848,0.20457
280.91662,0.16076
280.92476,2.38945
280.93291,0.86241
280.94105,0.04863
280.94919,1.82369
280.95733,3.95802
280.96548,6.01321
280.97362,1.32640
280.98176,1.92387
280.98990,1.41015
280.99804,0.23082
281.00619,0.07349
281.01433,0.30897
281.02247,0.14326
281.03061,2.66623
281.03876,0.28130
281.04690,2.52042
281.05504,1.50513
281.06318,0.37283
281.07132,0.17854
281.07947,2.18506
281.08761,0.11037
281.09575,0.80126
281.10389,0.12026
281.11204,0.63261
281.12018,0.44050
281.12832,1.54387
281.13646,0.58606
281.14461,1.96114
281.15275,0.28195
281.16089,0.65796
281.16903,0.47495
281.17717,1.36660
281.18532,1.29209
281.19346,3.05846
281.20160,1.21538
281.20974,1.10008
281.21789,0.77268
281.22603,0.16699
281.23417,0.37152
281.24231,0.58769
281.25045,0.20320
281.25860,2.35696
281.26674,3.41896
281.27488,3.93565
281.28302,0.40086
281.29117,1.97674
281.29931,0.51737
281.30745,1.93396
281.31559,0.88845
281.32374,1.36003
281.33188,4.76673
281.34002,2.23740
281.34816,0.23368
281.35630,1.30628
281.36445,0.06892
281.37259,2.27433
281.38073,1.15367
281.38887,0.37246
281.39702,1.38990
281.40516,0.00579
281.41330,0.52121
281.42144,2.65392
281.42958,0.24315
281.43773,0.39236
281.44587,1.19362
281.45401,1.60312
281.46215,0.43342
281.47030,0.35370
281.47844,0.88409
281.48658,0.15517
281.49472,1.53908
281.50286,0.87634
281.51101,0.22156
281.51915,1.25024
281.52729,2.20562
281.53543,1.44772
281.54358,0.06509
281.55172,2.98594
281.55986,1.22953
281.56800,1.74236
281.57615,1.26622
281.58429,0.93404
281.59243,1.66276
281.60057,0.09534
281.60871,0.73373
281.61686,1.57646
281.62500,2.61330
281.63314,0.73507
281.64128,0.92297
281.64943,0.00555
281.65757,1.64507
281.66571,0.20436
281.67385,1.91417
281.68199,0.38785
281.69014,1.34167
281.69828,4.26337
281.70642,0.98202
281.71456,1.61950
281.72271,1.40878
281.73085,1.98548
281.73899,1.35892
281.74713,0.14233
281.75528,0.49163
281.76342,1.53465
281.77156,1.13267
281.77970,0.93699
281.78784,1.44912
281.79599,1.20303
281.80413,0.18329
281.81227,0.08233
281.82041,0.91748
281.82856,0.43385
281.83670,1.58475
281.84484,0.23227
281.85298,0.47776
281.86112,0.04522
281.86927,1.78189
281.87741,0.09208
281.88555,1.12088
281.89369,0.59021
281.90184,2.27953
281.90998,0.32079
281.91812,0.77367
281.92626,2.21127
281.93441,1.86667
281.94255,0.15279
281.95069,0.25747
281.95883,0.39668
281.96697,0.42027
281.97512,0.42762
281.98326,0.62468
281.99140,2.28029
281.99954,3.78106
282.00769,0.54149
282.01583,0.63587
282.02397,0.01511
282.03211,0.10819
282.04025,0.82483
282.04840,0.13861
282.05654,0.78231
282.06468,1.64895
282.07282,0.58688
282.08097,1.20865
282.08911,2.86474
282.09725,1.61175
282.10539,0.08370
282.11353,0.75979
282.12168,2.26612
282.12982,1.35947
282.13796,1.86773
282.14610,0.03737
282.15425,1.51840
282.16239,2.39553
282.17053,0.91226
282.17867,1.80929
282.18682,0.86016
282.19496,1.29375
282.20310,0.94311
282.21124,2.40197
282.21938,0.53765
282.22753,0.32152
282.23567,1.39825
282.24381,0.03757
282.25195,4.32326
282.26010,7.57157
282.26824,2.57172
282.27638,1.02377
282.28452,0.31081
282.29266,2.51645
282.30081,3.56366
282.30895,6.61305
282.31709,1.44327
282.32523,0.10090
282.33338,1.05018
282.34152,0.99978
282.34966,2.36485
282.35780,1.54261
282.36595,1.62731
282.37409,0.86186
282.38223,4.04473
282.39037,3.78552
282.39851,1.30546
282.40666,8.22830
282.41480,0.63193
282.42294,4.69004
282.43108,1.65610
282.43923,3.49793
282.44737,3.47367
282.45551,0.61583
282.46365,12.45689
282.47179,4.24684
282.47994,12.21109
282.48808,4.39427
282.49622,1.31309
282.50436,18.64352
282.51251,5.15031
282.52065,0.32430
282.52879,8.02566
282.53693,17.64920
282.54507,44.13752
282.55322,3.94111
282.56136,4.61669
282.56950,22.49933
282.57764,4.06332
282.58579,8.35508
282.59393,14.97590
282.60207,14.48680
282.61021,9.28372
282.61836,7.43633
282.62650,10.40958
282.63464,0.83624
282.64278,12.99552
282.65092,10.37933
282.65907,0.72494
282.66721,0.52998
282.67535,0.59194
282.68349,11.05287
282.69164,5.65553
282.69978,2.11182
282.70792,5.73930
282.71606,2.15260
282.72420,1.44728
282.73235,3.67349
282.74049,1.06866
282.74863,4.65435
282.75677,0.58928
282.76492,2.74361
282.77306,1.92154
282.78120,1.10753
282.78934,0.79845
282.79749,0.89204
282.80563,0.97187
282.81377,5.27152
282.82191,0.08099
282.83005,5.06110
282.83820,1.80042
282.84634,2.10026
282.85448,0.65048
282.86262,0.53753
282.87077,0.40868
282.87891,0.43265
282.88705,0.82968
282.89519,0.42767
282.90333,1.00227
282.91148,2.72831
282.91962,1.22871
282.92776,4.37157
282.93590,1.25675
282.94405,0.77236
282.95219,0.65646
282.96033,2.22443
282.96847,1.63707
282.97661,0.15280
282.98476,0.48885
282.99290,1.24406
283.00104,1.08000
283.00918,1.10065
283.01733,4.63011
283.02547,4.50514
283.03361,1.15198
283.04175,0.72770
283.04990,0.59727
283.05804,0.80982
283.06618,0.96448
283.07432,0.06038
283.08246,0.03377
283.09061,1.58795
283.09875,0.31274
283.10689,0.52244
283.11503,0.51786
283.12318,0.16085
283.13132,0.65054
283.13946,1.20156
283.14760,0.90001
283.15574,0.26611
283.16389,0.18495
283.17203,1.69118
283.18017,3.39981
283.18831,4.66566
283.19646,1.21397
283.20460,0.73164
283.21274,0.74020
283.22088,1.72388
283.22903,0.27020
283.23717,1.29401
283.24531,2.84999
283.25345,0.24022
283.26159,0.07757
283.26974,0.19408
283.27788,0.60221
283.28602,1.06665
283.29416,2.96240
283.30231,1.01464
283.31045,0.82533
283.31859,1.53746
283.32673,1.75715
283.33487,2.30306
283.34302,1.16811
283.35116,0.35923
283.35930,1.42391
283.36744,4.37615
283.37559,5.32621
283.38373,0.46380
283.39187,2.50154
283.40001,1.74304
283.40816,1.51328
283.41630,0.94032
283.42444,0.47168
283.43258,0.21121
283.44072,0.01184
283.44887,0.21021
283.45701,0.54081
283.46515,3.37018
283.47329,0.74862
283.48144,0.48368
283.48958,0.50185
283.49772,1.39159
283.50586,1.46089
283.51400,1.13728
283.52215,0.47205
283.53029,1.18792
283.53843,0.05471
283.54657,1.03873
283.55472,0.01991
283.56286,0.92092
283.57100,0.05737
283.57914,0.26761
283.58728,0.49564
283.59543,0.34398
283.60357,0.42202
283.61171,1.37669
283.61985,3.10436
283.62800,2.22702
283.63614,1.68107
283.64428,0.58473
283.65242,1.44143
283.66057,1.13072
283.66871,0.87246
283.67685,0.55673
283.68499,3.09058
283.69313,1.00470
283.70128,0.94166
283.70942,0.51144
283.71756,0.96718
283.72570,0.50354
283.73385,1.59628
283.74199,0.53962
283.75013,1.78126
283.75827,0.17459
283.76641,0.77295
283.77456,0.97203
283.78270,0.44833
283.79084,1.07321
283.79898,0.54837
283.80713,0.26911
283.81527,0.91152
283.82341,2.03612
283.83155,0.32409
283.83970,4.76839
283.84784,1.09970
283.85598,1.48026
283.86412,3.28979
283.87226,0.43963
283.88041,0.93840
283.88855,0.16019
283.89669,4.88944
283.90483,0.18180
283.91298,0.01889
283.92112,1.17453
283.92926,0.04614
283.93740,0.48940
283.94554,0.67744
283.95369,0.89275
283.96183,2.94103
283.96997,0.26992
283.97811,0.40596
283.98626,0.17939
283.99440,0.16186
284.00254,1.08790
284.01068,0.75716
284.01882,0.64479
284.02697,0.40166
284.03511,0.37618
284.04325,0.70964
284.05139,0.10793
284.05954,0.42437
284.06768,1.24194
284.07582,0.01955
284.08396,0.80550
284.09211,2.76224
284.10025,2.27728
284.10839,0.01136
284.11653,0.03856
284.12467,0.59882
284.13282,1.30692
284.14096,0.71163
284.14910,0.68859
284.15724,1.92808
284.16539,1.23407
284.17353,1.19100
284.18167,2.44438
284.18981,0.96244
284.19795,1.33701
284.20610,0.89106
284.21424,0.26556
284.22238,0.87024
284.23052,0.65936
284.23867,0.19189
284.24681,0.18523
284.25495,0.30965
284.26309,1.12479
284.27124,0.88002
284.27938,1.07734
284.28752,0.09072
284.29566,1.62334
284.30380,1.64354
284.31195,0.14281
284.32009,0.69666
284.32823,0.19209
284.33637,0.06174
284.34452,1.62848
284.35266,1.26868
284.36080,0.01789
284.36894,3.01701
284.37708,1.78204
284.38523,1.01403
284.39337,2.16905
284.40151,0.17624
284.40965,0.12296
284.41780,0.27258
284.42594,0.27346
284.43408,1.73184
284.44222,2.39674
284.45037,1.31878
284.45851,0.05697
284.46665,0.59168
284.47479,0.53681
284.48293,0.05925
284.49108,0.73032
284.49922,0.23130
284.50736,2.11596
284.51550,1.74279
284.52365,0.20821
284.53179,0.56684
284.53993,0.67939
284.54807,0.34945
284.55621,1.16201
284.56436,0.79572
284.57250,5.16137
284.58064,2.95900
284.58878,2.74627
284.59693,2.04364
284.60507,0.10062
284.61321,0.51250
284.62135,1.78087
284.62949,1.00202
284.63764,1.88636
284.64578,1.56880
284.65392,1.51978
284.66206,1.10024
284.67021,0.26254
284.67835,1.82618
284.68649,1.61127
284.69463,0.08685
284.70278,0.22716
284.71092,0.04788
284.71906,1.20377
284.72720,1.21059
284.73534,0.92089
284.74349,1.29745
284.75163,0.08329
284.75977,0.83601
284.76791,2.52809
284.77606,1.17381
284.78420,2.04133
284.79234,0.55153
284.80048,2.27579
284.80862,0.40416
284.81677,0.99523
284.82491,0.65755
284.83305,0.32714
284.84119,0.25653
284.84934,0.72127
284.85748,0.02794
284.86562,0.65520
284.87376,0.89036
284.88191,3.09170
284.89005,0.57822
284.89819,1.29277
284.90633,0.21766
284.91447,0.20526
284.92262,0.21713
284.93076,1.55070
284.93890,0.77855
284.94704,3.35468
284.95519,0.15160
284.96333,1.69469
284.97147,0.28385
284.97961,0.93876
284.98775,0.88502
284.99590,2.90211
285.00404,0.30549
285.01218,1.89280
285.02032,0.61509
285.02847,1.56270
285.03661,0.78222
285.04475,0.39229
285.05289,0.04651
285.06103,2.01481
285.06918,0.77641
285.07732,1.24282
285.08546,0.06233
285.09360,4.40845
285.10175,1.37832
285.10989,0.52885
285.11803,1.79678
285.12617,0.55114
285.13432,0.68281
285.14246,1.70729
285.15060,1.77327
285.15874,0.92355
285.16688,0.50275
285.17503,0.01056
285.18317,0.58798
285.19131,0.76108
285.19945,1.63239
285.20760,0.48004
285.21574,1.05380
285.22388,1.02656
285.23202,0.03330
285.24016,0.27261
285.24831,1.49004
285.25645,1.27639
285.26459,1.25933
285.27273,1.49683
285.28088,0.80270
285.28902,0.32132
285.29716,2.04472
285.30530,0.28424
285.31345,1.15970
285.32159,1.79405
285.32973,2.02783
285.33787,0.14455
285.34601,1.03405
285.35416,0.79454
285.36230,0.92237
285.37044,1.64803
285.37858,0.13398
285.38673,1.01530
285.39487,0.16772
285.40301,0.67400
285.41115,0.24281
285.41929,0.19724
285.42744,0.25656
285.43558,1.86815
285.44372,0.23814
285.45186,0.47068
285.46001,2.63209
285.46815,3.31168
285.47629,0.02928
285.48443,0.88223
285.49257,0.38605
285.50072,1.82789
285.50886,0.31502
285.51700,0.65575
285.52514,1.42297
285.53329,0.87852
285.54143,0.69526
285.54957,1.48517
285.55771,0.31469
285.56586,1.27112
285.57400,0.85504
285.58214,0.46862
285.59028,0.28495
285.59842,0.29660
285.60657,0.74306
285.61471,0.79411
285.62285,0.83721
285.63099,1.45248
285.63914,0.28652
285.64728,0.09353
285.65542,3.05879
285.66356,0.32571
285.67170,1.04301
285.67985,0.15807
285.68799,1.53239
285.69613,0.04251
285.70427,0.85586
285.71242,1.44365
285.72056,0.89279
285.72870,0.91088
285.73684,0.16687
285.74499,0.92678
285.75313,0.51947
285.76127,0.85975
285.76941,0.37637
285.77755,0.41749
285.78570,0.88197
285.79384,0.49148
285.80198,0.21016
285.81012,1.18356
285.81827,0.06958
285.82641,0.45621
285.83455,0.11633
285.84269,0.10423
285.85083,0.32222
285.85898,0.16129
285.86712,0.40997
285.87526,0.70432
285.88340,0.45352
285.89155,0.05876
285.89969,1.49661
285.90783,0.53596
285.91597,4.16329
285.92412,1.18484
285.93226,0.88434
285.94040,2.78668
285.94854,1.39615
285.95668,2.87153
285.96483,0.94341
285.97297,0.44359
285.98111,0.71056
285.98925,0.12512
285.99740,1.21266
286.00554,1.83162
286.01368,1.51730
286.02182,0.92438
286.02996,0.78409
286.03811,0.30986
286.04625,0.64064
286.05439,1.59113
286.06253,0.58906
286.07068,0.13024
286.07882,2.62971
286.08696,0.90632
286.09510,0.80108
286.10324,2.81821
286.11139,0.29054
286.11953,0.88079
286.12767,1.72138
286.13581,1.23414
286.14396,1.55167
286.15210,0.65979
286.16024,0.03388
286.16838,0.07700
286.17653,0.94751
286.18467,0.60464
286.19281,0.82616
286.20095,0.14794
286.20909,2.16844
286.21724,0.20675
286.22538,0.37304
286.23352,0.19381
286.24166,0.48029
286.24981,0.50982
286.25795,2.14399
286.26609,3.19896
286.27423,0.51897
286.28237,1.48646
286.29052,2.40519
286.29866,2.06180
286.30680,0.34394
286.31494,1.72927
286.32309,0.42107
286.33123,2.27635
286.33937,0.57800
286.34751,0.31370
286.35566,2.48648
286.36380,0.80805
286.37194,2.71180
286.38008,1.41231
286.38822,0.55711
286.39637,0.69611
286.40451,2.72431
286.41265,1.83390
286.42079,1.73458
286.42894,2.35129
286.43708,0.00005
286.44522,0.13092
286.45336,0.35052
286.46150,0.20569
286.46965,1.12048
286.47779,0.02431
286.48593,1.91177
286.49407,0.86966
286.50222,0.72248
286.51036,0.56404
286.51850,0.89695
286.52664,0.43216
286.53478,1.32086
286.54293,0.17163
286.55107,0.62857
286.55921,0.72105
286.56735,0.69695
286.57550,1.28695
286.58364,0.38902
286.59178,0.04003
286.59992,0.18028
286.60807,0.40908
286.61621,0.16060
286.62435,0.38222
286.63249,3.43657
286.64063,2.99510
286.64878,0.95196
286.65692,0.72906
286.66506,0.67637
286.67320,0.00276
286.68135,1.67265
286.68949,0.67039
286.69763,0.63886
286.70577,0.90013
286.71391,0.17895
286.72206,1.55109
286.73020,1.48609
286.73834,0.02895
286.74648,0.08994
286.75463,0.10069
286.76277,1.55942
286.77091,1.01478
286.77905,0.09679
286.78720,0.28105
286.79534,2.87672
286.80348,0.98205
286.81162,1.00979
286.81976,1.49024
286.82791,1.85505
286.83605,0.26397
286.84419,0.64326
286.85233,1.27545
286.86048,0.57482
286.86862,0.45479
286.87676,0.96129
286.88490,2.76933
286.89304,1.52855
286.90119,0.08076
286.90933,0.43095
286.91747,0.13540
286.92561,1.13998
286.93376,0.41360
286.94190,1.87371
286.95004,3.37649
286.95818,0.24006
286.96633,1.83659
286.97447,2.22052
286.98261,0.20982
286.99075,0.12087
286.99889,1.33101
287.00704,1.68570
287.01518,0.30587
287.02332,0.65733
287.03146,0.73333
287.03961,0.15315
287.04775,0.24626
287.05589,0.54329
287.06403,0.38488
287.07217,0.50882
287.08032,1.09083
287.08846,0.06874
287.09660,0.05435
287.10474,0.30490
287.11289,0.43890
287.12103,0.15596
287.12917,0.12844
287.13731,0.18282
287.14545,0.22583
287.15360,0.77636
287.16174,2.71686
287.16988,0.32199
287.17802,0.70332
287.18617,5.54510
287.19431,2.81901
287.20245,2.71504
287.21059,0.22986
287.21874,0.55446
287.22688,1.91112
287.23502,1.70526
287.24316,2.80484
287.25130,0.22056
287.25945,0.08006
287.26759,1.45020
287.27573,0.11104
287.28387,1.71413
287.29202,4.52434
287.30016,0.46360
287.30830,0.47055
287.31644,1.40954
287.32458,0.43957
287.33273,1.50159
287.34087,1.55776
287.34901,0.08001
287.35715,0.43255
287.36530,1.33657
287.37344,0.31897
287.38158,0.41496
287.38972,0.58375
287.39787,0.10188
287.40601,0.31533
287.41415,1.26422
287.42229,0.14920
287.43043,1.23366
287.43858,1.83230
287.44672,4.09173
287.45486,0.71164
287.46300,1.33570
287.47115,3.41354
287.47929,1.11464
287.48743,4.01141
287.49557,1.15801
287.50371,0.49521
287.51186,0.39330
287.52000,0.21219
287.52814,1.95381
287.53628,0.14490
287.54443,0.74409
287.55257,1.05151
287.56071,0.93921
287.56885,1.54215
287.57699,0.13887
287.58514,2.33684
287.59328,0.96227
287.60142,0.53680
287.60956,0.19910
287.61771,0.40025
287.62585,0.93733
287.63399,0.28862
287.64213,0.05152
287.65028,0.18529
287.65842,0.04429
287.66656,0.19203
287.67470,1.28395
287.68284,0.53170
287.69099,0.39427
287.69913,0.37715
287.70727,0.14147
287.71541,0.42394
287.72356,0.19670
287.73170,0.12964
287.73984,0.58863
287.74798,0.98233
287.75612,0.31383
287.76427,0.12331
287.77241,0.24641
287.78055,0.79406
287.78869,0.51909
287.79684,1.36116
287.80498,2.49571
287.81312,0.67182
287.82126,0.32642
287.82941,1.59578
287.83755,1.83003
287.84569,2.12037
287.85383,1.48488
287.86197,1.91755
287.87012,2.04457
287.87826,2.68995
287.88640,0.10673
287.89454,1.00280
287.90269,1.74606
287.91083,0.86475
287.91897,1.61267
287.92711,0.02370
287.93525,0.33987
287.94340,0.02660
287.95154,0.11955
287.95968,0.11395
287.96782,0.23372
287.97597,0.47324
287.98411,0.44050
287.99225,0.24607
288.00039,0.27821
288.00853,0.64966
288.01668,0.10715
288.02482,0.54303
288.03296,0.34576
288.04110,2.62879
288.04925,0.67601
288.05739,2.70667
288.06553,1.52728
288.07367,0.09654
288.08182,1.14081
288.08996,0.27623
288.09810,1.33069
288.10624,0.23323
288.11438,1.55728
288.12253,0.38556
288.13067,0.94796
288.13881,0.44957
288.14695,0.65216
288.15510,0.26294
288.16324,4.00273
288.17138,3.31041
288.17952,0.34559
288.18766,2.31503
288.19581,1.42650
288.20395,0.31641
288.21209,0.08409
288.22023,0.13449
288.22838,0.69108
288.23652,0.28826
288.24466,0.25595
288.25280,1.28780
288.26095,0.28974
288.26909,1.31865
288.27723,0.17547
288.28537,1.15590
288.29351,1.03468
288.30166,0.16816
288.30980,0.11493
288.31794,1.25331
288.32608,1.55017
288.33423,1.36082
288.34237,4.68000
288.35051,1.48440
288.35865,1.81483
288.36679,0.25538
288.37494,0.10077
288.38308,0.19281
288.39122,0.37054
288.39936,0.00356
288.40751,0.28712
288.41565,0.85931
288.42379,1.05289
288.43193,0.09121
288.44008,1.85626
288.44822,1.63828
288.45636,5.45916
288.46450,0.55079
288.47264,0.70703
288.48079,0.37007
288.48893,0.09380
288.49707,0.52680
288.50521,1.28040
288.51336,0.38964
288.52150,0.19726
288.52964,1.72809
288.53778,0.53273
288.54592,0.22180
288.55407,0.68785
288.56221,1.55147
288.57035,0.31755
288.57849,3.32176
288.58664,0.32578
288.59478,0.65261
288.60292,0.71493
288.61106,1.32836
288.61920,1.42469
288.62735,0.14921
288.63549,1.72074
288.64363,0.72663
288.65177,0.19164
288.65992,1.13427
288.66806,1.38724
288.67620,0.51533
288.68434,0.36870
288.69249,0.26810
288.70063,0.23714
288.70877,0.27406
288.71691,0.04869
288.72505,0.20876
288.73320,2.71803
288.74134,1.43402
288.74948,0.51477
288.75762,0.93398
288.76577,0.23468
288.77391,0.25440
288.78205,3.86754
288.79019,0.62617
288.79833,1.46957
288.80648,0.03032
288.81462,1.51837
288.82276,0.56211
288.83090,0.61711
288.83905,0.70748
288.84719,2.19750
288.85533,1.19344
288.86347,0.28342
288.87162,0.20237
288.87976,0.77963
288.88790,1.00306
288.89604,0.20654
288.90418,0.55750
288.91233,2.72297
288.92047,0.53918
288.92861,0.62016
288.93675,0.35524
288.94490,2.73145
288.95304,0.74059
288.96118,1.45318
288.96932,0.41081
288.97746,0.95158
288.98561,0.28283
288.99375,0.46694
289.00189,1.42550
289.01003,0.17009
289.01818,0.05390
289.02632,1.71465
289.03446,0.45813
289.04260,0.36343
289.05074,0.72114
289.05889,0.33341
289.06703,0.46789
289.07517,0.55388
289.08331,1.73669
289.09146,0.07080
289.09960,0.61047
289.10774,0.28986
289.11588,0.25431
289.12403,1.25344
289.13217,0.19081
289.14031,1.29377
289.14845,1.78082
289.15659,0.73153
289.16474,1.52902
289.17288,1.02632
289.18102,0.67725
289.18916,0.29236
289.19731,0.04778
289.20545,0.49555
289.21359,1.39556
289.22173,2.38760
289.22987,0.50619
289.23802,0.30781
289.24616,0.78238
289.25430,0.10114
289.26244,0.27364
289.27059,0.92928
289.27873,0.83770
289.28687,0.77324
289.29501,1.21694
289.30316,0.73225
289.31130,0.15536
289.31944,0.14293
289.32758,0.07278
289.33572,0.14372
289.34387,0.18872
289.35201,0.80208
289.36015,0.14329
289.36829,0.63332
289.37644,1.17655
289.38458,0.12211
289.39272,2.04969
289.40086,0.11823
289.40900,0.78532
289.41715,0.18782
289.42529,1.51072
289.43343,2.30840
289.44157,0.24974
289.44972,0.42109
289.45786,1.59817
289.46600,0.54938
289.47414,0.08828
289.48229,0.79860
289.49043,3.17128
289.49857,0.36898
289.50671,1.66196
289.51485,2.66474
289.52300,0.44405
289.53114,0.18501
289.53928,0.92671
289.54742,1.60887
289.55557,1.01805
289.56371,0.40530
289.57185,0.38670
289.57999,0.95149
289.58813,0.10203
289.59628,0.82433
289.60442,1.21335
289.61256,0.35008
289.62070,0.92794
289.62885,3.36653
289.63699,1.06205
289.64513,0.36092
289.65327,1.02089
289.66141,0.55723
289.66956,4.18321
289.67770,0.07986
289.68584,3.23933
289.69398,0.66800
289.70213,0.37135
289.71027,0.47559
289.71841,1.10353
289.72655,0.61461
289.73470,1.08134
289.74284,0.08873
289.75098,0.30890
289.75912,0.58819
289.76726,0.18922
289.77541,0.30109
289.78355,1.45150
289.79169,1.26278
289.79983,3.04119
289.80798,1.35675
289.81612,1.30283
289.82426,0.07711
289.83240,1.85706
289.84054,3.87947
289.84869,0.97264
289.85683,1.93939
289.86497,0.72050
289.87311,0.06938
289.88126,1.50346
289.88940,2.17588
289.89754,0.45320
289.90568,0.45722
289.91383,1.34737
289.92197,0.49470
289.93011,0.48845
289.93825,2.88894
289.94639,0.26813
289.95454,1.28685
289.96268,5.58140
289.97082,1.91728
289.97896,0.47847
289.98711,4.41647
289.99525,9.12791
290.00339,2.79316
290.01153,9.92510
290.01967,0.22923
290.02782,0.72788
290.03596,1.36735
290.04410,1.57207
290.05224,0.35204
290.06039,0.06134
290.06853,3.27811
290.07667,1.57463
290.08481,0.09100
290.09295,1.57018
290.10110,0.74906
290.10924,0.16404
290.11738,1.10997
290.12552,3.37633
290.13367,0.11592
290.14181,0.03777
290.14995,0.81463
290.15809,0.21526
290.16624,0.33177
290.17438,0.86765
290.18252,0.03617
290.19066,0.33294
290.19880,0.83925
290.20695,0.66648
290.21509,1.39691
290.22323,0.03112
290.23137,0.69239
290.23952,0.38247
290.24766,0.69324
290.25580,4.37598
290.26394,1.02871
290.27208,0.18873
290.28023,0.05993
290.28837,0.01096
290.29651,1.13998
290.30465,0.09355
290.31280,0.85136
290.32094,0.43725
290.32908,0.33904
290.33722,0.62737
290.34537,0.50751
290.35351,0.70962
290.36165,0.40926
290.36979,0.03182
290.37793,0.05326
290.38608,0.15460
290.39422,0.90651
290.40236,0.37173
290.41050,0.55436
290.41865,0.92602
290.42679,0.56684
290.43493,0.52477
290.44307,5.32794
290.45121,6.81508
290.45936,0.25274
290.46750,2.14619
290.47564,2.70837
290.48378,3.24221
290.49193,5.67345
290.50007,0.87147
290.50821,5.17506
290.51635,8.61806
290.52449,13.50829
290.53264,0.97134
290.54078,0.46708
290.54892,3.83203
290.55706,0.00269
290.56521,0.57088
290.57335,2.16848
290.58149,1.12313
290.58963,2.43125
290.59778,0.45088
290.60592,2.49777
290.61406,0.00472
290.62220,0.97821
290.63034,1.77098
290.63849,7.18163
290.64663,1.12641
290.65477,0.53519
290.66291,0.97685
290.67106,0.32638
290.67920,0.83649
290.68734,0.44506
290.69548,1.35298
290.70362,0.58770
290.71177,0.00560
290.71991,0.06160
290.72805,0.96868
290.73619,0.38695
290.74434,0.16336
290.75248,0.89657
290.76062,1.67679
290.76876,0.32035
290.77691,0.84406
290.78505,0.67007
290.79319,0.65320
290.80133,1.03560
290.80947,0.52811
290.81762,0.36182
290.82576,0.05752
290.83390,0.32281
290.84204,1.67441
290.85019,0.72088
290.85833,0.13875
290.86647,1.97679
290.87461,0.53693
290.88275,1.73282
290.89090,0.31846
290.89904,0.83259
290.90718,0.29765
290.91532,0.14489
290.92347,1.84542
290.93161,0.09176
290.93975,0.61271
290.94789,0.63374
290.95604,0.93351
290.96418,2.18633
290.97232,0.00733
290.98046,0.20043
290.98860,0.26812
290.99675,0.11987
291.00489,0.09276
291.01303,0.13830
291.02117,0.48628
291.02932,0.27117
291.03746,1.32225
291.04560,0.65252
291.05374,3.21358
291.06188,0.13949
291.07003,0.21997
291.07817,0.03511
291.08631,0.02081
291.09445,0.96546
291.10260,2.25888
291.11074,0.04365
291.11888,2.18710
291.12702,2.85154
291.13516,0.33146
291.14331,1.47945
291.15145,0.57586
291.15959,1.91266
291.16773,4.43021
291.17588,1.84689
291.18402,1.27129
291.19216,0.29645
291.20030,1.11949
291.20845,1.15620
291.21659,0.39500
291.22473,1.53604
291.23287,0.10679
291.24101,0.60599
291.24916,0.45904
291.25730,0.17223
291.26544,0.01356
291.27358,0.08408
291.28173,0.16178
291.28987,1.08309
291.29801,0.50434
291.30615,1.77020
291.31429,0.89979
291.32244,1.06151
291.33058,1.60581
291.33872,0.33681
291.34686,0.19831
291.35501,0.30069
291.36315,0.45895
291.37129,2.99385
291.37943,0.65652
291.38758,0.33437
291.39572,0.85069
291.40386,0.72837
291.41200,0.16600
291.42014,0.81329
291.42829,1.47617
291.43643,2.96633
291.44457,0.45729
291.45271,2.17855
291.46086,0.03822
291.46900,0.33637
291.47714,0.90175
291.48528,1.97517
291.49342,0.17734
291.50157,0.57100
291.50971,0.36078
291.51785,0.35608
291.52599,1.22176
291.53414,0.02026
291.54228,0.96581
291.55042,2.28355
291.55856,1.85645
291.56670,2.83765
291.57485,0.17798
291.58299,0.35839
291.59113,0.07961
291.59927,0.49917
291.60742,0.11735
291.61556,1.18330
291.62370,2.29112
291.63184,0.87615
291.63999,1.31598
291.64813,0.08071
291.65627,0.42843
291.66441,0.33574
291.67255,0.67259
291.68070,0.44073
291.68884,0.33624
291.69698,1.75254
291.70512,0.31084
291.71327,1.04641
291.72141,0.03955
291.72955,0.77369
291.73769,0.40880
291.74583,1.25058
291.75398,2.07461
291.76212,0.60838
291.77026,0.58508
291.77840,1.71632
291.78655,0.33280
291.79469,0.81501
291.80283,1.28592
291.81097,2.82656
291.81912,1.78336
291.82726,0.06216
291.83540,1.18710
291.84354,0.67721
291.85168,0.73563
291.85983,0.09148
291.86797,0.38809
291.87611,0.14726
291.88425,0.66785
291.89240,0.21875
291.90054,0.17703
291.90868,0.16670
291.91682,0.63735
291.92496,0.00794
291.93311,0.00316
291.94125,0.65789
291.94939,0.11307
291.95753,0.05481
291.96568,0.16720
291.97382,0.64076
291.98196,0.54067
291.99010,0.63178
291.99825,0.43886
292.00639,0.66264
292.01453,0.40524
292.02267,0.33984
292.03081,0.50700
292.03896,1.12079
292.04710,3.35699
292.05524,0.81784
292.06338,0.37920
292.07153,0.23532
292.07967,3.09229
292.08781,1.64212
292.09595,1.46445
292.10409,0.51459
292.11224,0.50200
292.12038,1.22745
292.12852,0.30945
292.13666,1.32902
292.14481,0.26294
292.15295,0.19865
292.16109,1.87708
292.16923,1.20985
292.17737,1.76159
292.18552,1.73588
292.19366,0.20616
292.20180,4.03567
292.20994,2.28122
292.21809,0.21552
292.22623,1.16116
292.23437,1.39037
292.24251,0.47548
292.25066,2.03611
292.25880,0.74748
292.26694,0.66891
292.27508,0.23403
292.28322,1.80291
292.29137,0.78919
292.29951,0.23535
292.30765,0.26468
292.31579,0.24061
292.32394,0.44474
292.33208,0.67325
292.34022,1.50307
292.34836,1.73118
292.35650,0.92738
292.36465,0.22720
292.37279,0.35731
292.38093,0.97126
292.38907,1.61194
292.39722,1.00778
292.40536,0.59721
292.41350,0.02666
292.42164,0.31375
292.42979,0.38892
292.43793,1.13149
292.44607,0.68991
292.45421,1.69627
292.46235,0.41264
292.47050,0.02264
292.47864,0.68253
292.48678,0.34906
292.49492,0.25382
292.50307,0.10965
292.51121,1.00288
292.51935,1.03669
292.52749,3.04160
292.53563,1.77685
292.54378,0.16374
292.55192,0.88231
292.56006,0.21921
292.56820,0.73528
292.57635,0.38404
292.58449,0.16583
292.59263,0.82326
292.60077,2.05590
292.60891,0.16075
292.61706,0.10858
292.62520,0.05573
292.63334,1.83928
292.64148,0.30677
292.64963,1.39159
292.65777,0.36736
292.66591,0.24701
292.67405,0.32577
292.68220,0.24177
292.69034,1.88320
292.69848,0.19921
292.70662,1.46878
292.71476,0.10603
292.72291,0.28597
292.73105,0.01285
292.73919,1.68092
292.74733,3.01900
292.75548,1.21729
292.76362,0.59184
292.77176,1.37390
292.77990,0.14084
292.78804,1.16005
292.79619,0.62851
292.80433,0.64879
292.81247,0.66493
292.82061,0.09823
292.82876,1.01827
292.83690,0.63928
292.84504,0.66709
292.85318,0.13293
292.86133,0.53762
292.86947,1.08208
292.87761,1.04855
292.88575,1.92784
292.89389,0.32756
292.90204,2.77661
292.91018,0.15249
292.91832,0.50157
292.92646,2.16858
292.93461,0.51264
292.94275,0.96227
292.95089,2.97872
292.95903,0.93295
292.96717,0.47279
292.97532,0.00495
292.98346,3.32803
292.99160,0.62418
292.99974,1.55582
293.00789,0.36571
293.01603,1.30557
293.02417,0.04896
293.03231,1.65936
293.04045,1.04096
293.04860,0.00318
293.05674,0.24463
293.06488,1.34749
293.07302,0.58524
293.08117,0.34887
293.08931,0.44724
293.09745,2.92897
293.10559,1.78219
293.11374,0.53203
293.12188,1.79937
293.13002,2.10934
293.13816,1.41503
293.14630,0.58989
293.15445,0.11572
293.16259,0.35602
293.17073,3.33373
293.17887,7.01900
293.18702,3.19080
293.19516,0.37347
293.20330,5.24636
293.21144,0.50357
293.21958,0.25494
293.22773,1.05420
293.23587,1.77794
293.24401,0.62457
293.25215,2.75551
293.26030,0.83387
293.26844,1.65627
293.27658,2.03493
293.28472,0.55132
293.29287,0.47929
293.30101,0.66565
293.30915,1.17824
293.31729,0.93008
293.32543,0.27548
293.33358,0.67249
293.34172,1.00353
293.34986,3.21715
293.35800,0.27992
293.36615,1.53178
293.37429,0.60980
293.38243,0.56064
293.39057,0.41197
293.39871,1.35110
293.40686,0.54954
293.41500,1.29480
293.42314,0.40693
293.43128,0.76532
293.43943,2.65727
293.44757,0.13669
293.45571,1.54246
293.46385,0.94759
293.47200,2.08275
293.48014,1.54520
293.48828,1.04021
293.49642,0.26744
293.50456,1.87490
293.51271,0.34534
293.52085,0.62890
293.52899,0.29705
293.53713,0.21342
293.54528,0.52899
293.55342,1.01371
293.56156,0.93170
293.56970,0.04022
293.57784,0.09915
293.58599,0.93991
293.59413,1.19438
293.60227,2.23275
293.61041,0.61960
293.61856,0.51059
293.62670,0.34642
293.63484,0.66118
293.64298,1.10891
293.65112,0.12116
293.65927,3.03182
293.66741,0.20679
293.67555,0.02174
293.68369,1.09442
293.69184,3.78622
293.69998,0.38834
293.70812,0.33404
293.71626,0.12932
293.72441,3.62396
293.73255,0.33306
293.74069,0.08868
293.74883,2.09239
293.75697,4.32821
293.76512,0.48701
293.77326,0.03870
293.78140,0.97935
293.78954,0.43443
293.79769,1.86750
293.80583,0.32319
293.81397,2.50220
293.82211,0.49195
293.83025,0.25791
293.83840,1.44812
293.84654,0.10343
293.85468,1.22984
293.86282,0.47746
293.87097,2.67801
293.87911,0.38386
293.88725,0.99102
293.89539,0.21071
293.90354,0.08144
293.91168,2.98060
293.91982,1.92209
293.92796,2.44008
293.93610,3.32308
293.94425,1.26908
293.95239,7.45352
293.96053,3.69843
293.96867,0.44970
293.97682,1.77919
293.98496,0.60451
293.99310,0.51679
294.00124,4.93533
294.00938,0.57473
294.01753,0.23743
294.02567,5.57525
294.03381,4.00346
294.04195,9.19346
294.05010,2.07317
294.05824,6.04272
294.06638,5.36470
294.07452,6.04273
294.08266,0.03253
294.09081,6.97902
294.09895,3.67188
294.10709,2.13544
294.11523,0.18034
294.12338,11.92789
294.13152,2.57324
294.13966,23.03856
294.14780,1.55971
294.15595,9.54870
294.16409,0.16835
294.17223,11.97257
294.18037,7.03859
294.18851,0.05738
294.19666,1.66737
294.20480,2.89127
294.21294,8.75749
294.22108,3.68523
294.22923,7.03710
294.23737,0.73563
294.24551,2.72019
294.25365,8.82126
294.26179,9.15999
294.26994,3.16047
294.27808,2.79037
294.28622,7.67496
294.29436,0.39624
294.30251,5.51022
294.31065,3.49318
294.31879,2.42887
294.32693,12.46144
294.33508,27.30812
294.34322,13.47031
294.35136,2.20085
294.35950,32.40552
294.36764,6.53268
294.37579,3.52643
294.38393,18.98865
294.39207,3.45117
294.40021,5.32733
294.40836,1.65893
294.41650,1.11036
294.42464,0.33688
294.43278,6.50002
294.44092,2.15089
294.44907,2.02930
294.45721,1.93853
294.46535,1.03164
294.47349,15.42063
294.48164,3.38617
294.48978,1.09239
294.49792,10.66320
294.50606,4.34506
294.51421,3.87470
294.52235,0.36312
294.53049,8.87573
294.53863,8.81434
294.54677,3.71870
294.55492,10.90518
294.56306,0.69510
294.57120,51.21414
294.57934,27.81583
294.58749,0.95788
294.59563,11.90354
294.60377,2.36371
294.61191,10.22525
294.62005,5.65552
294.62820,12.06596
294.63634,9.40484
294.64448,1.72123
294.65262,8.51966
294.66077,0.18795
294.66891,1.18954
294.67705,9.23049
294.68519,2.63333
294.69333,1.87884
294.70148,0.90781
294.70962,0.93456
294.71776,1.53277
294.72590,0.34939
294.73405,1.83390
294.74219,0.29047
294.75033,2.00666
294.75847,1.14894
294.76662,0.34932
294.77476,0.21828
294.78290,0.10763
294.79104,4.29837
294.79918,1.80269
294.80733,1.15421
294.81547,1.41329
294.82361,0.00440
294.83175,0.20552
294.83990,0.55111
294.84804,2.14294
294.85618,1.90804
294.86432,1.99840
294.87246,2.98493
294.88061,7.70559
294.88875,1.33696
294.89689,1.41956
294.90503,7.30475
294.91318,2.06525
294.92132,2.64446
294.92946,1.51915
294.93760,0.86348
294.94575,1.28755
294.95389,0.20775
294.96203,3.34758
294.97017,1.94639
294.97831,0.84523
294.98646,0.86986
294.99460,0.64480
295.00274,0.32172
295.01088,0.23915
295.01903,2.56257
295.02717,1.06165
295.03531,0.75363
295.04345,3.08483
295.05159,2.16373
295.05974,0.13173
295.06788,0.46334
295.07602,3.78804
295.08416,0.67527
295.09231,3.08395
295.10045,1.35552
295.10859,0.27501
295.11673,0.77741
295.12487,0.60389
295.13302,0.68073
295.14116,5.80902
295.14930,0.42150
295.15744,0.39809
295.16559,1.96096
295.17373,0.57265
295.18187,1.23663
295.19001,0.65734
295.19816,0.33466
295.20630,0.24761
295.21444,3.66588
295.22258,1.16415
295.23072,0.24956
295.23887,0.21165
295.24701,0.80461
295.25515,0.39123
295.26329,0.24270
295.27144,1.85432
295.27958,0.23698
295.28772,0.04745
295.29586,1.20748
295.30400,1.86116
295.31215,3.06584
295.32029,0.04514
295.32843,0.81775
295.33657,0.33528
295.34472,0.18883
295.35286,2.17411
295.36100,3.16619
295.36914,0.15835
295.37729,0.36209
295.38543,0.62857
295.39357,0.23090
295.40171,2.53082
295.40985,0.27235
295.41800,0.71337
295.42614,0.13659
295.43428,1.13064
295.44242,1.23738
295.45057,2.52082
295.45871,0.98543
295.46685,2.17739
295.47499,2.99105
295.48313,0.35276
295.49128,0.42581
295.49942,2.05517
295.50756,0.63314
295.51570,0.64368
295.52385,0.80044
295.53199,0.46515
295.54013,0.57751
295.54827,0.53569
295.55641,3.80499
295.56456,4.95372
295.57270,1.92750
295.58084,0.72440
295.58898,0.83696
295.59713,0.20368
295.60527,1.89500
295.61341,0.06433
295.62155,0.46066
295.62970,2.05376
295.63784,2.09787
295.64598,1.34860
295.65412,1.90558
295.66226,0.25950
295.67041,3.03219
295.67855,1.70142
295.68669,2.39351
295.69483,0.73540
295.70298,4.67273
295.71112,1.29298
295.71926,0.13212
295.72740,0.23193
295.73554,0.55290
295.74369,0.56347
295.75183,0.98038
295.75997,0.02238
295.76811,3.85924
295.77626,0.70578
295.78440,0.20450
295.79254,0.94100
295.80068,0.34769
295.80883,2.51277
295.81697,1.14178
295.82511,0.44504
295.83325,0.04658
295.84139,0.34372
295.84954,1.90699
295.85768,0.27817
295.86582,1.26662
295.87396,0.26839
295.88211,1.09254
295.89025,0.26350
295.89839,0.04360
295.90653,0.60047
295.91467,0.32421
295.92282,1.15180
295.93096,1.61854
295.93910,0.14635
295.94724,0.84750
295.95539,0.25331
295.96353,0.55784
295.97167,0.02575
295.97981,0.25435
295.98796,0.84580
295.99610,1.54495
296.00424,1.39104
296.01238,0.34811
296.02052,1.57341
296.02867,0.17853
296.03681,1.69763
296.04495,0.20186
296.05309,0.62007
296.06124,0.28530
296.06938,0.64539
296.07752,0.83198
296.08566,0.94960
296.09380,1.48359
296.10195,0.65044
296.11009,0.72403
296.11823,1.18023
296.12637,0.08954
296.13452,0.76674
296.14266,0.89878
296.15080,2.67789
296.15894,1.14827
296.16708,0.31041
296.17523,0.58861
296.18337,0.63471
296.19151,1.82691
296.19965,2.05801
296.20780,0.05204
296.21594,0.42575
296.22408,0.62818
296.23222,0.22766
296.24037,3.12535
296.24851,2.26317
296.25665,0.47713
296.26479,1.72748
296.27293,0.85703
296.28108,0.18182
296.28922,0.92268
296.29736,0.48863
296.30550,1.42198
296.31365,1.90104
296.32179,0.02742
296.32993,0.69188
296.33807,0.71416
296.34621,1.31381
296.35436,0.77783
296.36250,0.27924
296.37064,0.97083
296.37878,0.25401
296.38693,0.77709
296.39507,0.61913
296.40321,0.88652
296.41135,0.40281
296.41950,0.02947
296.42764,1.13118
296.43578,0.24650
296.44392,1.09860
296.45206,0.72078
296.46021,0.74861
296.46835,0.00634
296.47649,0.79295
296.48463,3.66672
296.49278,1.77640
296.50092,0.20040
296.50906,0.55702
296.51720,1.06955
296.52534,2.15283
296.53349,1.99889
296.54163,0.03139
296.54977,0.40358
296.55791,0.14130
296.56606,0.66553
296.57420,1.40123
296.58234,0.59726
296.59048,1.61990
296.59862,0.79710
296.60677,0.94167
296.61491,0.29765
296.62305,1.00080
296.63119,0.34324
296.63934,1.24013
296.64748,0.91565
296.65562,0.60191
296.66376,0.92086
296.67191,3.42242
296.68005,4.60377
296.68819,0.30438
296.69633,0.61547
296.70447,0.06347
296.71262,1.32990
296.72076,1.60528
296.72890,0.01646
296.73704,0.01941
296.74519,0.59900
296.75333,0.62785
296.76147,0.33298
296.76961,0.15395
296.77775,1.60495
296.78590,0.15742
296.79404,0.05344
296.80218,2.00321
296.81032,0.54512
296.81847,1.56612
296.82661,1.00613
296.83475,3.32003
296.84289,0.49436
296.85104,0.61645
296.85918,0.71820
296.86732,0.80384
296.87546,1.84216
296.88360,0.13593
296.89175,0.47651
296.89989,1.80963
296.90803,0.62728
296.91617,0.01378
296.92432,1.33699
296.93246,1.38799
296.94060,0.02731
296.94874,1.18665
296.95688,2.64530
296.96503,0.16601
296.97317,0.63299
296.98131,0.44183
296.98945,0.07198
296.99760,1.51928
297.00574,0.36161
297.01388,1.56607
297.02202,0.72094
297.03017,0.08068
297.03831,0.11477
297.04645,0.12102
297.05459,0.01542
297.06273,1.17330
297.07088,0.22305
297.07902,0.67832
297.08716,0.95295
297.09530,1.32824
297.10345,0.34470
297.11159,1.06668
297.11973,2.36204
297.12787,0.25916
297.13601,1.03088
297.14416,1.25980
297.15230,0.71137
297.16044,0.02114
297.16858,2.05202
297.17673,0.56608
297.18487,1.66243
297.19301,1.73201
297.20115,0.83952
297.20929,1.14216
297.21744,0.24135
297.22558,0.85144
297.23372,2.43140
297.24186,0.89055
297.25001,0.16025
297.25815,0.29629
297.26629,0.09542
297.27443,0.60950
297.28258,0.12911
297.29072,0.20158
297.29886,1.35733
297.30700,0.09139
297.31514,0.32999
297.32329,3.74223
297.33143,1.39857
297.33957,0.44328
297.34771,0.44365
297.35586,2.04079
297.36400,0.64893
297.37214,0.12858
297.38028,0.73051
297.38842,0.68156
297.39657,2.35934
297.40471,0.08249
297.41285,3.82457
297.42099,2.01910
297.42914,4.78077
297.43728,2.70913
297.44542,1.02421
297.45356,1.50951
297.46171,0.77869
297.46985,0.05413
297.47799,0.65187
297.48613,2.47370
297.49427,0.03477
297.50242,0.37425
297.51056,0.35628
297.51870,1.07218
297.52684,0.10572
297.53499,0.18011
297.54313,0.24083
297.55127,0.00522
297.55941,0.94925
297.56755,0.40811
297.57570,1.32784
297.58384,0.07791
297.59198,0.98798
297.60012,1.92708
297.60827,0.41698
297.61641,1.19982
297.62455,0.04470
297.63269,0.28171
297.64083,0.59703
297.64898,0.07569
297.65712,0.04622
297.66526,0.27069
297.67340,0.66823
297.68155,0.96360
297.68969,0.61083
297.69783,0.27116
297.70597,0.06087
297.71412,0.60499
297.72226,0.76870
297.73040,2.09772
297.73854,0.25203
297.74668,0.09998
297.75483,0.77836
297.76297,2.01566
297.77111,0.01149
297.77925,1.55875
297.78740,0.02470
297.79554,2.58491
297.80368,0.81482
297.81182,2.59561
297.81996,0.49392
297.82811,0.60349
297.83625,0.70195
297.84439,0.48457
297.85253,0.09803
297.86068,0.74415
297.86882,0.45810
297.87696,0.65878
297.88510,2.42689
297.89325,0.93737
297.90139,2.77052
297.90953,0.80725
297.91767,0.35618
297.92581,0.33797
297.93396,0.61669
297.94210,1.44708
297.95024,0.31949
297.95838,0.21966
297.96653,1.30476
297.97467,0.02117
297.98281,2.30123
297.99095,1.98913
297.99909,0.01039
298.00724,2.39116
298.01538,0.25596
298.02352,0.42182
298.03166,0.00541
298.03981,0.38308
298.04795,0.42263
298.05609,0.93687
298.06423,4.40729
298.07237,3.17655
298.08052,3.46947
298.08866,0.93244
298.09680,0.20081
298.10494,0.21179
298.11309,1.48526
298.12123,0.62444
298.12937,0.81147
298.13751,0.08203
298.14566,0.58520
298.15380,0.06858
298.16194,0.19460
298.17008,0.27813
298.17822,0.43570
298.18637,0.15034
298.19451,0.77636
298.20265,0.54577
298.21079,0.25925
298.21894,0.14907
298.22708,1.23264
298.23522,0.11635
298.24336,1.57515
298.25150,2.81480
298.25965,1.75671
298.26779,0.45226
298.27593,0.46003
298.28407,0.28016
298.29222,0.42599
298.30036,1.61565
298.30850,2.31256
298.31664,0.13705
298.32479,1.20770
298.33293,0.85430
298.34107,0.68817
298.34921,0.08950
298.35735,1.28891
298.36550,0.27134
298.37364,1.50257
298.38178,1.46271
298.38992,0.63160
298.39807,1.50783
298.40621,0.25369
298.41435,1.35398
298.42249,1.38387
298.43063,0.11925
298.43878,0.09288
298.44692,0.04988
298.45506,0.53522
298.46320,0.64442
298.47135,0.72188
298.47949,0.80703
298.48763,0.34613
298.49577,0.65464
298.50392,0.32423
298.51206,0.93909
298.52020,0.55982
298.52834,0.48205
298.53648,2.65925
298.54463,0.37189
298.55277,1.64400
298.56091,0.85849
298.56905,0.03503
298.57720,1.80206
298.58534,0.57890
298.59348,0.92617
298.60162,1.01993
298.60976,0.54545
298.61791,0.11224
298.62605,0.01890
298.63419,0.61026
298.64233,0.26481
298.65048,0.84527
298.65862,2.13593
298.66676,0.57858
298.67490,0.23626
298.68304,0.06228
298.69119,1.02276
298.69933,1.29794
298.70747,0.30029
298.71561,0.46624
298.72376,2.87667
298.73190,0.56184
298.74004,0.23753
298.74818,2.48633
298.75633,0.48579
298.76447,0.51337
298.77261,2.34345
298.78075,0.71097
298.78889,0.32416
298.79704,0.26672
298.80518,0.34748
298.81332,1.88803
298.82146,3.13917
298.82961,0.25602
298.83775,1.71191
298.84589,1.09643
298.85403,0.59415
298.86217,1.10716
298.87032,0.14267
298.87846,4.95200
298.88660,1.60178
298.89474,4.38630
298.90289,1.88087
298.91103,1.00749
298.91917,1.81136
298.92731,0.17694
298.93546,0.30436
298.94360,0.79222
298.95174,1.73626
298.95988,0.93107
298.96802,3.56896
298.97617,0.05569
298.98431,4.15620
298.99245,1.19650
299.00059,0.05151
299.00874,0.82589
299.01688,0.06225
299.02502,1.26455
299.03316,0.31942
299.04130,1.33997
299.04945,4.85920
299.05759,3.26075
299.06573,0.44786
299.07387,2.52873
299.08202,4.91433
299.09016,1.53169
299.09830,1.26445
299.10644,4.86000
299.11458,5.62162
299.12273,4.56586
299.13087,0.01660
299.13901,1.16296
299.14715,1.17063
299.15530,4.54277
299.16344,0.66465
299.17158,1.72264
299.17972,2.04351
299.18787,0.02342
299.19601,0.81675
299.20415,0.10455
299.21229,0.92627
299.22043,1.08984
299.22858,1.18526
299.23672,0.57199
299.24486,0.37497
299.25300,0.69939
299.26115,0.79924
299.26929,0.06516
299.27743,0.76736
299.28557,0.58094
299.29371,2.04255
299.30186,0.12680
299.31000,0.71947
299.31814,0.13720
299.32628,0.70607
299.33443,2.86033
299.34257,0.73033
299.35071,0.40195
299.35885,1.52054
299.36700,0.01448
299.37514,1.01786
299.38328,0.08730
299.39142,0.08304
299.39956,1.57850
299.40771,0.56767
299.41585,3.09622
299.42399,0.89509
299.43213,2.20591
299.44028,5.12486
299.44842,1.68146
299.45656,1.49960
299.46470,0.33951
299.47284,0.18622
299.48099,0.65074
299.48913,0.11352
299.49727,1.06908
299.50541,0.10556
299.51356,0.59403
299.52170,1.16477
299.52984,0.04077
299.53798,1.48995
299.54613,1.59571
299.55427,0.06823
299.56241,1.08413
299.57055,0.54623
299.57869,1.23677
299.58684,2.61836
299.59498,1.38290
299.60312,13.97941
299.61126,1.96289
299.61941,9.65395
299.62755,15.31157
299.63569,1.75342
299.64383,0.22499
299.65197,1.22194
299.66012,1.08902
299.66826,1.33877
299.67640,0.30289
299.68454,0.47770
299.69269,1.02366
299.70083,2.06193
299.70897,0.16149
299.71711,3.77405
299.72525,0.35180
299.73340,1.03568
299.74154,0.57057
299.74968,0.63256
299.75782,1.10840
299.76597,0.38758
299.77411,0.61065
299.78225,2.98424
299.79039,2.21432
299.79854,0.11043
299.80668,0.15286
299.81482,0.02318
299.82296,1.99915
299.83110,0.84745
299.83925,0.97432
299.84739,1.77004
299.85553,0.11309
299.86367,1.74381
299.87182,0.66465
299.87996,0.27927
299.88810,0.91420
299.89624,0.63809
299.90438,0.49611
299.91253,1.83030
299.92067,1.98395
299.92881,1.84744
299.93695,0.35012
299.94510,0.76715
299.95324,2.16240
299.96138,1.10927
299.96952,0.93750
299.97767,0.60881
299.98581,0.08759
299.99395,0.33817
300.00209,2.13925
300.01023,5.82119
300.01838,0.77527
300.02652,0.18479
300.03466,0.10356
300.04280,0.16321
300.05095,0.23151
300.05909,2.28573
300.06723,0.29807
300.07537,1.34033
300.08351,0.64281
300.09166,1.58917
300.09980,0.04918
300.10794,2.52470
300.11608,0.43314
300.12423,1.09522
300.13237,8.14290
300.14051,0.05563
300.14865,5.65144
300.15679,19.23344
300.16494,0.94187
300.17308,0.63286
300.18122,1.99785
300.18936,1.60202
300.19751,1.84227
300.20565,0.57574
300.21379,0.17902
300.22193,0.79891
300.23008,1.14439
300.23822,1.26700
300.24636,0.59160
300.25450,1.58751
300.26264,0.34560
300.27079,0.40237
300.27893,0.29740
300.28707,0.00284
300.29521,0.69494
300.30336,0.73516
300.31150,2.60698
300.31964,3.45879
300.32778,0.13308
300.33592,0.08820
300.34407,1.32577
300.35221,0.27191
300.36035,1.39366
300.36849,2.04149
300.37664,0.04998
300.38478,0.28604
300.39292,0.10431
300.40106,0.51740
300.40921,0.58312
300.41735,0.03953
300.42549,0.92501
300.43363,1.81723
300.44177,0.26393
300.44992,2.01888
300.45806,0.23912
300.46620,0.35405
300.47434,0.67889
300.48249,1.65722
300.49063,1.44486
300.49877,1.44480
300.50691,0.19614
300.51505,0.24747
300.52320,0.35387
300.53134,1.49173
300.53948,1.12414
300.54762,2.99028
300.55577,0.14325
300.56391,5.01321
300.57205,0.92498
300.58019,0.41427
300.58833,1.45193
300.59648,0.41385
300.60462,0.69843
300.61276,3.12970
300.62090,1.98792
300.62905,0.49588
300.63719,5.73552
300.64533,2.69481
300.65347,1.53741
300.66162,2.09065
300.66976,0.50144
300.67790,0.02833
300.68604,0.16611
300.69418,2.39379
300.70233,0.62467
300.71047,1.42641
300.71861,0.31655
300.72675,0.32792
300.73490,0.06990
300.74304,0.89083
300.75118,2.08144
300.75932,1.54435
300.76746,2.78837
300.77561,0.18427
300.78375,3.04349
300.79189,0.97904
300.80003,0.03086
300.80818,1.61882
300.81632,0.53557
300.82446,0.78931
300.83260,1.42314
300.84075,1.87660
300.84889,2.01413
300.85703,3.05752
300.86517,0.12551
300.87331,0.34013
300.88146,1.37938
300.88960,1.75075
300.89774,0.08641
300.90588,2.09108
300.91403,3.37483
300.92217,1.16186
300.93031,0.17354
300.93845,0.26514
300.94659,0.64030
300.95474,0.71574
300.96288,0.81755
300.97102,1.65258
300.97916,1.82543
300.98731,0.27235
300.99545,0.70358
301.00359,0.55408
301.01173,0.82384
301.01988,0.22660
301.02802,2.62081
301.03616,0.46911
301.04430,3.74443
301.05244,0.08972
301.06059,0.85972
301.06873,0.53050
301.07687,0.02323
301.08501,0.26224
301.09316,0.22227
301.10130,2.90335
301.10944,1.07889
301.11758,0.27230
301.12572,4.92292
301.13387,0.34048
301.14201,0.49136
301.15015,0.04662
301.15829,1.24665
301.16644,1.35067
301.17458,0.22937
301.18272,0.00749
301.19086,0.23414
301.19900,0.04843
301.20715,1.04605
301.21529,0.62243
301.22343,1.69272
301.23157,0.17824
301.23972,2.13475
301.24786,1.55533
301.25600,0.15774
301.26414,0.05144
301.27229,0.57281
301.28043,0.09710
301.28857,0.72186
301.29671,0.39210
301.30485,1.62906
301.31300,0.09385
301.32114,0.54704
301.32928,0.07415
301.33742,1.59736
301.34557,0.12774
301.35371,0.53586
301.36185,0.73446
301.36999,1.50169
301.37813,0.99800
301.38628,1.56580
301.39442,0.95475
301.40256,0.74522
301.41070,1.89537
301.41885,0.33078
301.42699,0.70705
301.43513,1.94463
301.44327,1.17554
301.45142,6.42254
301.45956,1.30177
301.46770,0.38745
301.47584,0.50137
301.48398,0.62651
301.49213,1.83724
301.50027,1.10644
301.50841,2.90862
301.51655,0.68679
301.52470,0.31107
301.53284,1.99368
301.54098,0.57678
301.54912,1.26447
301.55726,0.60592
301.56541,0.06129
301.57355,3.58236
301.58169,0.13215
301.58983,0.53666
301.59798,0.05317
301.60612,0.66237
301.61426,0.70172
301.62240,1.24586
301.63054,4.85151
301.63869,0.44636
301.64683,0.31481
301.65497,0.78796
301.66311,0.38280
301.67126,1.16491
301.67940,0.36214
301.68754,0.86163
301.69568,0.04536
301.70383,0.50629
301.71197,0.47919
301.72011,0.04367
301.72825,0.45583
301.73639,0.06906
301.74454,0.74696
301.75268,0.55243
301.76082,0.04382
301.76896,0.10746
301.77711,1.82130
301.78525,0.27056
301.79339,2.68886
301.80153,1.55830
301.80967,1.86467
301.81782,1.06788
301.82596,0.02588
301.83410,0.66243
301.84224,0.26126
301.85039,2.36576
301.85853,3.32499
301.86667,0.66061
301.87481,6.86192
301.88296,0.70316
301.89110,1.33214
301.89924,0.36765
301.90738,1.17326
301.91552,0.12139
301.92367,0.03524
301.93181,2.43137
301.93995,0.80001
301.94809,2.00568
301.95624,4.36005
301.96438,1.03797
301.97252,1.98416
301.98066,1.31067
301.98880,2.18465
301.99695,0.13518
302.00509,2.15336
302.01323,0.53117
302.02137,1.13345
302.02952,0.39667
302.03766,2.37652
302.04580,0.34388
302.05394,2.78552
302.06209,0.31419
302.07023,1.63289
302.07837,2.11390
302.08651,0.16785
302.09465,0.36795
302.10280,0.10130
302.11094,1.79683
302.11908,3.66704
302.12722,0.60976
302.13537,0.43602
302.14351,0.06581
302.15165,1.04490
302.15979,0.45932
302.16793,0.33593
302.17608,0.49059
302.18422,1.86541
302.19236,1.10334
302.20050,1.78751
302.20865,2.21755
302.21679,8.79583
302.22493,0.08265
302.23307,1.65238
302.24121,0.15791
302.24936,0.27523
302.25750,3.38623
302.26564,0.08310
302.27378,1.39212
302.28193,1.01242
302.29007,0.86891
302.29821,1.67138
302.30635,4.47433
302.31450,0.58050
302.32264,0.60071
302.33078,3.11623
302.33892,4.15874
302.34706,0.60426
302.35521,0.41591
302.36335,4.99373
302.37149,2.15762
302.37963,3.44167
302.38778,1.90143
302.39592,4.42970
302.40406,9.91409
302.41220,5.90056
302.42034,7.47300
302.42849,1.84758
302.43663,3.10333
302.44477,1.07152
302.45291,11.26101
302.46106,4.71728
302.46920,3.52827
302.47734,50.40046
302.48548,30.16883
302.49363,3.39067
302.50177,1.56561
302.50991,1.21881
302.51805,0.26449
302.52619,0.24695
302.53434,1.94808
302.54248,4.79045
302.55062,3.19287
302.55876,1.69143
302.56691,6.48073
302.57505,0.83451
302.58319,2.58392
302.59133,1.40626
302.59947,13.38055
302.60762,1.87496
302.61576,9.49145
302.62390,0.17230
302.63204,1.48147
302.64019,1.79328
302.64833,2.38450
302.65647,3.74855
302.66461,3.31223
302.67275,3.76927
302.68090,1.25003
302.68904,1.93992
302.69718,14.23737
302.70532,2.00760
302.71347,11.00585
302.72161,19.52850
302.72975,15.00591
302.73789,5.16294
302.74604,0.51498
302.75418,4.19999
302.76232,11.38880
302.77046,17.19322
302.77860,7.78605
302.78675,0.81919
302.79489,15.81982
302.80303,7.15354
302.81117,3.39123
302.81932,12.92164
302.82746,11.49334
302.83560,8.99777
302.84374,9.31009
302.85188,8.72941
302.86003,1.42209
302.86817,0.09956
302.87631,5.23823
302.88445,0.60097
302.89260,1.33330
302.90074,5.30443
302.90888,0.06590
302.91702,0.71617
302.92517,1.81888
302.93331,0.47499
302.94145,2.69486
302.94959,6.27659
302.95773,1.71103
302.96588,5.25480
302.97402,1.51810
302.98216,2.75781
302.99030,6.04333
302.99845,0.69230
303.00659,0.42573
303.01473,0.28018
303.02287,1.32492
303.03101,1.61645
303.03916,0.43021
303.04730,0.70892
303.05544,4.06277
303.06358,1.68450
303.07173,0.95256
303.07987,2.11772
303.08801,1.58376
303.09615,3.99757
303.10429,0.71739
303.11244,0.82504
303.12058,1.88378
303.12872,0.80914
303.13686,0.09384
303.14501,0.78444
303.15315,0.13796
303.16129,1.42323
303.16943,0.66554
303.17758,1.31072
303.18572,3.35380
303.19386,0.68837
303.20200,2.46831
303.21014,0.41071
303.21829,1.95976
303.22643,1.73688
303.23457,1.84586
303.24271,0.76471
303.25086,0.31011
303.25900,6.37320
303.26714,1.03873
303.27528,0.04918
303.28342,0.99063
303.29157,1.89630
303.29971,0.88941
303.30785,2.51747
303.31599,4.38779
303.32414,0.19230
303.33228,0.09925
303.34042,0.37372
303.34856,7.79316
303.35671,1.23790
303.36485,0.26417
303.37299,2.11943
303.38113,1.10495
303.38927,1.92678
303.39742,2.07538
303.40556,10.54740
303.41370,2.11879
303.42184,0.97834
303.42999,1.39739
303.43813,1.20634
303.44627,2.95841
303.45441,0.39935
303.46255,1.13724
303.47070,0.92383
303.47884,1.57807
303.48698,1.39229
303.49512,2.86481
303.50327,1.60492
303.51141,0.75645
303.51955,0.65000
303.52769,1.96925
303.53584,1.01779
303.54398,1.72261
303.55212,1.10495
303.56026,0.88973
303.56840,0.93422
303.57655,0.62235
303.58469,0.69200
303.59283,1.34436
303.60097,1.49476
303.60912,6.89506
303.61726,0.47184
303.62540,1.77657
303.63354,4.45682
303.64168,1.50623
303.64983,0.01271
303.65797,0.66411
303.66611,1.77162
303.67425,3.11550
303.68240,0.18051
303.69054,0.04854
303.69868,1.15512
303.70682,0.39977
303.71496,4.54203
303.72311,1.58985
303.73125,0.91886
303.73939,2.01884
303.74753,1.57131
303.75568,2.28269
303.76382,2.31995
303.77196,1.74826
303.78010,3.42052
303.78825,1.23968
303.79639,2.01627
303.80453,3.23848
303.81267,5.06939
303.82081,0.22557
303.82896,2.26148
303.83710,0.56259
303.84524,0.49147
303.85338,1.31387
303.86153,1.21820
303.86967,3.31862
303.87781,1.46675
303.88595,2.85341
303.89409,0.88520
303.90224,1.05682
303.91038,3.18596
303.91852,1.82109
303.92666,2.41830
303.93481,0.34999
303.94295,0.29638
303.95109,0.97010
303.95923,1.77681
303.96738,2.08767
303.97552,1.69353
303.98366,1.60788
303.99180,0.88518
303.99994,0.59189
304.00809,0.73925
304.01623,0.14147
304.02437,0.86811
304.03251,2.94279
304.04066,0.34965
304.04880,0.25495
304.05694,0.98929
304.06508,1.77868
304.07322,0.48598
304.08137,1.83171
304.08951,0.06544
304.09765,2.72324
304.10579,0.44260
304.11394,0.39165
304.12208,0.18961
304.13022,0.17340
304.13836,0.15728
304.14650,4.34887
304.15465,3.82519
304.16279,6.21441
304.17093,0.06744
304.17907,3.14809
304.18722,0.01555
304.19536,1.86408
304.20350,1.47888
304.21164,1.68583
304.21979,0.78413
304.22793,1.67071
304.23607,0.06533
304.24421,0.57772
304.25235,0.54526
304.26050,0.91749
304.26864,0.98730
304.27678,0.29188
304.28492,0.01766
304.29307,1.93114
304.30121,0.20516
304.30935,1.09265
304.31749,1.56397
304.32563,0.79921
304.33378,1.70517
304.34192,2.12725
304.35006,0.78005
304.35820,3.47881
304.36635,0.07943
304.37449,3.42711
304.38263,1.43715
304.39077,0.33305
304.39892,0.72690
304.40706,0.67924
304.41520,0.60487
304.42334,0.59102
304.43148,0.36342
304.43963,0.40877
304.44777,0.16117
304.45591,2.01190
304.46405,0.02802
304.47220,1.42710
304.48034,0.27074
304.48848,0.33834
304.49662,0.58990
304.50476,0.49777
304.51291,1.07052
304.52105,3.22829
304.52919,2.65404
304.53733,1.76515
304.54548,0.00531
304.55362,3.38823
304.56176,1.44271
304.56990,0.86246
304.57805,1.47414
304.58619,5.66414
304.59433,0.31240
304.60247,4.14604
304.61061,8.34604
304.61876,2.46708
304.62690,2.92556
304.63504,3.50432
304.64318,0.51074
304.65133,0.54951
304.65947,0.13799
304.66761,2.31415
304.67575,0.23174
304.68389,0.29491
304.69204,1.93603
304.70018,2.75636
304.70832,1.12580
304.71646,3.46987
304.72461,2.61605
304.73275,3.89996
304.74089,1.26576
304.74903,0.43614
304.75717,0.25098
304.76532,1.83044
304.77346,1.14761
304.78160,0.65676
304.78974,2.56308
304.79789,3.05711
304.80603,3.83690
304.81417,2.18349
304.82231,1.13788
304.83046,0.78539
304.83860,8.32377
304.84674,0.19674
304.85488,1.97803
304.86302,1.10753
304.87117,0.78408
304.87931,0.29273
304.88745,0.98825
304.89559,6.05130
304.90374,4.07773
304.91188,4.15205
304.92002,1.81914
304.92816,1.67872
304.93630,4.68079
304.94445,6.43420
304.95259,3.18352
304.96073,1.04127
304.96887,0.82147
304.97702,0.78675
304.98516,6.91067
304.99330,10.93875
305.00144,4.61002
305.00959,9.68577
305.01773,0.56979
305.02587,16.47743
305.03401,21.40044
305.04215,19.14554
305.05030,6.62819
305.05844,51.08222
305.06658,52.08021
305.07472,0.76567
305.08287,0.55352
305.09101,3.53852
305.09915,0.40670
305.10729,29.24722
305.11543,70.39719
305.12358,2.77703
305.13172,106.21061
305.13986,83.83739
305.14800,26.24271
305.15615,29.32276
305.16429,31.15710
305.17243,12.96235
305.18057,12.01817
305.18871,1.55826
305.19686,8.12950
305.20500,8.04019
305.21314,7.63973
305.22128,0.85683
305.22943,3.35224
305.23757,1.27757
305.24571,5.67153
305.25385,3.96833
305.26200,28.09756
305.27014,3.81566
305.27828,0.64502
305.28642,1.55009
305.29456,1.13938
305.30271,1.24779
305.31085,1.22174
305.31899,11.06496
305.32713,6.42832
305.33528,1.08119
305.34342,0.41682
305.35156,1.03579
305.35970,1.84569
305.36784,1.50564
305.37599,3.69816
305.38413,3.30776
305.39227,3.25009
305.40041,1.64252
305.40856,0.78976
305.41670,1.63760
305.42484,15.89649
305.43298,0.75856
305.44113,4.29521
305.44927,2.09517
305.45741,3.83172
305.46555,1.90115
305.47369,2.08554
305.48184,1.64785
305.48998,3.91459
305.49812,1.04970
305.50626,0.22840
305.51441,0.42386
305.52255,2.50477
305.53069,2.28522
305.53883,6.42168
305.54697,5.66370
305.55512,0.25192
305.56326,1.75339
305.57140,1.77037
305.57954,2.61487
305.58769,3.52608
305.59583,1.98541
305.60397,3.42463
305.61211,0.12898
305.62025,1.45718
305.62840,0.13230
305.63654,0.98054
305.64468,0.45680
305.65282,3.08054
305.66097,2.95335
305.66911,0.29457
305.67725,1.39773
305.68539,1.03397
305.69354,0.98789
305.70168,1.33581
305.70982,0.52356
305.71796,5.09280
305.72610,1.00545
305.73425,0.06128
305.74239,2.66687
305.75053,0.06459
305.75867,0.18079
305.76682,1.32225
305.77496,0.34228
305.78310,0.36000
305.79124,0.89379
305.79938,0.37132
305.80753,1.49492
305.81567,0.43091
305.82381,0.30678
305.83195,1.04330
305.84010,2.41596
305.84824,1.86559
305.85638,0.13761
305.86452,0.70625
305.87267,0.46104
305.88081,3.37235
305.88895,0.55958
305.89709,0.23347
305.90523,0.52692
305.91338,0.55842
305.92152,0.02170
305.92966,0.30179
305.93780,0.39931
305.94595,2.85069
305.95409,2.15747
305.96223,0.50444
305.97037,0.87496
305.97851,1.36021
305.98666,0.90535
305.99480,2.62445
306.00294,1.56486
306.01108,1.45608
306.01923,0.35009
306.02737,0.38599
306.03551,0.42794
306.04365,0.22266
306.05180,1.27077
306.05994,0.88478
306.06808,0.88421
306.07622,0.10061
306.08436,0.08575
306.09251,0.21707
306.10065,0.18870
306.10879,0.45036
306.11693,1.04977
306.12508,1.42539
306.13322,1.02366
306.14136,0.05822
306.14950,0.42308
306.15764,0.69268
306.16579,1.05649
306.17393,1.86325
306.18207,1.04092
306.19021,2.35885
306.19836,0.28965
306.20650,0.80672
306.21464,2.21047
306.22278,3.10427
306.23092,0.81107
306.23907,0.70095
306.24721,0.02967
306.25535,0.21247
306.26349,0.73988
306.27164,0.89257
306.27978,0.32824
306.28792,0.60902
306.29606,1.43698
306.30421,2.01592
306.31235,1.75107
306.32049,2.50633
306.32863,1.57676
306.33677,3.52649
306.34492,0.89852
306.35306,2.07592
306.36120,1.81255
306.36934,0.40530
306.37749,1.60968
306.38563,1.11463
306.39377,1.43692
306.40191,0.72218
306.41005,0.26674
306.41820,0.98124
306.42634,0.32308
306.43448,7.37091
306.44262,6.61052
306.45077,1.08683
306.45891,0.81337
306.46705,1.01792
306.47519,0.43896
306.48334,0.65630
306.49148,0.91070
306.49962,1.08229
306.50776,0.81269
306.51590,2.05815
306.52405,0.49787
306.53219,0.23953
306.54033,0.37368
306.54847,1.27747
306.55662,1.09057
306.56476,0.31378
306.57290,0.48510
306.58104,0.75935
306.58918,1.29341
306.59733,0.97686
306.60547,0.37334
306.61361,1.09857
306.62175,0.14560
306.62990,0.01625
306.63804,0.50188
306.64618,0.64609
306.65432,2.98077
306.66246,0.96801
306.67061,0.04661
306.67875,0.12046
306.68689,0.12566
306.69503,0.12692
306.70318,2.18263
306.71132,0.05982
306.71946,0.31478
306.72760,0.36134
306.73575,0.40661
306.74389,0.87164
306.75203,0.10256
306.76017,0.32925
306.76831,0.76491
306.77646,1.00094
306.78460,1.89300
306.79274,0.97512
306.80088,1.75466
306.80903,1.85082
306.81717,1.71187
306.82531,0.04896
306.83345,0.95583
306.84159,1.08050
306.84974,1.23850
306.85788,0.48157
306.86602,0.14616
306.87416,3.40098
306.88231,2.21470
306.89045,0.00219
306.89859,0.47926
306.90673,2.68843
306.91488,1.13988
306.92302,1.59057
306.93116,2.67131
306.93930,1.07582
306.94744,0.61841
306.95559,0.84240
306.96373,0.31422
306.97187,2.88231
306.98001,0.18220
306.98816,0.79783
306.99630,3.24583
307.00444,0.45834
307.01258,0.27894
307.02072,0.84574
307.02887,0.34383
307.03701,1.16787
307.04515,0.11784
307.05329,2.13752
307.06144,0.57921
307.06958,0.33394
307.07772,0.75839
307.08586,2.39359
307.09401,0.12053
307.10215,1.28156
307.11029,2.74751
307.11843,1.05906
307.12657,1.23931
307.13472,2.43697
307.14286,0.75225
307.15100,0.46398
307.15914,0.86455
307.16729,5.05245
307.17543,2.49879
307.18357,3.75750
307.19171,5.03997
307.19985,2.10090
307.20800,0.73367
307.21614,1.33699
307.22428,0.00130
307.23242,1.67429
307.24057,0.36160
307.24871,0.89462
307.25685,0.73366
307.26499,1.02372
307.27313,0.18410
307.28128,0.42686
307.28942,0.64562
307.29756,0.08497
307.30570,1.17270
307.31385,0.88423
307.32199,0.07650
307.33013,0.67082
307.33827,0.54150
307.34642,0.07275
307.35456,1.20837
307.36270,2.24258
307.37084,0.00094
307.37898,0.39274
307.38713,3.43838
307.39527,0.90482
307.40341,1.13536
307.41155,0.13459
307.41970,1.10357
307.42784,3.44610
307.43598,0.43796
307.44412,0.16606
307.45226,0.29038
307.46041,0.48465
307.46855,0.65286
307.47669,0.55004
307.48483,0.88812
307.49298,0.16138
307.50112,0.32783
307.50926,0.00482
307.51740,0.88657
307.52555,1.40395
307.53369,0.73230
307.54183,1.38874
307.54997,0.42607
307.55811,0.12181
307.56626,1.27022
307.57440,0.27886
307.58254,0.46031
307.59068,0.16825
307.59883,0.32576
307.60697,0.55811
307.61511,0.19086
307.62325,0.41384
307.63139,0.11339
307.63954,0.24451
307.64768,1.01957
307.65582,2.55773
307.66396,0.50564
307.67211,1.41108
307.68025,0.33196
307.68839,3.81087
307.69653,1.63617
307.70467,4.44976
307.71282,1.86207
307.72096,0.36425
307.72910,0.21117
307.73724,5.73933
307.74539,4.88043
307.75353,4.45647
307.76167,8.50268
307.76981,0.73150
307.77796,4.75211
307.78610,0.89464
307.79424,4.28727
307.80238,0.73755
307.81052,0.76043
307.81867,2.60912
307.82681,1.71083
307.83495,4.01795
307.84309,1.38687
307.85124,4.94467
307.85938,0.71939
307.86752,0.64265
307.87566,0.65506
307.88380,1.03205
307.89195,2.42375
307.90009,1.46374
307.90823,2.78525
307.91637,1.23578
307.92452,0.59906
307.93266,0.22715
307.94080,0.50484
307.94894,0.07741
307.95709,0.48249
307.96523,0.33695
307.97337,0.16672
307.98151,0.57269
307.98965,0.06262
307.99780,0.57597
308.00594,0.08905
308.01408,0.60640
308.02222,1.44718
308.03037,0.33896
308.03851,0.49053
308.04665,0.08402
308.05479,0.81118
308.06293,4.19878
308.07108,0.24830
308.07922,0.35020
308.08736,0.37126
308.09550,1.33503
308.10365,0.84107
308.11179,0.69032
308.11993,0.54906
308.12807,0.51676
308.13621,0.18002
308.14436,1.26006
308.15250,0.13564
308.16064,0.50005
308.16878,1.05676
308.17693,2.30867
308.18507,4.12851
308.19321,0.12130
308.20135,2.16016
308.20950,1.23656
308.21764,0.85294
308.22578,0.09470
308.23392,0.67265
308.24206,4.36936
308.25021,1.99733
308.25835,1.51004
308.26649,3.57990
308.27463,1.40707
308.28278,4.90508
308.29092,1.64450
308.29906,1.48668
308.30720,1.34502
308.31534,5.17283
308.32349,11.05711
308.33163,1.72072
308.33977,3.48930
308.34791,0.47537
308.35606,1.18795
308.36420,1.43354
308.37234,1.48013
308.38048,2.35707
308.38863,0.57320
308.39677,0.87901
308.40491,0.39583
308.41305,0.52129
308.42119,0.06298
308.42934,0.84925
308.43748,1.26113
308.44562,0.01259
308.45376,0.11844
308.46191,0.27122
308.47005,0.97417
308.47819,0.36470
308.48633,2.35534
308.49447,2.98829
308.50262,0.03580
308.51076,0.25570
308.51890,0.14677
308.52704,0.10942
308.53519,0.16097
308.54333,0.43650
308.55147,0.26502
308.55961,0.75467
308.56776,1.62682
308.57590,0.73629
308.58404,1.09657
308.59218,0.03107
308.60032,2.09686
308.60847,1.38399
308.61661,1.24596
308.62475,0.20148
308.63289,0.24238
308.64104,0.73498
308.64918,4.94711
308.65732,1.06025
308.66546,1.59359
308.67360,4.91623
308.68175,0.44299
308.68989,0.17932
308.69803,0.85093
308.70617,0.84037
308.71432,0.36092
308.72246,1.46494
308.73060,0.64973
308.73874,0.20036
308.74688,0.73373
308.75503,0.11310
308.76317,1.46378
308.77131,0.18573
308.77945,1.56518
308.78760,0.18907
308.79574,0.53222
308.80388,0.25782
308.81202,2.17515
308.82017,1.61319
308.82831,1.09640
308.83645,0.09741
308.84459,1.75019
308.85273,1.06356
308.86088,0.68004
308.86902,0.46865
308.87716,3.32978
308.88530,0.04476
308.89345,0.29328
308.90159,0.03784
308.90973,0.22792
308.91787,0.55852
308.92601,0.29473
308.93416,1.31198
308.94230,1.73196
308.95044,4.64383
308.95858,0.20526
308.96673,1.23063
308.97487,1.84792
308.98301,1.34586
308.99115,0.86553
308.99930,0.32591
309.00744,0.25751
309.01558,0.45288
309.02372,1.07960
309.03186,1.46263
309.04001,0.08112
309.04815,1.86884
309.05629,0.34829
309.06443,2.78035
309.07258,0.06797
309.08072,1.29996
309.08886,1.24798
309.09700,0.52152
309.10514,3.83349
309.11329,2.64124
309.12143,0.93678
309.12957,0.36082
309.13771,0.29040
309.14586,0.89247
309.15400,2.51143
309.16214,0.98551
309.17028,1.21891
309.17842,1.00172
309.18657,1.41956
309.19471,0.97272
309.20285,0.41286
309.21099,0.32520
309.21914,0.74339
309.22728,1.19870
309.23542,1.02099
309.24356,0.65822
309.25171,0.76231
309.25985,0.24310
309.26799,1.82004
309.27613,2.48500
309.28427,0.03851
309.29242,1.18000
309.30056,2.32729
309.30870,0.09775
309.31684,0.42772
309.32499,0.25186
309.33313,0.43271
309.34127,0.93574
309.34941,0.17100
309.35755,1.02480
309.36570,0.57389
309.37384,0.84307
309.38198,0.43692
309.39012,0.05693
309.39827,1.81736
309.40641,0.66362
309.41455,0.19090
309.42269,0.04154
309.43084,2.79094
309.43898,0.24316
309.44712,0.13830
309.45526,0.96204
309.46340,0.62871
309.47155,0.69877
309.47969,0.01003
309.48783,0.32956
309.49597,0.53304
309.50412,0.35200
309.51226,0.39329
309.52040,0.34915
309.52854,0.66669
309.53668,0.44743
309.54483,1.73338
309.55297,0.04951
309.56111,0.44062
309.56925,0.71601
309.57740,0.71496
309.58554,0.77361
309.59368,0.40071
309.60182,1.90785
309.60997,3.63418
309.61811,1.14732
309.62625,0.51931
309.63439,1.11542
309.64253,1.11312
309.65068,0.91255
309.65882,0.38462
309.66696,0.37362
309.67510,0.39238
309.68325,0.35153
309.69139,0.01671
309.69953,0.60165
309.70767,2.49556
309.71581,0.23806
309.72396,0.21331
309.73210,1.27378
309.74024,0.83038
309.74838,3.54062
309.75653,0.21507
309.76467,0.48636
309.77281,0.90192
309.78095,0.51936
309.78909,0.70985
309.79724,0.38952
309.80538,0.49336
309.81352,0.16503
309.82166,0.17496
309.82981,0.16643
309.83795,0.09513
309.84609,1.75711
309.85423,1.22146
309.86238,0.47766
309.87052,0.22555
309.87866,0.86149
309.88680,0.15141
309.89494,0.55958
309.90309,0.43356
309.91123,0.07979
309.91937,0.86091
309.92751,0.81508
309.93566,3.78109
309.94380,1.69121
309.95194,0.52291
309.96008,0.30482
309.96822,0.40724
309.97637,0.17552
309.98451,0.84202
309.99265,0.39001
310.00079,0.56954
310.00894,1.61606
310.01708,0.27674
310.02522,0.20872
310.03336,0.84529
310.04151,1.73435
310.04965,0.23116
310.05779,1.35120
310.06593,1.09420
310.07407,1.63166
310.08222,1.94439
310.09036,1.56020
310.09850,0.12927
310.10664,0.31129
310.11479,0.38234
310.12293,0.22087
310.13107,0.41643
310.13921,0.89379
310.14735,1.39670
310.15550,1.62828
310.16364,1.63921
310.17178,0.51971
310.17992,0.04657
310.18807,1.91143
310.19621,0.50850
310.20435,0.52386
310.21249,0.34839
310.22063,0.28943
310.22878,0.62764
310.23692,0.52115
310.24506,2.61705
310.25320,0.15401
310.26135,0.20934
310.26949,0.38094
310.27763,0.35523
310.28577,1.14645
310.29392,1.31131
310.30206,5.12229
310.31020,0.56547
310.31834,0.18011
310.32648,0.66354
310.33463,0.73783
310.34277,0.26285
310.35091,0.01651
310.35905,0.64060
310.36720,1.67597
310.37534,3.66665
310.38348,0.28039
310.39162,3.66030
310.39976,0.62790
310.40791,0.58929
310.41605,0.05738
310.42419,0.75845
310.43233,0.58507
310.44048,0.80907
310.44862,0.90362
310.45676,0.31402
310.46490,0.79657
310.47305,0.60332
310.48119,0.17699
310.48933,0.33414
310.49747,0.74750
310.50561,1.31547
310.51376,2.49428
310.52190,2.21360
310.53004,0.92360
310.53818,0.51834
310.54633,0.10927
310.55447,0.44096
310.56261,0.45836
310.57075,2.60964
310.57889,0.34895
310.58704,0.27096
310.59518,2.27394
310.60332,2.86527
310.61146,0.00542
310.61961,0.19370
310.62775,1.87259
310.63589,0.16293
310.64403,0.66571
310.65217,0.40441
310.66032,1.19631
310.66846,0.05964
310.67660,1.80352
310.68474,0.24911
310.69289,0.36842
310.70103,2.83353
310.70917,0.07555
310.71731,1.10559
310.72546,0.05152
310.73360,1.53686
310.74174,0.68469
310.74988,0.47736
310.75802,0.10696
310.76617,0.46584
310.77431,0.66636
310.78245,1.30209
310.79059,3.97731
310.79874,1.29342
310.80688,2.27882
310.81502,1.88240
310.82316,0.26938
310.83130,0.44314
310.83945,0.45051
310.84759,2.47541
310.85573,0.70586
310.86387,2.47245
310.87202,0.88282
310.88016,2.95479
310.88830,2.06061
310.89644,1.60550
310.90459,0.74635
310.91273,0.88060
310.92087,9.56445
310.92901,0.22577
310.93715,0.72067
310.94530,1.17011
310.95344,0.53332
310.96158,2.03106
310.96972,1.05608
310.97787,0.17320
310.98601,2.35389
310.99415,3.02892
311.00229,7.38727
311.01043,0.98325
311.01858,0.06476
311.02672,3.20302
311.03486,0.33732
311.04300,0.98907
311.05115,3.36521
311.05929,2.67498
311.06743,0.78641
311.07557,1.82806
311.08372,1.38562
311.09186,2.24338
311.10000,2.22097
311.10814,0.06690
311.11628,0.92065
311.12443,2.16376
311.13257,0.62652
311.14071,0.80653
311.14885,0.48375
311.15700,0.99547
311.16514,0.60400
311.17328,1.36398
311.18142,3.41229
311.18956,1.09019
311.19771,2.07627
311.20585,1.75273
311.21399,0.55981
311.22213,4.17686
311.23028,1.51035
311.23842,1.51273
311.24656,2.04285
311.25470,0.32435
311.26284,1.19801
311.27099,0.08867
311.27913,3.46886
311.28727,1.44100
311.29541,1.05005
311.30356,1.01347
311.31170,0.02101
311.31984,0.50409
311.32798,1.65808
311.33613,0.69548
311.34427,0.26251
311.35241,0.88029
311.36055,0.50377
311.36869,1.93111
311.37684,0.98472
311.38498,2.27029
311.39312,1.40108
311.40126,0.29645
311.40941,0.28425
311.41755,0.04506
311.42569,0.56913
311.43383,0.59528
311.44197,1.03768
311.45012,0.14395
311.45826,1.13129
311.46640,0.78828
311.47454,0.11479
311.48269,0.85922
311.49083,1.46546
311.49897,2.04355
311.50711,0.20985
311.51526,1.37738
311.52340,0.61314
311.53154,0.80478
311.53968,0.46084
311.54782,1.19424
311.55597,0.03429
311.56411,2.33355
311.57225,0.98627
311.58039,0.74477
311.58854,0.20093
311.59668,0.02874
311.60482,0.67139
311.61296,0.16546
311.62110,0.04010
311.62925,0.18583
311.63739,0.34057
311.64553,0.59310
311.65367,0.09068
311.66182,0.45673
311.66996,1.45977
311.67810,1.71737
311.68624,0.22992
311.69438,2.42989
311.70253,0.79792
311.71067,0.87949
311.71881,0.04265
311.72695,0.59331
311.73510,0.56005
311.74324,0.01635
311.75138,0.50553
311.75952,0.40247
311.76767,1.69844
311.77581,0.25434
311.78395,0.16951
311.79209,0.20742
311.80023,0.68002
311.80838,1.37393
311.81652,0.16854
311.82466,0.08764
311.83280,0.48333
311.84095,0.33595
311.84909,1.10595
311.85723,0.30110
311.86537,1.60011
311.87351,1.49931
311.88166,2.14944
311.88980,1.18494
311.89794,0.34713
311.90608,1.02295
311.91423,2.20325
311.92237,1.69237
311.93051,3.18411
311.93865,0.85170
311.94680,0.43351
311.95494,0.17259
311.96308,0.71881
311.97122,0.40048
311.97936,0.18890
311.98751,0.77731
311.99565,0.29307
312.00379,0.00110
312.01193,0.85723
312.02008,1.78209
312.02822,0.40828
312.03636,1.06159
312.04450,0.24495
312.05264,0.22443
312.06079,2.04062
312.06893,3.22199
312.07707,0.82537
312.08521,0.21598
312.09336,1.00632
312.10150,0.33895
312.10964,0.77030
312.11778,1.18084
312.12593,0.19047
312.13407,0.47125
312.14221,0.79530
312.15035,2.59254
312.15849,0.90366
312.16664,2.64180
312.17478,0.71928
312.18292,0.10453
312.19106,0.38393
312.19921,0.52206
312.20735,0.83661
312.21549,0.25901
312.22363,0.76107
312.23177,0.53600
312.23992,1.51744
312.24806,0.38991
312.25620,0.49523
312.26434,0.45047
312.27249,1.26757
312.28063,2.00620
312.28877,0.66383
312.29691,0.11972
312.30505,0.62286
312.31320,1.73795
312.32134,2.30359
312.32948,1.15182
312.33762,0.27892
312.34577,0.89069
312.35391,0.58388
312.36205,0.04355
312.37019,0.67340
312.37834,1.75157
312.38648,0.99128
312.39462,0.63481
312.40276,0.42340
312.41090,0.08683
312.41905,0.30428
312.42719,1.60551
312.43533,0.63701
312.44347,1.17601
312.45162,1.29393
312.45976,1.91740
312.46790,0.13046
312.47604,0.37925
312.48418,0.27047
312.49233,0.09712
312.50047,1.05643
312.50861,0.73683
312.51675,1.15378
312.52490,0.36674
312.53304,0.47855
312.54118,0.23525
312.54932,0.23208
312.55747,0.08474
312.56561,1.19559
312.57375,0.57118
312.58189,1.03274
312.59003,0.82557
312.59818,0.66325
312.60632,2.22530
312.61446,1.39717
312.62260,1.72561
312.63075,0.96406
312.63889,0.07719
312.64703,1.03243
312.65517,1.41370
312.66331,1.54538
312.67146,2.04219
312.67960,2.02072
312.68774,1.18942
312.69588,0.79324
312.70403,0.11183
312.71217,0.33450
312.72031,0.08089
312.72845,1.06459
312.73659,0.51975
312.74474,0.65657
312.75288,0.04343
312.76102,0.41102
312.76916,1.96383
312.77731,0.08178
312.78545,0.32110
312.79359,1.08267
312.80173,0.24836
312.80988,0.96634
312.81802,1.69097
312.82616,0.66052
312.83430,0.56835
312.84244,0.43437
312.85059,0.12849
312.85873,0.29440
312.86687,2.10625
312.87501,0.75249
312.88316,2.16585
312.89130,1.56300
312.89944,0.16071
312.90758,0.34618
312.91572,0.43983
312.92387,4.08428
312.93201,0.78444
312.94015,2.18277
312.94829,1.52745
312.95644,0.62911
312.96458,0.99397
312.97272,0.48237
312.98086,1.18139
312.98901,0.65408
312.99715,1.59092
313.00529,0.42228
313.01343,0.13723
313.02157,1.22148
313.02972,0.63958
313.03786,0.57860
313.04600,0.20106
313.05414,1.97802
313.06229,0.28885
313.07043,0.83053
313.07857,0.63956
313.08671,1.03449
313.09485,0.27961
313.10300,0.22848
313.11114,0.02059
313.11928,0.89239
313.12742,1.75057
313.13557,1.21387
313.14371,1.08730
313.15185,0.81356
313.15999,0.65998
313.16813,0.06637
313.17628,0.78148
313.18442,0.21143
313.19256,1.97483
313.20070,0.24743
313.20885,0.36806
313.21699,0.92523
313.22513,0.47486
313.23327,0.68001
313.24142,0.80869
313.24956,0.10705
313.25770,0.55370
313.26584,0.23537
313.27398,1.74529
313.28213,1.79898
313.29027,0.71308
313.29841,0.07111
313.30655,1.39366
313.31470,0.59735
313.32284,0.18399
313.33098,2.33845
313.33912,0.56519
313.34726,2.09912
313.35541,0.62543
313.36355,0.59412
313.37169,0.97941
313.37983,0.53706
313.38798,1.08969
313.39612,3.67745
313.40426,0.27177
313.41240,0.18076
313.42055,1.56140
313.42869,0.05318
313.43683,1.64679
313.44497,0.58271
313.45311,4.60280
313.46126,0.29499
313.46940,0.50641
313.47754,0.25922
313.48568,1.72632
313.49383,0.13304
313.50197,0.36468
313.51011,0.17547
313.51825,0.07114
313.52639,3.12543
313.53454,0.28623
313.54268,0.13842
313.55082,0.04674
313.55896,1.69175
313.56711,1.53204
313.57525,2.52077
313.58339,0.11234
313.59153,0.30240
313.59968,0.79931
313.60782,0.61725
313.61596,1.23008
313.62410,0.01379
313.63224,0.40914
313.64039,0.05490
313.64853,1.22055
313.65667,0.09495
313.66481,0.42185
313.67296,0.06550
313.68110,1.18392
313.68924,0.47444
313.69738,0.09178
313.70552,0.02157
313.71367,1.87423
313.72181,0.00228
313.72995,0.87749
313.73809,2.06090
313.74624,0.65247
313.75438,0.19811
313.76252,1.03085
313.77066,0.06869
313.77880,1.02622
313.78695,0.13274
313.79509,1.49420
313.80323,0.32853
313.81137,1.18756
313.81952,2.47586
313.82766,0.22146
313.83580,1.71790
313.84394,1.48135
313.85209,0.37970
313.86023,0.76721
313.86837,0.76182
313.87651,1.97177
313.88465,0.13646
313.89280,1.76294
313.90094,0.01599
313.90908,1.70496
313.91722,2.24882
313.92537,1.63708
313.93351,1.43253
313.94165,0.56835
313.94979,2.13035
313.95793,0.72383
313.96608,0.86729
313.97422,1.81089
313.98236,1.39949
313.99050,0.43715
313.99865,0.23654
314.00679,0.10985
314.01493,1.38344
314.02307,0.56000
314.03122,1.06315
314.03936,1.51573
314.04750,3.38619
314.05564,1.60960
314.06378,0.89844
314.07193,1.28803
314.08007,2.19871
314.08821,1.20982
314.09635,0.01416
314.10450,2.22892
314.11264,0.56665
314.12078,0.61673
314.12892,2.05159
314.13706,0.27043
314.14521,1.25119
314.15335,0.63022
314.16149,1.33123
314.16963,3.81535
314.17778,1.31898
314.18592,3.40795
314.19406,1.96409
314.20220,1.62936
314.21034,0.46880
314.21849,1.49120
314.22663,0.62349
314.23477,0.99661
314.24291,0.02731
314.25106,1.27579
314.25920,1.08098
314.26734,1.17970
314.27548,0.80940
314.28363,0.05239
314.29177,2.30623
314.29991,1.20361
314.30805,1.37565
314.31619,1.08014
314.32434,1.48692
314.33248,0.72569
314.34062,2.82093
314.34876,0.60490
314.35691,0.04437
314.36505,0.24561
314.37319,0.70865
314.38133,0.05496
314.38947,0.30002
314.39762,1.75096
314.40576,1.06829
314.41390,1.52327
314.42204,1.07446
314.43019,0.63246
314.43833,2.48857
314.44647,1.49723
314.45461,1.62264
314.46276,0.21139
314.47090,0.34855
314.47904,0.64587
314.48718,0.02368
314.49532,0.08765
314.50347,1.36209
314.51161,1.80626
314.51975,0.18538
314.52789,2.83093
314.53604,2.88659
314.54418,2.78229
314.55232,1.95966
314.56046,0.35950
314.56860,2.89855
314.57675,1.71341
314.58489,1.50436
314.59303,1.08728
314.60117,1.44197
314.60932,2.97375
314.61746,1.87792
314.62560,2.81979
314.63374,0.55521
314.64189,1.62104
314.65003,5.69843
314.65817,1.35183
314.66631,2.29163
314.67445,5.48791
314.68260,0.58880
314.69074,6.67754
314.69888,4.69143
314.70702,0.83030
314.71517,0.54210
314.72331,5.48687
314.73145,0.11502
314.73959,0.49299
314.74773,6.00106
314.75588,0.56441
314.76402,0.26914
314.77216,0.86642
314.78030,0.35092
314.78845,4.53635
314.79659,3.69366
314.80473,7.58040
314.81287,0.55394
314.82101,9.93478
314.82916,0.53519
314.83730,16.78449
314.84544,30.20946
314.85358,45.11946
314.86173,38.21622
314.86987,9.69405
314.87801,1.52689
314.88615,10.77908
314.89430,6.78362
314.90244,8.45650
314.91058,1.95084
314.91872,1.47120
314.92686,8.92737
314.93501,9.33116
314.94315,2.26071
314.95129,3.25870
314.95943,1.87533
314.96758,3.97123
314.97572,3.91258
314.98386,3.86986
314.99200,1.60935
315.00014,5.92409
315.00829,2.89346
315.01643,6.14011
315.02457,0.60733
315.03271,0.63441
315.04086,1.62034
315.04900,2.59897
315.05714,1.26864
315.06528,6.48966
315.07343,0.43088
315.08157,1.22155
315.08971,1.47228
315.09785,7.54647
315.10599,6.78891
315.11414,4.74290
315.12228,6.09865
315.13042,11.29506
315.13856,5.02674
315.14671,8.09586
315.15485,8.86700
315.16299,12.97243
315.17113,2.91958
315.17927,8.36875
315.18742,13.59496
315.19556,0.15419
315.20370,30.05763
315.21184,26.17522
315.21999,0.97094
315.22813,38.76479
315.23627,25.46971
315.24441,19.68806
315.25255,24.89379
315.26070,21.91247
315.26884,7.25044
315.27698,0.62747
315.28512,5.76578
315.29327,1.28637
315.30141,6.27885
315.30955,6.74375
315.31769,1.03503
315.32584,17.23155
315.33398,1.67427
315.34212,0.37302
315.35026,4.79259
315.35840,1.99715
315.36655,9.94881
315.37469,13.29943
315.38283,19.13002
315.39097,0.16079
315.39912,0.99253
315.40726,0.16909
315.41540,3.92441
315.42354,3.76845
315.43168,1.82642
315.43983,10.71707
315.44797,0.11485
315.45611,0.24718
315.46425,14.47197
315.47240,7.52257
315.48054,6.12390
315.48868,0.91254
315.49682,6.92757
315.50497,0.86934
315.51311,6.61026
315.52125,4.53746
315.52939,27.22577
315.53753,34.99871
315.54568,43.35368
315.55382,65.77675
315.56196,17.31885
315.57010,9.39904
315.57825,13.69562
315.58639,0.49742
315.59453,1.54386
315.60267,0.07394
315.61081,0.38463
315.61896,3.20714
315.62710,6.67273
315.63524,1.32415
315.64338,0.77543
315.65153,1.25317
315.65967,0.00656
315.66781,0.75356
315.67595,0.41042
315.68409,3.00467
315.69224,0.99514
315.70038,2.37223
315.70852,3.28254
315.71666,0.02757
315.72481,0.18676
315.73295,0.63854
315.74109,0.39051
315.74923,1.05482
315.75738,1.92551
315.76552,3.30400
315.77366,1.66794
315.78180,0.17846
315.78994,0.95905
315.79809,2.98130
315.80623,0.54167
315.81437,0.39400
315.82251,4.73660
315.83066,0.73681
315.83880,1.58251
315.84694,0.11553
315.85508,2.24549
315.86322,0.53113
315.87137,2.19176
315.87951,0.66833
315.88765,1.07123
315.89579,0.55702
315.90394,0.83617
315.91208,0.34666
315.92022,0.01190
315.92836,0.53074
315.93651,0.91028
315.94465,3.32965
315.95279,0.66219
315.96093,0.00899
315.96907,1.05766
315.97722,0.06403
315.98536,0.71737
315.99350,1.40814
316.00164,0.74572
316.00979,0.09167
316.01793,0.29537
316.02607,0.04681
316.03421,5.11315
316.04235,0.22428
316.05050,0.62778
316.05864,1.13203
316.06678,0.58428
316.07492,0.13360
316.08307,0.22986
316.09121,3.50391
316.09935,0.82797
316.10749,1.00507
316.11564,0.79189
316.12378,2.07387
316.13192,0.38566
316.14006,1.56616
316.14820,0.27819
316.15635,1.10502
316.16449,0.48260
316.17263,2.48335
316.18077,0.66370
316.18892,0.92299
316.19706,0.19835
316.20520,1.10119
316.21334,0.64274
316.22148,1.30317
316.22963,1.33518
316.23777,0.86646
316.24591,0.15989
316.25405,2.09785
316.26220,0.08276
316.27034,1.49948
316.27848,0.14731
316.28662,0.08324
316.29476,0.06922
316.30291,6.27764
316.31105,3.98274
316.31919,0.50723
316.32733,2.01362
316.33548,1.44223
316.34362,1.04217
316.35176,1.35448
316.35990,0.38195
316.36805,0.14516
316.37619,0.15597
316.38433,0.10273
316.39247,1.14301
316.40061,3.15154
316.40876,1.66047
316.41690,1.63118
316.42504,0.35210
316.43318,3.39658
316.44133,0.06343
316.44947,1.48060
316.45761,2.83675
316.46575,1.06704
316.47389,4.15337
316.48204,3.21488
316.49018,0.01887
316.49832,1.83105
316.50646,1.61387
316.51461,0.95631
316.52275,0.50326
316.53089,0.00554
316.53903,0.36825
316.54718,0.76474
316.55532,4.60185
316.56346,0.46158
316.57160,0.29102
316.57974,2.19116
316.58789,6.87486
316.59603,0.11695
316.60417,1.50651
316.61231,3.05110
316.62046,0.65856
316.62860,1.31647
316.63674,1.34956
316.64488,2.83893
316.65302,0.02319
316.66117,2.27835
316.66931,1.81141
316.67745,2.60454
316.68559,0.34964
316.69374,0.53255
316.70188,0.42288
316.71002,0.95572
316.71816,0.55442
316.72630,1.15627
316.73445,0.42423
316.74259,0.96487
316.75073,1.40958
316.75887,0.74542
316.76702,0.73071
316.77516,2.21121
316.78330,0.32361
316.79144,3.07407
316.79959,0.47446
316.80773,0.83345
316.81587,1.51007
316.82401,0.14679
316.83215,1.47956
316.84030,3.23237
316.84844,0.46481
316.85658,0.68776
316.86472,1.67070
316.87287,1.98827
316.88101,0.45316
316.88915,2.02662
316.89729,0.32573
316.90543,1.72350
316.91358,1.18767
316.92172,1.53362
316.92986,3.22810
316.93800,0.28715
316.94615,1.70164
316.95429,0.06280
316.96243,0.50861
316.97057,0.95334
316.97872,0.37295
316.98686,0.10462
316.99500,0.44917
317.00314,0.86976
317.01128,2.14061
317.01943,2.39517
317.02757,0.36267
317.03571,0.32606
317.04385,1.35116
317.05200,1.09305
317.06014,0.48420
317.06828,2.68696
317.07642,1.04542
317.08456,2.19008
317.09271,0.25624
317.10085,0.39268
317.10899,0.39968
317.11713,0.41098
317.12528,1.34697
317.13342,0.15922
317.14156,0.48031
317.14970,1.47574
317.15784,0.04905
317.16599,0.08495
317.17413,0.19596
317.18227,0.43884
317.19041,0.33923
317.19856,1.20787
317.20670,0.34470
317.21484,1.11464
317.22298,1.52422
317.23113,3.53624
317.23927,1.61797
317.24741,0.06757
317.25555,1.14535
317.26369,3.11931
317.27184,0.90361
317.27998,0.89053
317.28812,0.72647
317.29626,2.46690
317.30441,0.13099
317.31255,2.85053
317.32069,0.12320
317.32883,0.09992
317.33697,2.17258
317.34512,0.83861
317.35326,1.95765
317.36140,0.18676
317.36954,0.10162
317.37769,1.98933
317.38583,3.31569
317.39397,0.81021
317.40211,0.07028
317.41026,0.36949
317.41840,0.39845
317.42654,1.82409
317.43468,0.02400
317.44282,0.67989
317.45097,1.03159
317.45911,1.62765
317.46725,0.30054
317.47539,0.70183
317.48354,0.76986
317.49168,1.24271
317.49982,0.85858
317.50796,2.93956
317.51610,0.05955
317.52425,0.00456
317.53239,1.19051
317.54053,0.40512
317.54867,1.00518
317.55682,0.25273
317.56496,1.03332
317.57310,0.16815
317.58124,0.02172
317.58939,0.47895
317.59753,1.14522
317.60567,0.16091
317.61381,0.37786
317.62195,1.45291
317.63010,1.55565
317.63824,4.15121
317.64638,0.69778
317.65452,2.51174
317.66267,0.90948
317.67081,0.24651
317.67895,1.50458
317.68709,2.54884
317.69523,3.29967
317.70338,0.05640
317.71152,2.93328
317.71966,2.64485
317.72780,3.50097
317.73595,0.67941
317.74409,0.24980
317.75223,3.09740
317.76037,1.18243
317.76851,1.11525
317.77666,1.50247
317.78480,2.09258
317.79294,0.16931
317.80108,2.20519
317.80923,0.02392
317.81737,1.90012
317.82551,1.26054
317.83365,0.46201
317.84180,1.78725
317.84994,0.02815
317.85808,0.10912
317.86622,0.94543
317.87436,0.52341
317.88251,1.25868
317.89065,2.58708
317.89879,0.19872
317.90693,2.88224
317.91508,0.11390
317.92322,1.22633
317.93136,0.62091
317.93950,0.56292
317.94764,0.48433
317.95579,0.41393
317.96393,3.03296
317.97207,0.38538
317.98021,0.33274
317.98836,0.47141
317.99650,2.85391
318.00464,2.26650
318.01278,0.00852
318.02093,0.62107
318.02907,0.49986
318.03721,0.26968
318.04535,0.48930
318.05349,1.30442
318.06164,1.22270
318.06978,0.93763
318.07792,0.21959
318.08606,1.21038
318.09421,0.12565
318.10235,0.38635
318.11049,4.35128
318.11863,0.70617
318.12677,0.29995
318.13492,0.28914
318.14306,4.27435
318.15120,2.99615
318.15934,0.49806
318.16749,0.33119
318.17563,1.27367
318.18377,4.40900
318.19191,0.95578
318.20005,0.21935
318.20820,1.39880
318.21634,0.42882
318.22448,0.38384
318.23262,1.14485
318.24077,0.79215
318.24891,0.23108
318.25705,0.60722
318.26519,0.19139
318.27334,3.89207
318.28148,0.30087
318.28962,1.46089
318.29776,1.25306
318.30590,0.30053
318.31405,2.53822
318.32219,1.28394
318.33033,2.62945
318.33847,3.30680
318.34662,0.12206
318.35476,0.55763
318.36290,3.43036
318.37104,5.99638
318.37918,1.31035
318.38733,0.08521
318.39547,4.43296
318.40361,0.51898
318.41175,0.12055
318.41990,1.03565
318.42804,0.14085
318.43618,0.58869
318.44432,0.53360
318.45247,0.42351
318.46061,3.38897
318.46875,0.00796
318.47689,2.06585
318.48503,0.28690
318.49318,6.45927
318.50132,0.13163
318.50946,0.89720
318.51760,3.39707
318.52575,4.89211
318.53389,0.94911
318.54203,5.54079
318.55017,7.90731
318.55831,2.08607
318.56646,1.93089
318.57460,9.26310
318.58274,1.78973
318.59088,9.79704
318.59903,10.77043
318.60717,5.39361
318.61531,1.06909
318.62345,11.12646
318.63160,1.54054
318.63974,12.10762
318.64788,5.13657
318.65602,19.75416
318.66416,14.48018
318.67231,0.40204
318.68045,26.00930
318.68859,3.51739
318.69673,8.79951
318.70488,8.49314
318.71302,2.36475
318.72116,3.38899
318.72930,3.26971
318.73744,8.63151
318.74559,2.39898
318.75373,0.19954
318.76187,4.25898
318.77001,11.42337
318.77816,0.05340
318.78630,0.38789
318.79444,0.16978
318.80258,0.38052
318.81072,3.20286
318.81887,6.13197
318.82701,0.40553
318.83515,0.12772
318.84329,14.86833
318.85144,4.32428
318.85958,1.60788
318.86772,12.63810
318.87586,3.51887
318.88401,2.47280
318.89215,4.83362
318.90029,2.97927
318.90843,1.43212
318.91657,0.97078
318.92472,3.54694
318.93286,1.24030
318.94100,1.26663
318.94914,1.44450
318.95729,8.01701
318.96543,4.29028
318.97357,4.36315
318.98171,12.61951
318.98985,2.37312
318.99800,4.52707
319.00614,8.93075
319.01428,3.59206
319.02242,18.93740
319.03057,63.73126
319.03871,60.70501
319.04685,23.90414
319.05499,12.48254
319.06314,0.42503
319.07128,27.27834
319.07942,12.75573
319.08756,5.42129
319.09570,9.22451
319.10385,8.13802
319.11199,3.55898
319.12013,3.29022
319.12827,0.51514
319.13642,1.00105
319.14456,1.04076
319.15270,3.36676
319.16084,0.20254
319.16898,0.03690
319.17713,0.08182
319.18527,0.29005
319.19341,1.06431
319.20155,6.51567
319.20970,0.25809
319.21784,0.34164
319.22598,3.92010
319.23412,1.01016
319.24226,0.69844
319.25041,0.69422
319.25855,2.11772
319.26669,7.41083
319.27483,0.20852
319.28298,2.33608
319.29112,13.45386
319.29926,1.72896
319.30740,3.22838
319.31555,0.03861
319.32369,7.51248
319.33183,13.77912
319.33997,4.05321
319.34811,18.47587
319.35626,0.90133
319.36440,11.18438
319.37254,12.48160
319.38068,0.20581
319.38883,1.46816
319.39697,17.93194
319.40511,0.44185
319.41325,93.55527
319.42139,52.71999
319.42954,5.90973
319.43768,8.49948
319.44582,8.58988
319.45396,8.62974
319.46211,10.92404
319.47025,0.06437
319.47839,0.24962
319.48653,1.88952
319.49468,3.05519
319.50282,11.83731
319.51096,6.39978
319.51910,3.67453
319.52724,2.96848
319.53539,5.82493
319.54353,3.33235
319.55167,0.21463
319.55981,0.90368
319.56796,0.09400
319.57610,9.64664
319.58424,0.24095
319.59238,0.74131
319.60052,0.82844
319.60867,5.07366
319.61681,0.00065
319.62495,1.93559
319.63309,0.56682
319.64124,0.12992
319.64938,1.47850
319.65752,2.76996
319.66566,1.23588
319.67380,0.53645
319.68195,4.68479
319.69009,0.80523
319.69823,0.65448
319.70637,1.01395
319.71452,2.84895
319.72266,2.78853
319.73080,4.40372
319.73894,1.32330
319.74709,0.29926
319.75523,1.38091
319.76337,0.82299
319.77151,1.00874
319.77965,2.30869
319.78780,0.80942
319.79594,0.01542
319.80408,0.40284
319.81222,0.30911
319.82037,1.58590
319.82851,0.57293
319.83665,0.34805
319.84479,0.01258
319.85293,0.27506
319.86108,0.80589
319.86922,0.04865
319.87736,3.90937
319.88550,2.51386
319.89365,1.23198
319.90179,1.27939
319.90993,4.22044
319.91807,2.26877
319.92622,3.88709
319.93436,4.93967
319.94250,2.93103
319.95064,0.95966
319.95878,3.83933
319.96693,1.42571
319.97507,1.90694
319.98321,1.73231
319.99135,0.88114
319.99950,1.04567
320.00764,6.57943
320.01578,1.22710
320.02392,0.04803
320.03206,0.57655
320.04021,0.89766
320.04835,1.33220
320.05649,1.25169
320.06463,0.48219
320.07278,0.46827
320.08092,1.09788
320.08906,0.52953
320.09720,0.65584
320.10535,1.59257
320.11349,0.46631
320.12163,1.01025
320.12977,0.44951
320.13791,0.31706
320.14606,0.30128
320.15420,2.36424
320.16234,3.96828
320.17048,2.24550
320.17863,0.88855
320.18677,2.54077
320.19491,0.90982
320.20305,0.48327
320.21119,0.39985
320.21934,0.86272
320.22748,0.46579
320.23562,1.55538
320.24376,0.83670
320.25191,3.14321
320.26005,1.76152
320.26819,0.08830
320.27633,1.31461
320.28447,2.76687
320.29262,0.04919
320.30076,1.35070
320.30890,2.16518
320.31704,0.84755
320.32519,0.90755
320.33333,0.63943
320.34147,2.02079
320.34961,2.25373
320.35776,0.51304
320.36590,0.46487
320.37404,0.56830
320.38218,0.15125
320.39032,2.89127
320.39847,0.50984
320.40661,2.84259
320.41475,0.77491
320.42289,0.11125
320.43104,0.90589
320.43918,0.55257
320.44732,0.37352
320.45546,6.45972
320.46360,2.36029
320.47175,0.16544
320.47989,0.91523
320.48803,0.13867
320.49617,0.43950
320.50432,0.89341
320.51246,2.40323
320.52060,0.41326
320.52874,0.04304
320.53689,0.54803
320.54503,0.24024
320.55317,0.03969
320.56131,1.17340
320.56945,4.60719
320.57760,0.98924
320.58574,0.05703
320.59388,0.59119
320.60202,1.22939
320.61017,2.69558
320.61831,0.84656
320.62645,0.64271
320.63459,1.44160
320.64273,0.09018
320.65088,2.36603
320.65902,2.89162
320.66716,0.84772
320.67530,1.42209
320.68345,0.15995
320.69159,0.33393
320.69973,0.71926
320.70787,0.65873
320.71601,1.68583
320.72416,0.60033
320.73230,0.26671
320.74044,1.86660
320.74858,1.20209
320.75673,0.25484
320.76487,0.16405
320.77301,0.73334
320.78115,2.67274
320.78930,1.02821
320.79744,0.36241
320.80558,1.69603
320.81372,0.12191
320.82186,0.57635
320.83001,0.53937
320.83815,1.46323
320.84629,3.52182
320.85443,2.03117
320.86258,0.06583
320.87072,0.51523
320.87886,0.69873
320.88700,0.64309
320.89514,0.39870
320.90329,0.18784
320.91143,2.00826
320.91957,0.62680
320.92771,0.98452
320.93586,1.73285
320.94400,0.10392
320.95214,0.57259
320.96028,0.37971
320.96843,0.07781
320.97657,0.85406
320.98471,0.70311
320.99285,1.03983
321.00099,0.78121
321.00914,2.13138
321.01728,0.52978
321.02542,1.24724
321.03356,0.70623
321.04171,2.43630
321.04985,0.56462
321.05799,2.99969
321.06613,1.51845
321.07427,1.98999
321.08242,0.02305
321.09056,2.54337
321.09870,0.71649
321.10684,2.74444
321.11499,1.99724
321.12313,0.76530
321.13127,0.23563
321.13941,2.06781
321.14756,0.54115
321.15570,0.75375
321.16384,0.64857
321.17198,0.16633
321.18012,0.30762
321.18827,2.33587
321.19641,1.58054
321.20455,2.58738
321.21269,1.83606
321.22084,4.62439
321.22898,4.39964
321.23712,1.43282
321.24526,1.37381
321.25340,3.51720
321.26155,1.12950
321.26969,0.92961
321.27783,0.51362
321.28597,0.28907
321.29412,2.34244
321.30226,1.07035
321.31040,3.90191
321.31854,3.20870
321.32668,0.13223
321.33483,0.17005
321.34297,0.80973
321.35111,2.68005
321.35925,0.99818
321.36740,2.02894
321.37554,0.22887
321.38368,1.95230
321.39182,2.88956
321.39997,0.85710
321.40811,0.20043
321.41625,0.83164
321.42439,0.12071
321.43253,1.67054
321.44068,1.06320
321.44882,0.67682
321.45696,1.55400
321.46510,0.68424
321.47325,0.03290
321.48139,0.16535
321.48953,1.94609
321.49767,0.11989
321.50581,3.81255
321.51396,0.78612
321.52210,0.32994
321.53024,1.85768
321.53838,0.60370
321.54653,0.25862
321.55467,0.19802
321.56281,0.42528
321.57095,4.76681
321.57910,1.83539
321.58724,0.58826
321.59538,1.67145
321.60352,0.76743
321.61166,0.23316
321.61981,0.01653
321.62795,1.25003
321.63609,0.81841
321.64423,1.10602
321.65238,1.60891
321.66052,0.38176
321.66866,0.31101
321.67680,1.49773
321.68494,3.02832
321.69309,8.99789
321.70123,3.62132
321.70937,10.03427
321.71751,0.84286
321.72566,0.01728
321.73380,0.11983
321.74194,0.91428
321.75008,0.62779
321.75822,0.03408
321.76637,3.34019
321.77451,1.55891
321.78265,0.02183
321.79079,0.34875
321.79894,0.08339
321.80708,0.27737
321.81522,2.93446
321.82336,0.45825
321.83151,0.94250
321.83965,2.58501
321.84779,2.77886
321.85593,0.33489
321.86407,2.25264
321.87222,1.29763
321.88036,0.22584
321.88850,0.08367
321.89664,0.95855
321.90479,0.73674
321.91293,1.26475
321.92107,0.89552
321.92921,1.67515
321.93735,3.59704
321.94550,0.22530
321.95364,0.99027
321.96178,0.95787
321.96992,3.44042
321.97807,3.68060
321.98621,3.46280
321.99435,0.41892
322.00249,2.87417
322.01064,0.76262
322.01878,0.89727
322.02692,0.26757
322.03506,0.19841
322.04320,0.28477
322.05135,0.61478
322.05949,0.04409
322.06763,0.23692
322.07577,0.10172
322.08392,0.56259
322.09206,1.72471
322.10020,0.14559
322.10834,0.27675
322.11648,0.05408
322.12463,1.78557
322.13277,2.34237
322.14091,1.01460
322.14905,0.50928
322.15720,1.83517
322.16534,1.57572
322.17348,0.89248
322.18162,0.31008
322.18976,0.14098
322.19791,0.17969
322.20605,0.13415
322.21419,0.24693
322.22233,0.08065
322.23048,1.45847
322.23862,0.86248
322.24676,0.05207
322.25490,0.38543
322.26305,1.51603
322.27119,1.02573
322.27933,1.91505
322.28747,0.03508
322.29561,0.72761
322.30376,3.95326
322.31190,0.28784
322.32004,0.20452
322.32818,1.19352
322.33633,1.05252
322.34447,2.18563
322.35261,0.84363
322.36075,0.09240
322.36889,0.25390
322.37704,3.48256
322.38518,0.92861
322.39332,0.14335
322.40146,0.27351
322.40961,1.66697
322.41775,0.98669
322.42589,3.69661
322.43403,1.99818
322.44218,0.31114
322.45032,0.06815
322.45846,0.64314
322.46660,0.16743
322.47474,0.05247
322.48289,0.63560
322.49103,0.32430
322.49917,1.64304
322.50731,1.00602
322.51546,1.07849
322.52360,0.25473
322.53174,1.28352
322.53988,0.68114
322.54802,3.15362
322.55617,1.47163
322.56431,0.04572
322.57245,1.21736
322.58059,2.02929
322.58874,0.51996
322.59688,0.34267
322.60502,0.85077
322.61316,1.63373
322.62131,0.78401
322.62945,1.30400
322.63759,1.15720
322.64573,0.11758
322.65387,0.72657
322.66202,0.77276
322.67016,1.64108
322.67830,10.13634
322.68644,1.78846
322.69459,1.14459
322.70273,0.61766
322.71087,0.02498
322.71901,3.62845
322.72715,2.45172
322.73530,3.54779
322.74344,1.73802
322.75158,1.07045
322.75972,0.12109
322.76787,1.73073
322.77601,1.79004
322.78415,0.66930
322.79229,0.32954
322.80043,1.44900
322.80858,2.55116
322.81672,0.85308
322.82486,0.34550
322.83300,5.63068
322.84115,0.87868
322.84929,0.71531
322.85743,0.55451
322.86557,0.24536
322.87372,0.47311
322.88186,0.92366
322.89000,1.48682
322.89814,1.09956
322.90628,0.20043
322.91443,0.94626
322.92257,0.08547
322.93071,1.48504
322.93885,2.18158
322.94700,0.68035
322.95514,0.88717
322.96328,0.86923
322.97142,0.64856
322.97956,1.78382
322.98771,4.09101
322.99585,0.34196
323.00399,0.46428
323.01213,0.91777
323.02028,0.91045
323.02842,0.62278
323.03656,1.17437
323.04470,1.06273
323.05285,2.77539
323.06099,1.72857
323.06913,1.09166
323.07727,0.01507
323.08541,0.28685
323.09356,0.04685
323.10170,0.69251
323.10984,0.80105
323.11798,0.41966
323.12613,0.15639
323.13427,1.28346
323.14241,0.79212
323.15055,1.08965
323.15869,1.84146
323.16684,0.58522
323.17498,3.37763
323.18312,3.04654
323.19126,1.61198
323.19941,1.11358
323.20755,0.92635
323.21569,0.01377
323.22383,2.44507
323.23197,3.39638
323.24012,0.91681
323.24826,0.00535
323.25640,1.66189
323.26454,0.02747
323.27269,0.24894
323.28083,0.05682
323.28897,0.75108
323.29711,0.54852
323.30526,0.39526
323.31340,0.64435
323.32154,1.85377
323.32968,0.80312
323.33782,0.19328
323.34597,1.03631
323.35411,1.34206
323.36225,1.05278
323.37039,0.28127
323.37854,0.32077
323.38668,1.07360
323.39482,0.00068
323.40296,0.29118
323.41110,0.87305
323.41925,1.33984
323.42739,0.15876
323.43553,0.80205
323.44367,0.22204
323.45182,0.81400
323.45996,3.24018
323.46810,1.27268
323.47624,2.98375
323.48439,1.55135
323.49253,1.15713
323.50067,1.64415
323.50881,1.63104
323.51695,0.04383
323.52510,0.76882
323.53324,0.54437
323.54138,0.98260
323.54952,0.15609
323.55767,0.91294
323.56581,0.24215
323.57395,0.05801
323.58209,0.47492
323.59023,0.05917
323.59838,0.57593
323.60652,0.47637
323.61466,1.36585
323.62280,0.51840
323.63095,1.22824
323.63909,0.33063
323.64723,0.10727
323.65537,0.59875
323.66352,0.74724
323.67166,1.43518
323.67980,2.34112
323.68794,1.38661
323.69608,2.46519
323.70423,2.30813
323.71237,0.97248
323.72051,1.88207
323.72865,0.57109
323.73680,0.56256
323.74494,0.55408
323.75308,0.81523
323.76122,0.16621
323.76936,1.99599
323.77751,0.81237
323.78565,3.81388
323.79379,1.34131
323.80193,1.62779
323.81008,0.09819
323.81822,2.94534
323.82636,1.24044
323.83450,2.86601
323.84264,1.08063
323.85079,0.67574
323.85893,2.14560
323.86707,0.26942
323.87521,0.73138
323.88336,0.60685
323.89150,6.14689
323.89964,0.31992
323.90778,1.30504
323.91593,0.81551
323.92407,1.17757
323.93221,1.28881
323.94035,0.86601
323.94849,2.09454
323.95664,0.13488
323.96478,1.90270
323.97292,0.31593
323.98106,0.14901
323.98921,1.98243
323.99735,0.32930
324.00549,0.88392
324.01363,1.57373
324.02177,0.33741
324.02992,1.44140
324.03806,1.87320
324.04620,0.23828
324.05434,0.90264
324.06249,1.68496
324.07063,0.06576
324.07877,0.80711
324.08691,0.38045
324.09506,0.40141
324.10320,0.64639
324.11134,0.62999
324.11948,0.83103
324.12762,0.03298
324.13577,0.40084
324.14391,2.31902
324.15205,1.34602
324.16019,0.32068
324.16834,0.31540
324.17648,1.69282
324.18462,1.16430
324.19276,1.60432
324.20090,1.03482
324.20905,0.35635
324.21719,1.99740
324.22533,1.84499
324.23347,2.33485
324.24162,0.96155
324.24976,0.40332
324.25790,0.53143
324.26604,0.68425
324.27418,2.35201
324.28233,0.95617
324.29047,0.20848
324.29861,1.50987
324.30675,0.22286
324.31490,0.54625
324.32304,0.30676
324.33118,0.05501
324.33932,4.39977
324.34747,0.35983
324.35561,0.97371
324.36375,1.51357
324.37189,0.06721
324.38003,0.76742
324.38818,0.87608
324.39632,0.95278
324.40446,1.27431
324.41260,4.77092
324.42075,0.10252
324.42889,0.51341
324.43703,5.27210
324.44517,0.00829
324.45331,0.12516
324.46146,0.85749
324.46960,1.03603
324.47774,4.04313
324.48588,0.93663
324.49403,1.32755
324.50217,0.17100
324.51031,1.03491
324.51845,1.22244
324.52660,4.32708
324.53474,2.43366
324.54288,7.95857
324.55102,28.71172
324.55916,9.39051
324.56731,2.77977
324.57545,2.76890
324.58359,2.93233
324.59173,0.11501
324.59988,9.37136
324.60802,7.71174
324.61616,1.59546
324.62430,2.82986
324.63244,0.01075
324.64059,0.80643
324.64873,2.68154
324.65687,3.56943
324.66501,0.26026
324.67316,0.76983
324.68130,0.13885
324.68944,3.51329
324.69758,1.09816
324.70572,1.59070
324.71387,0.00475
324.72201,0.53065
324.73015,2.04221
324.73829,0.95595
324.74644,5.68276
324.75458,2.20773
324.76272,1.87279
324.77086,3.41179
324.77901,3.34707
324.78715,1.75833
324.79529,1.26760
324.80343,0.19604
324.81157,2.00435
324.81972,0.28252
324.82786,2.66959
324.83600,0.35633
324.84414,1.20844
324.85229,0.79285
324.86043,0.40746
324.86857,0.01538
324.87671,1.26362
324.88485,0.79155
324.89300,0.73765
324.90114,2.51999
324.90928,4.24912
324.91742,0.02644
324.92557,2.34442
324.93371,0.00080
324.94185,0.61750
324.94999,3.92408
324.95814,1.87063
324.96628,0.12976
324.97442,1.54638
324.98256,1.27940
324.99070,2.18075
324.99885,0.40949
325.00699,1.63025
325.01513,0.03859
325.02327,0.78389
325.03142,4.90497
325.03956,0.95277
325.04770,5.78832
325.05584,1.05130
325.06398,0.55788
325.07213,0.37686
325.08027,0.06582
325.08841,1.26153
325.09655,15.85163
325.10470,0.48852
325.11284,1.18114
325.12098,10.38527
325.12912,1.37026
325.13727,0.72414
325.14541,2.45601
325.15355,4.81061
325.16169,1.04014
325.16983,0.86026
325.17798,2.05279
325.18612,3.67748
325.19426,8.97534
325.20240,0.44746
325.21055,16.96387
325.21869,1.47030
325.22683,3.04893
325.23497,4.81512
325.24311,6.24406
325.25126,12.68081
325.25940,4.68489
325.26754,11.20756
325.27568,9.01234
325.28383,0.02958
325.29197,5.40749
325.30011,6.97385
325.30825,9.41772
325.31639,14.42122
325.32454,11.44735
325.33268,0.79546
325.34082,0.80904
325.34896,2.99474
325.35711,5.17013
325.36525,15.42009
325.37339,5.82743
325.38153,5.98400
325.38968,7.86717
325.39782,0.39840
325.40596,10.27433
325.41410,1.22218
325.42224,4.07915
325.43039,4.22144
325.43853,0.83038
325.44667,13.32326
325.45481,45.90529
325.46296,5.44031
325.47110,8.59668
325.47924,22.13936
325.48738,7.96287
325.49552,9.73447
325.50367,8.48802
325.51181,9.21024
325.51995,21.73369
325.52809,25.37929
325.53624,1.90611
325.54438,7.59857
325.55252,12.44220
325.56066,6.39607
325.56881,3.13677
325.57695,1.26689
325.58509,30.66971
325.59323,11.75383
325.60137,28.91205
325.60952,6.08327
325.61766,4.89818
325.62580,22.25626
325.63394,16.42479
325.64209,0.14221
325.65023,43.43400
325.65837,2.87101
325.66651,3.12323
325.67465,5.56954
325.68280,14.79792
325.69094,11.75837
325.69908,3.49099
325.70722,1.22318
325.71537,14.58125
325.72351,6.52515
325.73165,4.64668
325.73979,5.47641
325.74793,13.24566
325.75608,5.16746
325.76422,1.26028
325.77236,30.54754
325.78050,11.42067
325.78865,12.82685
325.79679,13.11143
325.80493,3.49073
325.81307,0.34379
325.82122,0.20954
325.82936,18.67463
325.83750,69.35714
325.84564,2.14240
325.85378,28.46944
325.86193,6.98254
325.87007,6.56180
325.87821,10.69067
325.88635,24.14170
325.89450,1.62088
325.90264,19.89511
325.91078,1.68856
325.91892,6.14347
325.92706,3.62618
325.93521,1.28727
325.94335,8.68183
325.95149,3.26469
325.95963,3.43147
325.96778,0.53130
325.97592,0.89099
325.98406,6.10824
325.99220,1.14629
326.00035,0.61681
326.00849,2.68757
326.01663,1.33629
326.02477,2.06897
326.03291,2.59203
326.04106,1.25759
326.04920,1.02388
326.05734,0.38105
326.06548,3.39715
326.07363,1.66538
326.08177,0.86446
326.08991,0.27502
326.09805,2.10737
326.10619,5.73377
326.11434,0.52490
326.12248,9.35178
326.13062,0.30110
326.13876,2.98921
326.14691,0.95393
326.15505,3.91266
326.16319,1.10414
326.17133,14.42406
326.17948,3.26487
326.18762,7.60669
326.19576,3.38560
326.20390,32.52913
326.21204,5.65366
326.22019,3.72740
326.22833,4.64515
326.23647,1.07922
326.24461,2.01706
326.25276,6.21634
326.26090,1.42661
326.26904,1.07310
326.27718,0.78435
326.28532,0.86512
326.29347,0.46984
326.30161,0.00935
326.30975,1.15170
326.31789,1.12413
326.32604,2.54945
326.33418,1.90392
326.34232,0.96738
326.35046,1.19607
326.35860,1.21422
326.36675,0.38570
326.37489,2.48048
326.38303,4.57926
326.39117,2.97893
326.39932,0.34882
326.40746,1.57802
326.41560,2.72683
326.42374,3.56611
326.43189,0.35134
326.44003,0.36714
326.44817,0.62838
326.45631,0.21555
326.46445,0.27179
326.47260,2.88160
326.48074,1.18921
326.48888,0.09305
326.49702,1.54278
326.50517,0.36953
326.51331,3.04051
326.52145,2.71408
326.52959,1.92342
326.53773,3.45228
326.54588,0.05182
326.55402,4.66163
326.56216,0.26013
326.57030,1.56821
326.57845,0.70622
326.58659,0.74351
326.59473,3.16838
326.60287,5.51601
326.61102,1.48681
326.61916,1.05095
326.62730,5.45179
326.63544,0.25138
326.64358,0.90492
326.65173,0.40129
326.65987,0.36304
326.66801,1.91387
326.67615,2.64100
326.68430,2.90838
326.69244,0.03485
326.70058,0.20022
326.70872,0.48996
326.71686,0.04790
326.72501,1.45499
326.73315,7.88946
326.74129,0.97906
326.74943,1.87773
326.75758,0.65342
326.76572,6.79852
326.77386,3.34489
326.78200,0.14700
326.79014,0.09991
326.79829,3.99765
326.80643,6.42876
326.81457,0.65732
326.82271,4.37872
326.83086,21.36158
326.83900,16.08427
326.84714,0.41356
326.85528,0.14014
326.86343,3.19794
326.87157,1.20563
326.87971,0.83835
326.88785,8.88954
326.89599,0.67593
326.90414,4.42638
326.91228,0.63036
326.92042,0.30449
326.92856,1.07865
326.93671,0.93771
326.94485,0.15700
326.95299,1.87346
326.96113,2.97338
326.96927,4.48387
326.97742,0.05304
326.98556,0.27547
326.99370,0.21463
327.00184,2.89165
327.00999,1.38547
327.01813,0.09978
327.02627,4.64303
327.03441,2.27679
327.04256,0.38383
327.05070,0.04457
327.05884,0.78184
327.06698,5.79116
327.07512,0.13671
327.08327,5.85352
327.09141,2.19990
327.09955,0.53839
327.10769,1.09488
327.11584,0.78612
327.12398,1.02457
327.13212,4.07446
327.14026,0.26364
327.14840,3.52757
327.15655,8.30457
327.16469,0.96597
327.17283,2.40419
327.18097,1.99422
327.18912,10.55847
327.19726,3.44470
327.20540,5.53761
327.21354,0.40753
327.22168,2.72826
327.22983,2.81934
327.23797,2.62706
327.24611,0.90420
327.25425,1.95971
327.26240,9.20856
327.27054,1.93056
327.27868,0.25841
327.28682,6.75759
327.29497,0.50961
327.30311,2.10136
327.31125,2.21605
327.31939,3.44297
327.32753,2.96184
327.33568,2.31119
327.34382,2.49082
327.35196,1.04736
327.36010,1.47236
327.36825,0.89875
327.37639,2.68149
327.38453,3.68865
327.39267,29.78801
327.40081,7.32340
327.40896,5.81280
327.41710,7.37935
327.42524,7.19262
327.43338,11.26403
327.44153,0.10650
327.44967,7.01830
327.45781,6.14146
327.46595,5.32656
327.47410,13.87809
327.48224,1.90736
327.49038,5.98724
327.49852,3.30998
327.50666,1.00359
327.51481,2.61197
327.52295,6.90458
327.53109,5.15556
327.53923,4.33866
327.54738,5.42088
327.55552,2.20507
327.56366,6.92159
327.57180,4.07485
327.57994,11.42783
327.58809,3.82163
327.59623,10.37887
327.60437,10.13716
327.61251,4.91555
327.62066,12.66283
327.62880,25.16378
327.63694,6.81259
327.64508,7.19936
327.65323,22.24377
327.66137,1.78656
327.66951,0.22676
327.67765,2.57612
327.68579,2.70290
327.69394,40.64494
327.70208,61.87608
327.71022,9.64713
327.71836,10.20093
327.72651,54.65758
327.73465,27.57788
327.74279,40.79798
327.75093,2.75717
327.75907,126.57754
327.76722,24.00738
327.77536,0.74888
327.78350,145.05605
327.79164,8.80927
327.79979,16.20916
327.80793,121.78428
327.81607,37.63913
327.82421,74.76194
327.83235,77.06614
327.84050,45.93482
327.84864,46.75955
327.85678,4.75004
327.86492,5.91282
327.87307,32.30272
327.88121,5.94614
327.88935,4.93426
327.89749,82.10588
327.90564,21.06271
327.91378,3.99518
327.92192,30.03647
327.93006,1.60927
327.93820,1.11274
327.94635,4.02497
327.95449,28.95191
327.96263,5.62808
327.97077,41.75066
327.97892,0.29834
327.98706,6.55900
327.99520,7.40062
328.00334,1.05546
328.01148,0.35648
328.01963,3.33631
328.02777,6.74243
328.03591,12.43679
328.04405,1.68136
328.05220,16.02146
328.06034,0.28390
328.06848,12.72821
328.07662,44.53609
328.08477,11.03279
328.09291,2.06831
328.10105,2.90877
328.10919,0.08950
328.11733,0.94033
328.12548,4.42084
328.13362,4.13325
328.14176,2.32605
328.14990,0.03117
328.15805,5.66918
328.16619,0.71048
328.17433,3.30599
328.18247,4.20339
328.19061,8.90295
328.19876,2.06128
328.20690,0.84332
328.21504,2.28328
328.22318,3.97303
328.23133,0.79004
328.23947,2.06412
328.24761,3.33972
328.25575,2.66907
328.26389,0.11042
328.27204,0.40133
328.28018,3.14206
328.28832,0.96199
328.29646,4.64791
328.30461,1.21434
328.31275,0.01225
328.32089,1.51873
328.32903,1.74891
328.33718,2.32685
328.34532,0.58784
328.35346,2.01031
328.36160,1.66636
328.36974,0.84048
328.37789,0.17348
328.38603,1.20153
328.39417,0.93691
328.40231,0.04879
328.41046,4.32852
328.41860,0.95166
328.42674,1.26996
328.43488,2.48915
328.44302,7.93167
328.45117,0.14548
328.45931,0.85740
328.46745,0.18413
328.47559,2.49179
328.48374,1.89330
328.49188,6.03808
328.50002,2.64864
328.50816,0.22857
328.51631,0.59437
328.52445,2.98042
328.53259,2.14551
328.54073,2.49138
328.54887,1.64253
328.55702,0.17436
328.56516,0.28147
328.57330,0.44693
328.58144,1.34621
328.58959,2.68793
328.59773,0.23996
328.60587,0.07749
328.61401,0.09985
328.62215,1.30877
328.63030,0.25233
328.63844,0.27065
328.64658,1.02434
328.65472,1.09853
328.66287,0.78360
328.67101,0.22051
328.67915,0.46443
328.68729,0.60998
328.69544,1.37887
328.70358,0.37199
328.71172,5.36256
328.71986,0.40929
328.72800,4.54333
328.73615,2.12749
328.74429,1.33359
328.75243,13.21842
328.76057,0.51730
328.76872,1.27248
328.77686,1.64163
328.78500,0.74119
328.79314,1.32296
328.80128,2.07028
328.80943,0.60512
328.81757,1.45896
328.82571,7.78206
328.83385,0.21072
328.84200,0.56934
328.85014,1.26510
328.85828,0.91632
328.86642,1.62465
328.87456,0.68883
328.88271,4.43307
328.89085,1.93121
328.89899,0.52497
328.90713,3.88527
328.91528,0.11327
328.92342,3.79874
328.93156,1.84152
328.93970,1.88318
328.94785,0.64703
328.95599,1.79846
328.96413,3.10550
328.97227,3.45916
328.98041,3.37103
328.98856,0.32637
328.99670,0.77087
329.00484,1.30124
329.01298,1.71344
329.02113,0.95154
329.02927,1.16498
329.03741,0.85902
329.04555,1.35035
329.05369,0.31301
329.06184,0.52721
329.06998,1.64669
329.07812,0.17393
329.08626,0.05971
329.09441,1.26728
329.10255,0.34798
329.11069,2.65895
329.11883,0.05779
329.12698,3.89048
329.13512,1.25733
329.14326,2.91987
329.15140,0.04629
329.15954,3.06535
329.16769,0.71374
329.17583,1.16882
329.18397,1.42469
329.19211,1.91426
329.20026,3.36449
329.20840,1.32233
329.21654,0.25464
329.22468,1.28943
329.23282,2.25484
329.24097,1.10086
329.24911,0.57382
329.25725,7.13739
329.26539,2.48298
329.27354,1.79330
329.28168,0.29761
329.28982,0.61543
329.29796,2.03983
329.30610,3.07643
329.31425,0.53466
329.32239,0.67415
329.33053,0.61123
329.33867,0.25311
329.34682,0.28886
329.35496,3.29151
329.36310,0.19944
329.37124,0.30409
329.37939,1.13919
329.38753,4.10875
329.39567,0.05628
329.40381,0.65158
329.41195,0.04321
329.42010,1.00000
329.42824,0.77790
329.43638,0.46458
329.44452,0.11411
329.45267,0.20839
329.46081,4.73980
329.46895,1.34168
329.47709,0.03516
329.48523,0.39446
329.49338,0.32739
329.50152,1.31270
329.50966,0.07680
329.51780,0.02051
329.52595,1.51295
329.53409,1.14933
329.54223,0.16038
329.55037,1.65705
329.55852,0.54779
329.56666,1.17913
329.57480,0.65280
329.58294,0.82910
329.59108,0.10835
329.59923,0.34958
329.60737,0.87184
329.61551,0.14944
329.62365,0.26825
329.63180,0.41493
329.63994,2.15549
329.64808,1.66853
329.65622,0.06303
329.66436,1.77329
329.67251,0.71936
329.68065,1.46338
329.68879,0.84310
329.69693,1.14531
329.70508,0.23821
329.71322,0.95052
329.72136,0.93309
329.72950,0.78722
329.73764,3.49125
329.74579,1.62325
329.75393,3.36136
329.76207,0.91349
329.77021,1.14662
329.77836,0.09628
329.78650,0.00685
329.79464,0.02618
329.80278,3.22806
329.81093,0.13093
329.81907,0.54152
329.82721,0.97128
329.83535,4.18440
329.84349,0.65045
329.85164,1.61348
329.85978,1.07247
329.86792,0.10083
329.87606,3.76821
329.88421,2.16518
329.89235,0.19601
329.90049,0.43349
329.90863,0.64693
329.91677,1.78815
329.92492,0.21807
329.93306,0.73531
329.94120,0.17035
329.94934,0.63960
329.95749,0.10156
329.96563,0.05147
329.97377,0.73648
329.98191,0.24908
329.99006,1.17544
329.99820,1.38679
330.00634,0.33821
330.01448,1.20071
330.02262,0.25359
330.03077,1.26174
330.03891,1.09139
330.04705,1.25269
330.05519,0.24904
330.06334,9.19328
330.07148,4.81730
330.07962,0.17915
330.08776,0.07117
330.09590,2.21202
330.10405,0.11722
330.11219,0.41700
330.12033,0.57371
330.12847,2.74670
330.13662,1.23109
330.14476,0.12660
330.15290,0.41065
330.16104,1.35543
330.16919,1.01860
330.17733,1.07531
330.18547,0.64258
330.19361,2.04551
330.20175,2.22050
330.20990,0.42712
330.21804,0.52291
330.22618,2.31041
330.23432,0.55609
330.24247,1.68728
330.25061,0.15601
330.25875,0.02776
330.26689,0.01552
330.27503,1.61611
330.28318,2.14140
330.29132,0.14828
330.29946,0.85931
330.30760,0.15792
330.31575,0.55248
330.32389,1.93164
330.33203,0.05653
330.34017,2.88683
330.34831,1.20521
330.35646,1.59132
330.36460,4.04476
330.37274,4.17825
330.38088,0.03858
330.38903,0.23852
330.39717,1.59730
330.40531,1.57546
330.41345,0.01832
330.42160,2.19673
330.42974,2.16327
330.43788,7.24597
330.44602,0.12252
330.45416,0.36109
330.46231,4.00739
330.47045,0.66789
330.47859,0.40554
330.48673,0.43194
330.49488,1.21919
330.50302,0.28358
330.51116,1.77179
330.51930,0.39561
330.52744,0.43262
330.53559,0.00333
330.54373,0.33324
330.55187,0.30224
330.56001,0.48024
330.56816,3.28350
330.57630,0.24723
330.58444,3.71366
330.59258,0.58744
330.60073,1.95348
330.60887,2.36865
330.61701,0.31712
330.62515,2.81741
330.63329,3.79184
330.64144,1.07041
330.64958,3.03483
330.65772,2.54302
330.66586,1.77203
330.67401,5.26608
330.68215,1.35126
330.69029,4.56299
330.69843,0.41404
330.70657,3.33296
330.71472,0.63249
330.72286,2.67528
330.73100,3.78597
330.73914,0.64468
330.74729,0.39983
330.75543,0.35855
330.76357,0.28095
330.77171,1.37712
330.77985,1.33928
330.78800,0.33052
330.79614,1.25941
330.80428,0.40463
330.81242,0.08875
330.82057,1.52747
330.82871,2.28088
330.83685,0.71186
330.84499,0.14071
330.85314,0.03625
330.86128,0.26793
330.86942,0.33809
330.87756,0.05502
330.88570,1.05187
330.89385,0.43688
330.90199,0.09569
330.91013,2.41866
330.91827,0.91751
330.92642,0.27938
330.93456,0.07409
330.94270,3.74320
330.95084,3.35384
330.95898,5.04993
330.96713,1.79428
330.97527,5.01091
330.98341,0.68365
330.99155,1.09715
330.99970,0.37007
331.00784,0.12994
331.01598,0.21298
331.02412,1.13789
331.03227,0.80621
331.04041,0.84298
331.04855,2.53544
331.05669,1.26595
331.06483,1.23876
331.07298,1.29771
331.08112,2.09718
331.08926,0.12405
331.09740,0.06976
331.10555,1.02961
331.11369,3.95547
331.12183,1.40631
331.12997,0.61709
331.13811,2.26483
331.14626,0.03335
331.15440,0.30284
331.16254,0.29956
331.17068,3.19829
331.17883,3.27411
331.18697,1.22434
331.19511,1.25045
331.20325,2.25033
331.21140,1.09683
331.21954,0.97507
331.22768,0.17558
331.23582,4.24072
331.24396,2.76704
331.25211,0.87721
331.26025,0.15433
331.26839,1.39619
331.27653,0.19915
331.28468,2.00721
331.29282,1.84277
331.30096,2.44915
331.30910,4.47312
331.31724,0.04917
331.32539,0.18677
331.33353,1.68755
331.34167,2.77681
331.34981,1.42865
331.35796,1.62967
331.36610,0.56471
331.37424,0.54301
331.38238,1.16357
331.39052,0.33922
331.39867,0.72572
331.40681,0.75365
331.41495,0.04447
331.42309,1.41593
331.43124,1.51647
331.43938,0.50196
331.44752,0.82714
331.45566,1.45747
331.46381,0.65475
331.47195,1.98850
331.48009,0.21249
331.48823,1.37938
331.49637,2.58687
331.50452,0.09686
331.51266,2.17345
331.52080,0.74679
331.52894,0.04402
331.53709,0.18342
331.54523,0.95069
331.55337,0.64368
331.56151,0.70214
331.56965,0.72418
331.57780,1.81194
331.58594,3.52282
331.59408,2.69565
331.60222,0.61895
331.61037,0.28352
331.61851,0.70385
331.62665,0.33480
331.63479,1.08867
331.64294,1.06632
331.65108,0.25273
331.65922,0.53647
331.66736,3.70901
331.67550,0.15303
331.68365,1.38735
331.69179,1.03466
331.69993,2.58508
331.70807,4.60098
331.71622,1.94676
331.72436,2.24244
331.73250,1.03786
331.74064,0.94031
331.74878,0.28061
331.75693,2.27183
331.76507,0.29958
331.77321,2.39884
331.78135,0.49801
331.78950,0.62784
331.79764,2.29319
331.80578,0.45370
331.81392,0.74666
331.82206,0.75447
331.83021,1.40115
331.83835,0.70074
331.84649,1.93195
331.85463,3.73506
331.86278,0.76539
331.87092,0.00642
331.87906,0.77107
331.88720,1.10723
331.89535,0.14517
331.90349,1.31434
331.91163,3.08449
331.91977,4.43738
331.92791,0.15846
331.93606,0.36852
331.94420,1.39967
331.95234,0.39715
331.96048,0.32309
331.96863,0.63018
331.97677,0.78488
331.98491,0.19273
331.99305,0.77021
332.00119,2.40692
332.00934,3.41612
332.01748,1.69462
332.02562,1.35486
332.03376,0.88210
332.04191,0.11872
332.05005,0.27037
332.05819,1.15400
332.06633,0.90983
332.07448,0.58898
332.08262,0.66944
332.09076,0.20912
332.09890,0.06972
332.10704,0.80176
332.11519,1.36903
332.12333,1.41832
332.13147,0.73997
332.13961,1.71993
332.14776,0.52740
332.15590,0.22708
332.16404,0.90271
332.17218,0.68712
332.18032,1.05809
332.18847,2.25230
332.19661,0.44544
332.20475,0.65963
332.21289,2.47453
332.22104,0.12747
332.22918,0.62420
332.23732,0.41636
332.24546,1.30714
332.25360,0.16968
332.26175,0.12143
332.26989,0.92227
332.27803,3.67196
332.28617,0.89743
332.29432,0.49007
332.30246,1.12429
332.31060,0.24477
332.31874,3.29187
332.32689,1.55897
332.33503,1.25773
332.34317,1.37753
332.35131,1.55716
332.35945,0.43159
332.36760,0.81769
332.37574,0.66812
332.38388,1.75965
332.39202,4.30167
332.40017,1.74092
332.40831,0.39853
332.41645,0.07895
332.42459,2.59089
332.43273,1.38818
332.44088,4.45295
332.44902,0.59825
332.45716,2.47813
332.46530,1.20534
332.47345,0.10041
332.48159,0.42258
332.48973,1.02988
332.49787,0.83227
332.50602,1.26629
332.51416,0.23099
332.52230,1.06793
332.53044,0.02943
332.53858,0.24229
332.54673,1.06786
332.55487,4.01735
332.56301,4.67138
332.57115,0.52988
332.57930,0.01243
332.58744,1.29656
332.59558,1.37545
332.60372,0.84566
332.61186,0.57809
332.62001,1.12445
332.62815,1.07485
332.63629,1.76396
332.64443,3.38300
332.65258,2.48265
332.66072,1.10400
332.66886,2.55304
332.67700,1.47006
332.68515,2.77441
332.69329,2.79816
332.70143,0.42991
332.70957,0.92861
332.71771,0.44760
332.72586,0.36471
332.73400,0.21459
332.74214,0.82432
332.75028,0.57587
332.75843,0.06549
332.76657,1.71816
332.77471,0.53141
332.78285,0.45446
332.79099,1.33875
332.79914,1.46408
332.80728,3.71248
332.81542,0.77474
332.82356,2.68856
332.83171,1.80951
332.83985,2.19612
332.84799,2.85148
332.85613,1.10783
332.86427,2.53371
332.87242,0.59648
332.88056,0.02520
332.88870,0.06465
332.89684,1.01504
332.90499,0.08427
332.91313,0.04763
332.92127,0.00026
332.92941,0.38447
332.93756,0.28499
332.94570,0.15852
332.95384,0.37636
332.96198,0.32164
332.97012,2.59586
332.97827,0.15109
332.98641,0.47924
332.99455,0.57593
333.00269,1.09538
333.01084,1.30888
333.01898,2.06250
333.02712,1.66805
333.03526,0.95807
333.04340,0.12673
333.05155,0.55935
333.05969,0.51496
333.06783,1.61767
333.07597,0.13388
333.08412,0.01430
333.09226,0.46917
333.10040,2.83637
333.10854,0.43421
333.11669,0.36875
333.12483,0.10297
333.13297,3.55442
333.14111,0.60028
333.14925,5.77769
333.15740,1.99382
333.16554,0.20648
333.17368,0.40093
333.18182,2.35903
333.18997,2.52648
333.19811,0.38979
333.20625,2.46555
333.21439,1.24200
333.22253,0.26051
333.23068,0.65195
333.23882,0.43820
333.24696,0.11330
333.25510,0.77577
333.26325,0.25601
333.27139,1.48809
333.27953,3.06590
333.28767,0.24550
333.29581,0.08024
333.30396,0.06184
333.31210,0.36232
333.32024,1.80158
333.32838,0.46531
333.33653,2.58774
333.34467,1.01106
333.35281,2.42534
333.36095,1.91460
333.36910,0.83976
333.37724,1.03446
333.38538,0.66839
333.39352,0.16015
333.40166,0.11722
333.40981,0.30463
333.41795,4.31327
333.42609,0.55369
333.43423,1.09333
333.44238,0.27945
333.45052,2.74791
333.45866,0.79738
333.46680,0.84378
333.47494,0.09336
333.48309,2.17666
333.49123,2.33431
333.49937,0.14562
333.50751,3.92849
333.51566,0.61823
333.52380,3.31163
333.53194,0.17396
333.54008,0.25744
333.54823,1.12642
333.55637,0.56443
333.56451,2.47512
333.57265,1.88879
333.58079,3.01074
333.58894,3.96767
333.59708,0.99189
333.60522,2.70647
333.61336,1.48741
333.62151,2.39767
333.62965,2.80469
333.63779,0.86084
333.64593,5.53663
333.65407,1.47883
333.66222,0.97142
333.67036,0.73799
333.67850,1.12415
333.68664,1.65310
333.69479,3.04928
333.70293,1.35863
333.71107,3.45163
333.71921,3.67488
333.72736,10.54398
333.73550,4.32612
333.74364,1.12976
333.75178,8.25112
333.75992,2.37377
333.76807,0.33239
333.77621,3.65409
333.78435,4.91971
333.79249,9.29554
333.80064,0.57901
333.80878,0.38520
333.81692,0.06934
333.82506,1.52690
333.83320,1.51467
333.84135,2.93491
333.84949,6.68100
333.85763,0.07611
333.86577,3.49697
333.87392,3.00383
333.88206,4.84659
333.89020,1.43469
333.89834,1.91904
333.90648,2.90849
333.91463,2.75340
333.92277,0.57123
333.93091,3.35950
333.93905,4.33261
333.94720,12.19245
333.95534,12.82887
333.96348,1.74699
333.97162,1.75665
333.97977,2.59299
333.98791,0.42069
333.99605,1.69843
334.00419,0.43214
334.01233,0.39853
334.02048,0.92865
334.02862,4.56662
334.03676,1.23552
334.04490,0.02553
334.05305,5.77502
334.06119,0.41596
334.06933,0.04513
334.07747,0.05305
334.08561,1.39151
334.09376,2.69964
334.10190,0.04474
334.11004,0.65297
334.11818,1.62082
334.12633,3.67602
334.13447,1.18807
334.14261,3.01525
334.15075,2.09399
334.15890,0.51464
334.16704,0.61523
334.17518,2.46306
334.18332,0.41009
334.19146,2.25150
334.19961,0.13538
334.20775,0.36829
334.21589,2.87892
334.22403,0.33073
334.23218,0.62021
334.24032,0.46456
334.24846,0.11291
334.25660,0.52879
334.26474,0.79301
334.27289,0.85674
334.28103,0.80478
334.28917,0.33671
334.29731,0.01320
334.30546,1.53523
334.31360,2.32822
334.32174,1.10752
334.32988,0.21442
334.33802,1.81893
334.34617,0.18707
334.35431,4.74274
334.36245,0.94007
334.37059,1.72785
334.37874,0.59446
334.38688,0.17107
334.39502,1.41118
334.40316,1.07196
334.41131,1.08920
334.41945,0.38816
334.42759,2.58171
334.43573,2.64793
334.44387,0.29352
334.45202,1.18957
334.46016,0.57120
334.46830,1.08240
334.47644,0.35363
334.48459,1.45718
334.49273,1.09950
334.50087,0.55786
334.50901,0.29027
334.51715,0.85602
334.52530,1.13843
334.53344,0.27293
334.54158,0.08948
334.54972,0.00934
334.55787,0.45680
334.56601,2.10097
334.57415,1.16690
334.58229,0.83244
334.59044,0.84460
334.59858,1.25592
334.60672,0.45737
334.61486,4.11763
334.62300,0.08749
334.63115,0.49674
334.63929,2.74934
334.64743,0.77208
334.65557,0.02131
334.66372,0.48885
334.67186,0.02428
334.68000,0.42203
334.68814,0.14355
334.69628,0.37783
334.70443,1.49743
334.71257,1.00314
334.72071,2.34312
334.72885,0.59454
334.73700,2.02764
334.74514,0.47662
334.75328,0.33118
334.76142,0.41285
334.76956,0.23873
334.77771,0.86888
334.78585,1.60475
334.79399,2.69331
334.80213,1.04235
334.81028,2.80257
334.81842,4.25762
334.82656,2.08016
334.83470,2.65027
334.84285,6.36396
334.85099,0.72810
334.85913,2.40793
334.86727,2.05697
334.87541,2.43761
334.88356,0.04378
334.89170,0.11109
334.89984,0.02390
334.90798,0.34260
334.91613,0.50705
334.92427,0.73832
334.93241,0.54050
334.94055,0.16460
334.94869,1.25004
334.95684,1.05506
334.96498,0.36023
334.97312,0.08238
334.98126,3.01539
334.98941,1.07911
334.99755,0.38010
335.00569,0.07464
335.01383,1.02675
335.02198,0.12022
335.03012,2.71063
335.03826,2.15783
335.04640,1.56418
335.05454,0.69233
335.06269,1.42833
335.07083,0.45867
335.07897,0.42576
335.08711,0.40655
335.09526,2.16781
335.10340,3.08612
335.11154,0.71676
335.11968,5.17179
335.12782,0.99219
335.13597,0.62571
335.14411,1.86964
335.15225,1.99011
335.16039,0.59874
335.16854,1.25354
335.17668,0.19958
335.18482,2.88361
335.19296,0.59972
335.20111,0.15808
335.20925,4.37481
335.21739,3.90288
335.22553,0.70711
335.23367,1.03150
335.24182,4.45848
335.24996,0.11086
335.25810,0.26596
335.26624,0.51483
335.27439,0.15656
335.28253,0.29750
335.29067,1.17054
335.29881,0.09130
335.30695,0.96074
335.31510,0.12681
335.32324,1.02757
335.33138,0.19997
335.33952,0.65098
335.34767,0.49705
335.35581,3.73921
335.36395,0.12590
335.37209,2.20740
335.38023,1.82957
335.38838,0.32027
335.39652,2.88693
335.40466,0.91681
335.41280,0.41666
335.42095,1.55691
335.42909,6.36283
335.43723,5.25693
335.44537,1.06798
335.45352,0.24707
335.46166,2.78719
335.46980,0.75396
335.47794,6.82798
335.48608,1.03584
335.49423,0.01831
335.50237,2.86653
335.51051,0.95677
335.51865,1.42351
335.52680,0.18630
335.53494,0.20853
335.54308,0.39146
335.55122,1.09140
335.55936,2.93003
335.56751,0.77836
335.57565,1.39780
335.58379,2.29880
335.59193,0.99634
335.60008,2.64910
335.60822,1.77413
335.61636,0.05597
335.62450,0.93133
335.63265,0.09739
335.64079,1.32033
335.64893,0.19879
335.65707,0.54040
335.66521,0.82215
335.67336,0.56006
335.68150,1.55675
335.68964,0.52772
335.69778,0.29851
335.70593,0.37914
335.71407,0.08851
335.72221,0.00540
335.73035,2.56215
335.73849,2.27107
335.74664,2.18650
335.75478,2.37005
335.76292,1.17203
335.77106,2.10316
335.77921,0.85580
335.78735,0.47530
335.79549,0.14866
335.80363,0.59839
335.81177,0.26178
335.81992,0.60317
335.82806,2.19589
335.83620,0.14454
335.84434,1.19622
335.85249,0.27317
335.86063,1.37614
335.86877,0.41476
335.87691,2.06533
335.88506,0.84346
335.89320,4.32152
335.90134,2.85239
335.90948,1.35196
335.91762,0.23018
335.92577,4.43519
335.93391,3.89448
335.94205,0.34604
335.95019,2.60985
335.95834,3.47052
335.96648,11.43100
335.97462,2.96982
335.98276,2.90907
335.99090,8.82774
335.99905,3.17344
336.00719,6.81172
336.01533,3.20836
336.02347,4.97963
336.03162,0.46630
336.03976,12.44108
336.04790,17.21451
336.05604,8.17122
336.06419,76.65684
336.07233,26.13988
336.08047,12.74919
336.08861,15.05594
336.09675,19.58054
336.10490,27.63566
336.11304,24.60553
336.12118,7.28435
336.12932,0.37139
336.13747,0.89008
336.14561,0.05648
336.15375,0.11629
336.16189,0.48581
336.17003,9.60258
336.17818,2.21217
336.18632,5.39993
336.19446,0.49147
336.20260,3.34404
336.21075,0.24995
336.21889,4.33080
336.22703,15.68610
336.23517,1.35896
336.24332,0.90079
336.25146,2.32408
336.25960,0.47023
336.26774,4.06861
336.27588,0.94260
336.28403,2.08738
336.29217,1.96530
336.30031,0.69258
336.30845,1.85988
336.31660,6.24635
336.32474,1.21805
336.33288,1.53013
336.34102,0.81681
336.34916,1.77922
336.35731,9.01463
336.36545,2.48625
336.37359,0.14950
336.38173,0.78087
336.38988,6.10633
336.39802,0.99023
336.40616,4.51721
336.41430,7.56244
336.42244,3.56088
336.43059,6.25456
336.43873,4.69061
336.44687,4.44044
336.45501,4.61126
336.46316,6.25507
336.47130,14.75790
336.47944,12.62176
336.48758,33.83328
336.49573,48.81224
336.50387,255.69259
336.51201,194.46705
336.52015,36.06776
336.52829,7.00845
336.53644,0.21092
336.54458,15.46353
336.55272,7.91194
336.56086,15.93446
336.56901,5.50373
336.57715,0.99196
336.58529,12.67495
336.59343,0.09338
336.60157,0.22349
336.60972,5.23896
336.61786,1.51403
336.62600,2.81053
336.63414,5.63864
336.64229,4.56377
336.65043,0.93828
336.65857,1.13630
336.66671,0.00478
336.67486,0.39925
336.68300,0.18629
336.69114,1.76403
336.69928,0.09542
336.70742,0.18955
336.71557,3.13449
336.72371,1.73240
336.73185,2.81801
336.73999,2.37994
336.74814,0.74119
336.75628,3.88837
336.76442,8.98566
336.77256,0.59896
336.78070,3.26777
336.78885,1.40597
336.79699,5.06767
336.80513,0.20534
336.81327,3.97623
336.82142,6.21384
336.82956,22.35292
336.83770,17.13672
336.84584,2.94487
336.85398,24.99257
336.86213,2.58101
336.87027,3.00304
336.87841,0.36442
336.88655,64.16702
336.89470,96.04828
336.90284,8.99593
336.91098,31.51721
336.91912,20.61189
336.92727,2.65989
336.93541,3.28618
336.94355,7.86647
336.95169,3.92858
336.95983,9.63583
336.96798,1.98939
336.97612,9.67696
336.98426,0.58945
336.99240,0.05834
337.00055,3.12452
337.00869,3.10233
337.01683,0.37104
337.02497,2.19456
337.03311,4.86368
337.04126,6.96135
337.04940,4.17593
337.05754,2.09308
337.06568,5.25070
337.07383,0.81749
337.08197,0.07056
337.09011,2.25819
337.09825,0.99334
337.10640,0.03633
337.11454,0.83198
337.12268,0.99083
337.13082,2.32670
337.13896,1.19382
337.14711,4.90590
337.15525,0.32039
337.16339,1.32152
337.17153,0.12737
337.17968,6.19836
337.18782,0.04917
337.19596,6.55047
337.20410,0.02685
337.21224,1.02795
337.22039,1.55931
337.22853,0.61242
337.23667,1.11725
337.24481,1.02040
337.25296,0.06953
337.26110,0.73074
337.26924,0.60113
337.27738,2.48683
337.28552,0.34138
337.29367,0.12974
337.30181,1.60185
337.30995,0.40487
337.31809,0.14648
337.32624,0.38867
337.33438,3.94889
337.34252,0.70675
337.35066,2.98368
337.35881,0.33248
337.36695,1.74652
337.37509,0.43828
337.38323,1.16629
337.39137,0.68891
337.39952,3.46824
337.40766,0.19159
337.41580,0.74944
337.42394,2.43865
337.43209,1.89097
337.44023,0.50930
337.44837,0.08645
337.45651,0.67980
337.46465,1.50038
337.47280,0.32880
337.48094,0.68642
337.48908,0.14986
337.49722,1.00730
337.50537,2.11125
337.51351,0.22983
337.52165,1.55489
337.52979,0.77432
337.53794,1.67158
337.54608,1.22132
337.55422,4.41078
337.56236,2.45046
337.57050,3.80804
337.57865,0.48436
337.58679,1.36015
337.59493,2.28358
337.60307,0.41967
337.61122,0.05206
337.61936,0.56054
337.62750,2.33864
337.63564,0.30102
337.64378,6.02914
337.65193,0.98575
337.66007,3.91585
337.66821,0.53256
337.67635,0.13416
337.68450,2.62522
337.69264,0.58703
337.70078,0.40528
337.70892,1.11923
337.71707,1.53128
337.72521,0.49081
337.73335,0.50794
337.74149,1.77602
337.74963,0.97295
337.75778,1.54697
337.76592,1.42702
337.77406,0.19735
337.78220,0.19276
337.79035,0.68135
337.79849,0.75945
337.80663,0.46290
337.81477,0.09424
337.82291,0.31346
337.83106,0.28627
337.83920,3.55657
337.84734,5.09991
337.85548,0.93310
337.86363,2.47440
337.87177,0.16751
337.87991,0.63003
337.88805,0.26735
337.89619,1.15495
337.90434,2.53726
337.91248,5.22340
337.92062,0.47054
337.92876,0.01288
337.93691,1.54748
337.94505,0.47757
337.95319,0.03493
337.96133,1.05144
337.96948,0.46874
337.97762,2.02957
337.98576,1.12515
337.99390,0.49593
338.00204,0.05669
338.01019,1.43877
338.01833,0.48670
338.02647,0.34018
338.03461,0.40603
338.04276,1.57970
338.05090,0.89409
338.05904,0.83717
338.06718,0.37458
338.07532,0.44537
338.08347,0.53095
338.09161,3.56037
338.09975,0.39057
338.10789,0.83052
338.11604,1.78296
338.12418,2.16538
338.13232,2.40717
338.14046,0.50424
338.14861,1.87768
338.15675,0.81162
338.16489,0.70142
338.17303,0.42852
338.18117,1.38392
338.18932,0.81738
338.19746,0.52022
338.20560,0.59295
338.21374,0.48676
338.22189,1.54033
338.23003,1.23228
338.23817,1.32432
338.24631,0.58991
338.25445,3.14302
338.26260,0.30924
338.27074,0.36426
338.27888,0.11738
338.28702,0.48993
338.29517,0.26818
338.30331,2.00560
338.31145,1.32920
338.31959,0.06822
338.32773,0.55677
338.33588,0.15154
338.34402,0.86573
338.35216,0.64585
338.36030,0.36354
338.36845,0.48085
338.37659,0.14392
338.38473,0.90749
338.39287,1.68503
338.40102,1.12470
338.40916,0.52716
338.41730,0.99282
338.42544,3.41752
338.43358,0.39783
338.44173,0.95049
338.44987,3.16930
338.45801,3.09693
338.46615,0.65940
338.47430,0.88363
338.48244,0.58466
338.49058,1.16018
338.49872,0.27445
338.50686,2.87092
338.51501,1.29874
338.52315,0.08114
338.53129,0.31762
338.53943,1.82857
338.54758,1.28416
338.55572,0.46366
338.56386,0.31533
338.57200,0.13628
338.58015,1.05862
338.58829,0.28217
338.59643,0.25216
338.60457,0.29875
338.61271,0.49493
338.62086,0.45702
338.62900,0.08143
338.63714,0.30046
338.64528,3.70847
338.65343,0.12295
338.66157,0.38321
338.66971,0.78318
338.67785,1.73975
338.68599,1.59168
338.69414,0.19114
338.70228,0.68150
338.71042,0.92359
338.71856,0.39889
338.72671,0.18280
338.73485,1.06313
338.74299,0.24442
338.75113,0.63931
338.75928,2.48038
338.76742,1.75488
338.77556,0.71834
338.78370,2.98423
338.79184,4.36635
338.79999,0.99383
338.80813,0.41588
338.81627,0.20161
338.82441,1.01047
338.83256,0.04501
338.84070,0.25007
338.84884,0.13938
338.85698,3.97281
338.86512,0.51781
338.87327,1.65377
338.88141,1.15800
338.88955,1.21648
338.89769,1.78984
338.90584,2.16213
338.91398,0.94365
338.92212,0.53330
338.93026,0.09385
338.93840,5.20372
338.94655,2.78627
338.95469,1.99145
338.96283,2.86475
338.97097,0.10639
338.97912,1.23971
338.98726,4.20576
338.99540,4.62296
339.00354,3.15736
339.01169,7.05592
339.01983,3.74686
339.02797,4.88550
339.03611,0.08905
339.04425,4.62123
339.05240,0.16698
339.06054,0.06392
339.06868,1.90157
339.07682,1.16639
339.08497,0.52238
339.09311,0.21722
339.10125,0.11642
339.10939,0.63199
339.11753,0.21048
339.12568,0.78800
339.13382,0.24859
339.14196,1.18141
339.15010,1.35939
339.15825,0.35746
339.16639,0.53507
339.17453,0.28521
339.18267,0.52400
339.19082,0.53540
339.19896,1.61750
339.20710,2.30481
339.21524,1.79138
339.22338,2.06938
339.23153,0.27637
339.23967,0.60498
339.24781,0.24528
339.25595,0.88596
339.26410,0.35524
339.27224,1.84732
339.28038,0.02855
339.28852,0.77192
339.29666,4.48526
339.30481,0.17232
339.31295,0.90322
339.32109,0.84557
339.32923,1.58338
339.33738,4.28911
339.34552,0.88265
339.35366,3.98551
339.36180,0.44256
339.36994,3.53937
339.37809,2.32003
339.38623,0.20583
339.39437,0.62567
339.40251,2.02005
339.41066,1.12221
339.41880,1.37980
339.42694,2.04187
339.43508,0.52645
339.44323,0.05427
339.45137,2.52365
339.45951,0.05685
339.46765,2.56460
339.47579,1.10116
339.48394,0.87010
339.49208,1.25660
339.50022,1.73299
339.50836,1.55809
339.51651,1.52866
339.52465,0.95724
339.53279,1.04571
339.54093,0.93482
339.54907,0.70945
339.55722,0.89046
339.56536,3.52581
339.57350,0.62890
339.58164,0.00012
339.58979,2.28224
339.59793,2.32423
339.60607,1.53062
339.61421,2.31415
339.62236,0.67798
339.63050,6.68652
339.63864,1.19090
339.64678,2.57540
339.65492,0.27178
339.66307,0.05254
339.67121,2.49102
339.67935,1.70841
339.68749,0.32645
339.69564,2.63869
339.70378,0.20675
339.71192,0.95416
339.72006,2.99453
339.72820,2.25762
339.73635,2.42183
339.74449,0.55103
339.75263,1.76235
339.76077,1.99672
339.76892,1.64890
339.77706,0.04386
339.78520,6.47976
339.79334,7.52250
339.80148,2.42960
339.80963,0.53595
339.81777,0.39757
339.82591,0.13151
339.83405,4.68462
339.84220,0.67698
339.85034,0.35580
339.85848,0.19512
339.86662,1.29297
339.87477,1.63680
339.88291,0.55270
339.89105,1.75210
339.89919,1.14561
339.90733,1.15171
339.91548,0.23891
339.92362,1.39578
339.93176,1.21651
339.93990,3.20490
339.94805,0.50936
339.95619,0.16011
339.96433,0.60141
339.97247,0.08908
339.98061,1.49760
339.98876,0.78302
339.99690,0.15710
340.00504,2.52838
340.01318,2.13445
340.02133,3.31230
340.02947,0.20259
340.03761,2.75279
340.04575,0.83361
340.05390,0.05802
340.06204,1.56199
340.07018,1.09172
340.07832,2.63794
340.08646,0.82157
340.09461,5.04101
340.10275,2.53470
340.11089,0.73535
340.11903,0.58676
340.12718,5.12537
340.13532,1.11458
340.14346,2.34677
340.15160,0.07024
340.15974,4.06933
340.16789,0.80345
340.17603,1.03872
340.18417,4.09285
340.19231,1.10322
340.20046,5.50155
340.20860,8.19629
340.21674,5.78099
340.22488,0.68475
340.23303,0.40437
340.24117,0.37013
340.24931,0.55290
340.25745,1.25653
340.26559,1.51543
340.27374,0.27547
340.28188,0.38191
340.29002,1.49568
340.29816,0.69379
340.30631,2.44685
340.31445,4.32570
340.32259,1.50220
340.33073,4.96548
340.33887,2.41580
340.34702,1.26365
340.35516,1.25127
340.36330,4.61311
340.37144,7.12818
340.37959,8.74937
340.38773,0.03861
340.39587,4.89696
340.40401,2.82185
340.41215,6.08570
340.42030,1.93671
340.42844,3.59863
340.43658,0.30071
340.44472,5.64687
340.45287,3.09551
340.46101,0.91425
340.46915,7.86269
340.47729,21.51710
340.48544,17.92791
340.49358,41.65328
340.50172,133.19278
340.50986,41.69597
340.51800,12.16445
340.52615,6.01053
340.53429,0.02119
340.54243,57.50579
340.55057,2.03153
340.55872,24.02837
340.56686,27.45331
340.57500,19.38781
340.58314,4.95185
340.59128,3.71319
340.59943,10.13101
340.60757,8.68943
340.61571,0.65219
340.62385,5.93080
340.63200,5.17177
340.64014,5.29374
340.64828,21.71028
340.65642,3.86227
340.66457,16.21914
340.67271,4.89729
340.68085,11.61255
340.68899,3.40272
340.69713,1.64060
340.70528,20.52431
340.71342,1.54445
340.72156,19.50491
340.72970,13.85406
340.73785,30.75843
340.74599,19.37658
340.75413,73.28425
340.76227,1.73982
340.77041,63.59390
340.77856,27.83117
340.78670,57.97678
340.79484,30.80326
340.80298,216.24824
340.81113,266.77048
340.81927,0.65777
340.82741,61.62514
340.83555,18.37168
340.84369,19.84468
340.85184,14.84638
340.85998,34.41809
340.86812,21.63492
340.87626,1.08455
340.88441,23.68986
340.89255,10.30686
340.90069,11.15740
340.90883,0.13453
340.91698,12.64158
340.92512,2.37584
340.93326,6.56767
340.94140,4.56187
340.94954,1.45919
340.95769,26.54755
340.96583,6.72562
340.97397,8.23780
340.98211,8.99151
340.99026,6.08701
340.99840,7.54866
341.00654,7.92733
341.01468,2.55907
341.02282,6.29897
341.03097,1.90399
341.03911,12.05404
341.04725,4.59310
341.05539,12.89592
341.06354,22.32450
341.07168,16.18075
341.07982,6.67909
341.08796,24.47516
341.09611,144.52077
341.10425,42.05998
341.11239,114.95574
341.12053,102.89825
341.12867,0.44786
341.13682,25.23436
341.14496,15.57803
341.15310,5.85740
341.16124,43.27160
341.16939,1.74977
341.17753,36.24883
341.18567,21.97808
341.19381,6.27561
341.20195,8.40981
341.21010,1.00129
341.21824,2.59471
341.22638,0.50298
341.23452,3.61919
341.24267,3.57007
341.25081,8.19149
341.25895,2.51234
341.26709,4.02934
341.27524,0.55014
341.28338,0.40109
341.29152,4.38913
341.29966,2.17736
341.30780,1.46865
341.31595,14.43379
341.32409,2.25009
341.33223,0.77526
341.34037,2.54907
341.34852,4.12572
341.35666,0.36563
341.36480,9.28687
341.37294,0.18230
341.38108,3.91926
341.38923,7.66104
341.39737,1.39178
341.40551,0.39626
341.41365,1.88638
341.42180,0.84955
341.42994,2.05267
341.43808,0.65182
341.44622,2.42999
341.45436,0.64920
341.46251,0.36236
341.47065,2.13715
341.47879,2.30263
341.48693,0.91532
341.49508,1.02204
341.50322,3.46128
341.51136,3.95074
341.51950,0.75037
341.52765,1.57930
341.53579,1.14065
341.54393,4.48708
341.55207,3.44030
341.56021,2.47495
341.56836,0.12700
341.57650,0.54549
341.58464,0.09680
341.59278,0.32468
341.60093,1.92264
341.60907,0.07790
341.61721,3.31619
341.62535,1.83407
341.63349,4.25438
341.64164,1.86459
341.64978,0.85712
341.65792,3.47366
341.66606,1.23082
341.67421,1.00495
341.68235,0.94627
341.69049,1.82397
341.69863,4.66405
341.70678,1.28793
341.71492,2.31793
341.72306,2.35573
341.73120,0.04137
341.73934,3.25118
341.74749,0.48305
341.75563,0.66988
341.76377,2.39587
341.77191,8.87573
341.78006,3.06927
341.78820,0.13794
341.79634,0.28345
341.80448,0.36565
341.81262,1.31069
341.82077,1.57143
341.82891,1.10067
341.83705,2.30188
341.84519,0.05525
341.85334,7.10912
341.86148,1.23566
341.86962,0.27929
341.87776,1.06442
341.88590,0.27459
341.89405,0.69386
341.90219,0.53729
341.91033,0.81693
341.91847,2.60796
341.92662,0.79651
341.93476,1.21628
341.94290,0.56542
341.95104,0.03564
341.95919,1.48250
341.96733,2.84710
341.97547,0.12037
341.98361,2.37645
341.99175,1.38294
341.99990,2.48165
342.00804,1.49393
342.01618,5.12122
342.02432,0.60610
342.03247,4.92546
342.04061,1.31840
342.04875,0.45010
342.05689,2.99404
342.06503,0.43100
342.07318,2.12822
342.08132,0.18139
342.08946,0.70090
342.09760,0.57380
342.10575,0.39764
342.11389,0.53748
342.12203,0.42181
342.13017,0.13026
342.13832,0.48869
342.14646,1.55904
342.15460,2.20357
342.16274,1.97684
342.17088,0.21414
342.17903,0.07588
342.18717,1.09077
342.19531,1.65859
342.20345,3.86966
342.21160,0.36724
342.21974,0.37143
342.22788,2.96763
342.23602,0.08866
342.24416,2.03126
342.25231,0.29750
342.26045,0.78820
342.26859,0.90587
342.27673,0.90944
342.28488,2.68083
342.29302,0.62158
342.30116,0.25425
342.30930,0.76760
342.31744,0.40364
342.32559,0.29290
342.33373,0.10436
342.34187,0.43562
342.35001,0.33948
342.35816,0.33776
342.36630,2.09735
342.37444,2.47728
342.38258,0.12064
342.39073,4.40015
342.39887,2.03031
342.40701,0.35755
342.41515,0.09277
342.42329,1.69613
342.43144,2.11525
342.43958,1.49328
342.44772,1.84064
342.45586,0.69279
342.46401,1.19182
342.47215,0.81693
342.48029,0.09800
342.48843,0.32001
342.49657,0.55825
342.50472,0.51187
342.51286,3.11917
342.52100,1.82224
342.52914,1.43171
342.53729,4.51466
342.54543,2.27793
342.55357,1.50409
342.56171,2.69462
342.56986,3.47548
342.57800,1.44106
342.58614,1.12853
342.59428,5.31876
342.60242,0.12312
342.61057,1.23677
342.61871,2.32120
342.62685,0.81599
342.63499,1.76109
342.64314,1.43217
342.65128,2.63437
342.65942,0.27849
342.66756,0.30463
342.67570,1.32636
342.68385,2.32674
342.69199,1.74401
342.70013,3.77895
342.70827,1.17400
342.71642,0.98705
342.72456,3.64163
342.73270,1.16102
342.74084,0.80400
342.74899,0.06872
342.75713,0.16509
342.76527,2.07973
342.77341,0.21899
342.78155,0.23883
342.78970,1.39090
342.79784,4.75991
342.80598,2.15686
342.81412,0.56764
342.82227,0.13466
342.83041,0.07214
342.83855,1.03730
342.84669,2.34120
342.85483,2.93618
342.86298,1.65534
342.87112,0.65829
342.87926,0.24443
342.88740,2.56437
342.89555,3.18122
342.90369,0.94718
342.91183,3.99139
342.91997,0.28509
342.92811,2.51798
342.93626,0.41128
342.94440,0.40215
342.95254,0.93748
342.96068,0.74061
342.96883,1.06179
342.97697,0.85088
342.98511,0.01742
342.99325,0.68974
343.00140,0.13448
343.00954,0.19835
343.01768,0.24524
343.02582,0.31169
343.03396,0.05645
343.04211,2.39522
343.05025,0.01879
343.05839,0.66365
343.06653,0.95456
343.07468,1.11653
343.08282,3.63659
343.09096,3.17013
343.09910,2.20282
343.10724,1.28900
343.11539,0.50345
343.12353,1.39497
343.13167,3.79706
343.13981,0.21194
343.14796,0.50870
343.15610,2.72793
343.16424,0.21587
343.17238,2.29192
343.18053,2.09914
343.18867,8.70249
343.19681,0.85567
343.20495,1.98885
343.21309,0.18775
343.22124,0.59580
343.22938,0.15646
343.23752,0.76048
343.24566,2.24500
343.25381,0.50869
343.26195,1.17959
343.27009,2.08450
343.27823,0.01691
343.28637,1.63760
343.29452,1.33865
343.30266,0.93550
343.31080,0.23029
343.31894,0.27971
343.32709,1.52796
343.33523,3.75825
343.34337,0.13282
343.35151,0.50716
343.35965,2.86319
343.36780,4.00383
343.37594,1.16260
343.38408,0.23828
343.39222,0.54340
343.40037,1.16970
343.40851,0.01961
343.41665,0.74875
343.42479,0.96735
343.43294,0.65502
343.44108,1.15370
343.44922,1.35684
343.45736,0.19415
343.46550,0.25607
343.47365,1.99094
343.48179,0.51767
343.48993,0.91785
343.49807,0.37639
343.50622,0.72960
343.51436,1.35250
343.52250,4.02379
343.53064,0.66492
343.53878,0.51486
343.54693,2.44836
343.55507,1.56774
343.56321,2.47576
343.57135,0.60912
343.57950,0.45439
343.58764,0.28040
343.59578,3.18270
343.60392,0.20183
343.61207,2.62260
343.62021,0.84715
343.62835,0.13710
343.63649,0.13725
343.64463,0.06875
343.65278,2.11023
343.66092,2.78265
343.66906,0.43517
343.67720,0.29191
343.68535,2.73466
343.69349,2.44731
343.70163,0.56081
343.70977,0.73871
343.71791,0.50555
343.72606,0.71150
343.73420,0.17880
343.74234,0.88113
343.75048,1.23437
343.75863,1.07353
343.76677,2.88485
343.77491,4.87857
343.78305,0.55150
343.79120,3.30206
343.79934,1.32211
343.80748,0.59950
343.81562,0.13715
343.82376,1.63857
343.83191,3.41899
343.84005,0.66401
343.84819,0.47926
343.85633,0.15358
343.86448,0.37886
343.87262,0.78930
343.88076,0.04629
343.88890,2.41713
343.89704,1.93236
343.90519,1.14424
343.91333,1.34602
343.92147,0.63818
343.92961,0.47152
343.93776,0.86535
343.94590,4.86446
343.95404,0.04092
343.96218,2.87590
343.97032,1.98689
343.97847,2.09168
343.98661,0.59168
343.99475,0.19126
344.00289,0.41565
344.01104,0.01932
344.01918,0.22067
344.02732,0.26167
344.03546,2.03201
344.04361,0.58093
344.05175,1.50196
344.05989,0.26878
344.06803,5.92738
344.07617,0.52014
344.08432,0.31819
344.09246,0.08930
344.10060,0.11201
344.10874,1.64047
344.11689,0.20810
344.12503,0.98120
344.13317,0.07165
344.14131,3.48223
344.14945,0.32093
344.15760,0.82545
344.16574,0.34117
344.17388,0.37530
344.18202,0.31665
344.19017,3.09350
344.19831,1.36471
344.20645,0.30672
344.21459,0.08398
344.22274,1.36515
344.23088,0.52115
344.23902,0.51065
344.24716,0.07240
344.25530,1.40278
344.26345,0.09916
344.27159,2.59971
344.27973,0.74067
344.28787,0.15020
344.29602,0.15664
344.30416,0.82698
344.31230,3.20979
344.32044,1.47211
344.32858,1.51046
344.33673,2.43993
344.34487,0.62250
344.35301,0.57376
344.36115,1.00095
344.36930,5.06655
344.37744,1.39459
344.38558,1.11308
344.39372,0.65460
344.40186,0.64878
344.41001,0.40483
344.41815,0.06818
344.42629,0.61030
344.43443,0.05362
344.44258,4.37658
344.45072,0.18900
344.45886,2.01324
344.46700,0.13219
344.47515,1.10127
344.48329,0.99328
344.49143,2.41152
344.49957,2.97840
344.50771,2.16781
344.51586,0.10054
344.52400,0.15808
344.53214,3.48464
344.54028,0.08177
344.54843,0.31085
344.55657,1.88456
344.56471,1.23482
344.57285,1.54098
344.58099,0.51793
344.58914,0.56697
344.59728,0.65632
344.60542,1.04105
344.61356,0.91618
344.62171,0.26474
344.62985,3.01001
344.63799,5.09286
344.64613,1.04286
344.65428,0.37231
344.66242,1.32099
344.67056,0.22637
344.67870,0.16760
344.68684,1.13499
344.69499,0.84864
344.70313,2.01755
344.71127,0.28137
344.71941,0.11923
344.72756,1.45056
344.73570,0.13091
344.74384,0.03940
344.75198,1.05187
344.76012,0.54823
344.76827,1.73479
344.77641,1.64556
344.78455,0.11088
344.79269,2.35916
344.80084,4.43233
344.80898,0.71189
344.81712,0.19176
344.82526,1.26206
344.83340,1.34676
344.84155,0.64957
344.84969,0.56301
344.85783,0.90595
344.86597,0.70619
344.87412,2.16902
344.88226,2.32761
344.89040,1.13652
344.89854,1.53567
344.90669,0.43543
344.91483,1.34035
344.92297,2.12356
344.93111,1.34600
344.93925,1.36860
344.94740,0.91220
344.95554,0.08124
344.96368,0.71170
344.97182,1.16582
344.97997,0.21495
344.98811,3.66938
344.99625,6.11436
345.00439,0.61825
345.01253,0.11120
345.02068,0.36620
345.02882,1.45829
345.03696,0.88371
345.04510,4.28837
345.05325,0.98012
345.06139,0.05113
345.06953,1.44391
345.07767,0.59980
345.08582,1.50030
345.09396,1.62263
345.10210,1.45405
345.11024,0.74422
345.11838,2.09142
345.12653,0.95887
345.13467,0.86008
345.14281,0.65717
345.15095,0.12722
345.15910,0.71111
345.16724,0.68829
345.17538,0.35875
345.18352,0.22370
345.19166,3.99528
345.19981,2.08001
345.20795,0.17180
345.21609,0.78490
345.22423,0.06209
345.23238,0.73076
345.24052,0.84284
345.24866,0.10165
345.25680,0.22074
345.26495,0.38928
345.27309,0.90796
345.28123,2.53430
345.28937,2.23702
345.29751,1.96235
345.30566,0.48270
345.31380,0.91815
345.32194,0.93123
345.33008,0.49073
345.33823,0.94213
345.34637,0.67422
345.35451,0.86219
345.36265,1.54648
345.37079,0.35729
345.37894,3.45587
345.38708,1.14842
345.39522,1.13875
345.40336,0.97861
345.41151,0.45997
345.41965,1.73652
345.42779,1.52649
345.43593,0.64004
345.44407,0.43191
345.45222,1.18377
345.46036,2.16658
345.46850,0.08956
345.47664,0.43746
345.48479,1.77336
345.49293,1.56067
345.50107,1.12002
345.50921,3.08096
345.51736,2.17623
345.52550,1.90358
345.53364,0.10870
345.54178,0.20211
345.54992,0.15214
345.55807,0.95069
345.56621,0.57663
345.57435,0.25462
345.58249,0.31849
345.59064,0.25566
345.59878,1.49445
345.60692,0.36780
345.61506,1.99314
345.62320,1.02954
345.63135,0.25809
345.63949,0.50794
345.64763,1.66803
345.65577,0.69913
345.66392,3.27762
345.67206,0.41303
345.68020,1.40224
345.68834,0.97729
345.69649,4.62298
345.70463,0.59590
345.71277,1.37737
345.72091,0.25289
345.72905,5.22272
345.73720,1.30923
345.74534,0.26103
345.75348,0.11360
345.76162,2.10128
345.76977,0.58922
345.77791,0.86336
345.78605,0.96471
345.79419,0.19991
345.80233,1.36933
345.81048,1.29259
345.81862,0.49055
345.82676,2.15401
345.83490,3.54657
345.84305,0.61484
345.85119,0.19847
345.85933,0.80811
345.86747,0.60947
345.87561,1.70514
345.88376,0.46365
345.89190,0.66001
345.90004,0.14443
345.90818,0.32290
345.91633,2.25857
345.92447,1.91405
345.93261,1.23327
345.94075,0.68782
345.94890,0.63643
345.95704,1.15646
345.96518,1.26726
345.97332,0.41149
345.98146,0.28421
345.98961,0.18674
345.99775,4.04267
346.00589,0.56493
346.01403,0.06997
346.02218,0.58102
346.03032,0.41758
346.03846,1.71738
346.04660,3.44355
346.05474,1.44794
346.06289,0.12146
346.07103,0.75476
346.07917,0.76567
346.08731,0.20160
346.09546,0.22802
346.10360,0.86717
346.11174,1.08265
346.11988,0.93828
346.12803,0.34636
346.13617,0.11205
346.14431,1.89712
346.15245,0.30683
346.16059,0.84415
346.16874,0.40016
346.17688,0.77546
346.18502,0.31645
346.19316,0.23210
346.20131,0.91455
346.20945,0.11406
346.21759,2.84079
346.22573,0.77694
346.23387,1.64345
346.24202,0.78633
346.25016,1.16128
346.25830,1.13482
346.26644,3.40994
346.27459,0.15876
346.28273,1.72670
346.29087,3.48759
346.29901,3.02519
346.30716,0.02903
346.31530,0.32899
346.32344,3.59728
346.33158,0.57684
346.33972,2.25343
346.34787,1.82652
346.35601,2.36027
346.36415,0.46144
346.37229,2.10847
346.38044,1.30024
346.38858,0.91563
346.39672,0.04333
346.40486,0.20496
346.41300,0.41401
346.42115,1.93918
346.42929,0.81654
346.43743,0.37250
346.44557,1.79426
346.45372,0.42901
346.46186,1.89704
346.47000,0.07509
346.47814,0.08120
346.48628,4.12264
346.49443,0.50011
346.50257,3.74959
346.51071,2.01126
346.51885,1.17284
346.52700,2.19711
346.53514,1.74868
346.54328,2.65055
346.55142,1.24929
346.55957,0.15008
346.56771,1.35488
346.57585,0.81369
346.58399,1.51388
346.59213,0.18425
346.60028,2.02342
346.60842,0.06030
346.61656,1.31431
346.62470,2.18699
346.63285,1.65596
346.64099,0.96792
346.64913,1.57025
346.65727,1.75289
346.66541,1.28306
346.67356,21.52033
346.68170,0.67189
346.68984,0.16541
346.69798,0.47242
346.70613,0.82800
346.71427,1.92570
346.72241,0.49579
346.73055,1.53983
346.73870,3.29448
346.74684,1.09130
346.75498,0.01719
346.76312,1.00924
346.77126,0.73370
346.77941,0.47001
346.78755,2.04090
346.79569,0.54303
346.80383,0.63021
346.81198,3.98581
346.82012,2.15677
346.82826,0.31165
346.83640,0.59417
346.84454,0.02121
346.85269,0.82612
346.86083,2.79522
346.86897,1.29435
346.87711,0.37230
346.88526,0.00632
346.89340,2.12352
346.90154,5.01594
346.90968,0.07307
346.91782,0.37726
346.92597,0.56115
346.93411,0.80233
346.94225,0.83201
346.95039,0.70321
346.95854,2.91006
346.96668,0.87675
346.97482,1.13874
346.98296,2.21535
346.99111,0.15257
346.99925,1.29741
347.00739,2.48593
347.01553,0.47684
347.02367,1.78186
347.03182,0.67660
347.03996,0.06483
347.04810,0.18119
347.05624,1.61650
347.06439,1.38806
347.07253,1.05669
347.08067,1.80661
347.08881,0.37379
347.09695,1.78937
347.10510,2.82903
347.11324,1.08609
347.12138,0.21306
347.12952,1.69317
347.13767,0.32784
347.14581,2.80498
347.15395,1.92662
347.16209,1.09464
347.17024,1.71141
347.17838,0.09959
347.18652,1.99906
347.19466,0.57962
347.20280,1.77091
347.21095,4.47418
347.21909,0.89375
347.22723,1.20235
347.23537,0.21903
347.24352,0.06323
347.25166,0.82193
347.25980,0.82627
347.26794,3.09087
347.27608,0.65471
347.28423,1.00053
347.29237,3.26431
347.30051,2.51449
347.30865,0.40025
347.31680,4.75869
347.32494,0.18361
347.33308,2.46288
347.34122,0.44888
347.34936,4.69247
347.35751,1.49490
347.36565,3.48522
347.37379,0.53398
347.38193,2.25418
347.39008,2.08676
347.39822,2.78254
347.40636,0.58299
347.41450,7.14736
347.42265,0.41214
347.43079,3.55166
347.43893,10.33808
347.44707,1.01969
347.45521,4.46059
347.46336,7.86936
347.47150,13.87701
347.47964,1.17645
347.48778,24.67192
347.49593,1.95239
347.50407,39.28973
347.51221,61.94311
347.52035,2.74304
347.52849,6.04375
347.53664,15.97407
347.54478,2.16948
347.55292,0.26641
347.56106,6.40634
347.56921,2.21272
347.57735,1.01463
347.58549,3.52372
347.59363,1.25104
347.60178,1.84505
347.60992,1.91988
347.61806,0.68133
347.62620,1.91795
347.63434,1.26542
347.64249,1.48868
347.65063,1.06719
347.65877,1.88570
347.66691,0.65608
347.67506,1.02506
347.68320,1.84012
347.69134,0.82309
347.69948,1.13225
347.70762,1.07748
347.71577,2.04186
347.72391,0.15879
347.73205,4.00979
347.74019,1.97765
347.74834,0.55225
347.75648,0.91898
347.76462,0.40419
347.77276,0.53164
347.78091,1.33642
347.78905,1.15344
347.79719,1.21959
347.80533,0.57212
347.81347,7.03964
347.82162,2.26844
347.82976,2.99631
347.83790,3.09727
347.84604,2.95065
347.85419,0.50161
347.86233,0.82904
347.87047,3.13289
347.87861,0.29692
347.88675,0.82297
347.89490,0.93708
347.90304,1.66404
347.91118,4.24847
347.91932,2.64214
347.92747,4.15873
347.93561,0.90907
347.94375,4.30743
347.95189,2.15477
347.96003,4.51190
347.96818,3.77109
347.97632,4.57166
347.98446,16.09514
347.99260,9.43243
348.00075,10.09230
348.00889,6.36686
348.01703,0.42218
348.02517,3.62948
348.03332,5.78943
348.04146,4.37755
348.04960,3.71251
348.05774,2.04530
348.06588,18.54867
348.07403,2.33824
348.08217,2.92939
348.09031,24.69044
348.09845,7.41970
348.10660,0.94972
348.11474,2.74934
348.12288,11.60890
348.13102,1.06393
348.13916,17.69066
348.14731,13.93352
348.15545,12.16881
348.16359,25.48379
348.17173,4.34977
348.17988,1.56617
348.18802,33.79058
348.19616,35.25432
348.20430,60.78525
348.21245,43.32238
348.22059,30.24223
348.22873,17.38735
348.23687,33.03546
348.24501,7.63948
348.25316,16.08328
348.26130,24.68359
348.26944,24.48134
348.27758,16.19452
348.28573,19.30700
348.29387,16.70477
348.30201,2.05740
348.31015,5.01682
348.31829,51.05601
348.32644,2.53908
348.33458,26.51103
348.34272,11.22708
348.35086,49.12632
348.35901,2.53264
348.36715,41.39588
348.37529,6.18767
348.38343,4.64125
348.39157,0.29220
348.39972,17.18121
348.40786,3.48673
348.41600,35.09516
348.42414,26.85862
348.43229,0.78755
348.44043,0.26157
348.44857,18.84439
348.45671,7.71595
348.46486,9.40459
348.47300,5.38395
348.48114,7.52078
348.48928,1.45571
348.49742,10.66635
348.50557,3.43583
348.51371,0.85350
348.52185,12.99944
348.52999,1.93821
348.53814,12.73342
348.54628,18.58337
348.55442,5.21623
348.56256,4.93093
348.57070,13.68128
348.57885,24.79184
348.58699,49.16527
348.59513,41.44564
348.60327,5.80889
348.61142,37.37018
348.61956,12.82336
348.62770,55.56402
348.63584,12.78319
348.64399,6.71166
348.65213,17.82907
348.66027,3.78974
348.66841,5.36706
348.67655,5.24841
348.68470,1.44411
348.69284,22.20617
348.70098,14.30623
348.70912,3.93997
348.71727,8.74584
348.72541,7.83464
348.73355,9.29380
348.74169,1.72680
348.74983,5.78041
348.75798,7.43693
348.76612,4.65402
348.77426,2.29950
348.78240,0.25893
348.79055,2.49438
348.79869,3.80388
348.80683,8.12023
348.81497,6.49528
348.82311,6.97946
348.83126,1.99758
348.83940,7.38558
348.84754,5.09302
348.85568,0.88374
348.86383,3.26545
348.87197,16.84028
348.88011,23.31958
348.88825,12.05956
348.89640,20.79816
348.90454,4.62989
348.91268,13.88546
348.92082,0.18525
348.92896,8.74095
348.93711,4.95676
348.94525,5.70918
348.95339,2.58388
348.96153,2.33473
348.96968,9.77741
348.97782,1.08595
348.98596,3.99004
348.99410,2.60954
349.00224,0.11496
349.01039,2.78819
349.01853,3.89326
349.02667,0.52267
349.03481,0.22837
349.04296,1.47359
349.05110,3.68307
349.05924,1.30321
349.06738,2.13624
349.07553,0.60651
349.08367,0.18836
349.09181,2.29163
349.09995,1.45213
349.10809,3.77512
349.11624,0.82858
349.12438,3.41685
349.13252,4.33681
349.14066,0.33557
349.14881,0.00778
349.15695,1.14085
349.16509,3.22673
349.17323,13.37004
349.18137,4.43062
349.18952,0.23596
349.19766,0.61070
349.20580,3.03995
349.21394,1.87912
349.22209,2.30599
349.23023,3.99767
349.23837,5.81726
349.24651,0.93567
349.25466,3.47509
349.26280,1.68992
349.27094,0.24368
349.27908,4.62122
349.28722,1.12583
349.29537,4.71226
349.30351,1.85933
349.31165,2.53822
349.31979,1.66303
349.32794,5.60013
349.33608,2.53124
349.34422,0.11271
349.35236,0.00980
349.36050,4.35628
349.36865,0.25979
349.37679,2.17009
349.38493,5.94728
349.39307,2.76778
349.40122,1.01039
349.40936,4.50999
349.41750,0.26491
349.42564,39.93813
349.43378,92.36261
349.44193,4.82142
349.45007,7.77889
349.45821,9.47276
349.46635,4.67833
349.47450,0.82849
349.48264,1.04865
349.49078,6.62918
349.49892,0.02254
349.50707,4.49063
349.51521,2.18706
349.52335,0.85108
349.53149,0.42830
349.53963,1.18469
349.54778,1.35302
349.55592,5.76434
349.56406,1.09309
349.57220,2.15725
349.58035,1.29939
349.58849,1.33845
349.59663,8.00010
349.60477,0.78199
349.61291,5.82289
349.62106,1.33261
349.62920,1.79452
349.63734,0.11026
349.64548,0.05161
349.65363,0.49832
349.66177,1.18876
349.66991,0.20907
349.67805,0.23985
349.68620,2.74104
349.69434,0.48389
349.70248,0.55951
349.71062,2.65169
349.71876,0.36404
349.72691,2.62010
349.73505,3.65486
349.74319,0.15791
349.75133,0.32174
349.75948,4.64354
349.76762,1.03993
349.77576,6.25563
349.78390,1.09056
349.79204,1.50159
349.80019,7.91581
349.80833,1.81656
349.81647,0.89680
349.82461,1.07892
349.83276,0.90475
349.84090,1.46904
349.84904,1.22483
349.85718,0.35169
349.86532,0.22410
349.87347,8.85667
349.88161,2.78566
349.88975,0.16250
349.89789,2.23685
349.90604,2.31424
349.91418,13.86614
349.92232,0.04129
349.93046,3.31388
349.93861,1.05920
349.94675,1.95833
349.95489,1.96915
349.96303,9.75414
349.97117,4.81186
349.97932,14.59371
349.98746,24.11361
349.99560,5.77344
350.00374,1.96037
350.01189,5.05498
350.02003,2.31510
350.02817,8.99653
350.03631,5.85090
350.04445,12.38853
350.05260,8.60163
350.06074,1.68747
350.06888,4.42303
350.07702,1.15888
350.08517,0.83548
350.09331,13.87201
350.10145,1.89810
350.10959,7.46290
350.11774,16.14842
350.12588,1.28418
350.13402,0.53074
350.14216,7.20681
350.15030,10.11408
350.15845,10.16705
350.16659,2.40400
350.17473,2.09950
350.18287,7.52724
350.19102,12.58813
350.19916,13.54602
350.20730,0.86877
350.21544,4.34733
350.22358,0.02817
350.23173,1.92406
350.23987,17.21083
350.24801,9.89719
350.25615,2.25404
350.26430,8.39619
350.27244,2.68942
350.28058,10.67589
350.28872,23.45748
350.29687,24.95223
350.30501,10.06600
350.31315,31.56381
350.32129,3.17590
350.32943,45.43086
350.33758,32.38525
350.34572,20.22765
350.35386,8.44413
350.36200,4.01334
350.37015,35.03085
350.37829,5.71039
350.38643,104.38268
350.39457,17.16379
350.40271,29.09782
350.41086,60.90982
350.41900,20.03026
350.42714,2.66109
350.43528,129.96412
350.44343,309.61851
350.45157,47.78648
350.45971,75.10447
350.46785,76.59882
350.47599,7.99653
350.48414,222.60579
350.49228,20.60030
350.50042,36.67555
350.50856,127.12151
350.51671,7.62795
350.52485,11.22861
350.53299,3.90627
350.54113,44.44691
350.54928,8.10554
350.55742,31.48808
350.56556,28.32007
350.57370,4.15502
350.58184,8.96949
350.58999,34.84177
350.59813,8.11357
350.60627,4.42104
350.61441,16.15994
350.62256,32.76062
350.63070,4.23053
350.63884,0.89446
350.64698,0.09612
350.65512,18.60597
350.66327,5.14370
350.67141,0.61661
350.67955,2.38679
350.68769,1.42859
350.69584,1.97806
350.70398,0.15065
350.71212,5.02741
350.72026,7.45050
350.72841,10.46459
350.73655,0.62925
350.74469,14.31314
350.75283,7.85180
350.76097,16.93879
350.76912,2.53282
350.77726,0.48889
350.78540,2.76260
350.79354,7.18241
350.80169,0.56283
350.80983,1.21590
350.81797,1.62902
350.82611,1.64984
350.83425,3.56776
350.84240,0.14527
350.85054,0.18207
350.85868,2.10306
350.86682,4.69206
350.87497,1.76000
350.88311,2.64054
350.89125,3.11178
350.89939,2.51950
350.90753,0.22365
350.91568,3.79090
350.92382,3.74274
350.93196,0.91343
350.94010,0.38067
350.94825,3.24354
350.95639,2.68218
350.96453,5.72112
350.97267,0.61975
350.98082,4.25934
350.98896,9.25050
350.99710,0.74186
351.00524,3.39093
351.01338,6.79378
351.02153,2.13970
351.02967,4.06003
351.03781,1.05586
351.04595,0.43296
351.05410,0.61400
351.06224,1.55035
351.07038,1.05116
351.07852,0.37425
351.08666,0.83954
351.09481,0.03777
351.10295,0.20306
351.11109,0.79977
351.11923,2.29739
351.12738,0.38167
351.13552,1.98995
351.14366,1.59573
351.15180,2.45603
351.15995,3.35034
351.16809,2.53694
351.17623,0.67383
351.18437,0.67917
351.19251,5.21143
351.20066,5.61888
351.20880,0.99665
351.21694,0.03753
351.22508,5.62375
351.23323,0.56310
351.24137,0.01984
351.24951,1.89248
351.25765,0.42986
351.26579,0.16555
351.27394,2.71207
351.28208,2.90200
351.29022,0.99533
351.29836,0.85258
351.30651,1.30032
351.31465,0.53234
351.32279,3.55939
351.33093,5.71418
351.33907,1.34286
351.34722,1.81437
351.35536,3.09529
351.36350,1.23995
351.37164,0.48117
351.37979,1.70239
351.38793,1.21708
351.39607,2.50628
351.40421,0.47481
351.41236,6.62731
351.42050,0.02745
351.42864,3.10758
351.43678,0.13550
351.44492,7.94540
351.45307,2.65763
351.46121,4.62716
351.46935,0.26456
351.47749,5.64869
351.48564,1.55336
351.49378,0.18504
351.50192,2.50616
351.51006,0.34925
351.51820,1.36791
351.52635,4.41505
351.53449,6.09147
351.54263,0.73432
351.55077,0.41181
351.55892,0.62623
351.56706,0.52653
351.57520,1.35537
351.58334,0.35559
351.59149,0.74634
351.59963,4.25093
351.60777,4.00952
351.61591,0.24444
351.62405,5.11361
351.63220,0.80068
351.64034,4.40974
351.64848,0.57328
351.65662,2.27064
351.66477,0.13257
351.67291,1.46372
351.68105,0.62627
351.68919,1.36255
351.69733,1.26891
351.70548,0.18735
351.71362,0.29069
351.72176,1.80032
351.72990,0.82573
351.73805,4.07567
351.74619,2.66980
351.75433,0.05071
351.76247,0.05133
351.77062,0.64274
351.77876,0.14937
351.78690,1.33875
351.79504,0.00008
351.80318,0.35205
351.81133,0.66285
351.81947,1.69700
351.82761,0.28247
351.83575,0.56897
351.84390,0.85028
351.85204,1.56826
351.86018,0.32906
351.86832,0.36523
351.87646,0.16117
351.88461,0.82719
351.89275,4.68178
351.90089,2.20728
351.90903,2.98111
351.91718,0.87704
351.92532,0.58821
351.93346,1.00822
351.94160,2.65856
351.94974,0.90221
351.95789,0.33708
351.96603,2.52350
351.97417,0.25331
351.98231,0.45291
351.99046,0.46092
351.99860,0.93917
352.00674,0.28116
352.01488,0.60493
352.02303,0.19966
352.03117,1.24335
352.03931,0.76929
352.04745,0.33970
352.05559,1.18989
352.06374,0.05898
352.07188,1.00051
352.08002,0.35622
352.08816,0.24039
352.09631,2.88400
352.10445,0.98025
352.11259,1.33475
352.12073,1.03146
352.12887,0.47629
352.13702,4.12346
352.14516,0.55679
352.15330,1.58786
352.16144,0.04498
352.16959,1.73657
352.17773,2.29625
352.18587,0.20046
352.19401,1.48598
352.20216,1.38127
352.21030,1.46383
352.21844,2.74977
352.22658,0.35634
352.23472,2.56374
352.24287,3.34028
352.25101,0.47902
352.25915,0.12965
352.26729,0.33103
352.27544,1.15255
352.28358,0.02706
352.29172,0.11313
352.29986,1.44831
352.30800,1.51193
352.31615,3.33191
352.32429,1.92897
352.33243,0.80494
352.34057,0.49744
352.34872,1.17897
352.35686,3.30989
352.36500,4.05905
352.37314,5.01471
352.38128,4.43884
352.38943,0.29649
352.39757,0.56526
352.40571,0.02111
352.41385,1.06822
352.42200,0.00728
352.43014,3.85528
352.43828,2.11329
352.44642,0.55307
352.45457,0.35076
352.46271,1.97338
352.47085,1.26325
352.47899,0.01234
352.48713,0.77868
352.49528,0.63460
352.50342,1.37996
352.51156,2.86032
352.51970,1.36894
352.52785,1.31166
352.53599,0.39147
352.54413,1.06656
352.55227,3.47342
352.56041,0.98608
352.56856,0.06614
352.57670,2.18986
352.58484,1.34583
352.59298,1.07300
352.60113,1.10158
352.60927,0.48620
352.61741,0.51372
352.62555,0.41853
352.63370,0.36543
352.64184,0.07539
352.64998,2.82317
352.65812,0.10691
352.66626,0.71819
352.67441,1.59277
352.68255,1.84278
352.69069,0.99744
352.69883,0.79638
352.70698,1.52885
352.71512,2.50354
352.72326,0.01754
352.73140,2.44041
352.73954,0.53401
352.74769,2.31316
352.75583,0.40067
352.76397,2.71013
352.77211,0.28814
352.78026,1.14866
352.78840,0.57854
352.79654,1.64975
352.80468,0.82392
352.81283,0.86960
352.82097,0.91581
352.82911,1.77375
352.83725,0.32111
352.84539,0.18437
352.85354,0.16856
352.86168,0.00914
352.86982,0.08624
352.87796,0.24023
352.88611,0.14000
352.89425,0.35789
352.90239,1.15826
352.91053,1.82750
352.91867,0.00189
352.92682,1.69093
352.93496,0.06312
352.94310,4.74919
352.95124,3.32611
352.95939,0.39323
352.96753,0.07741
352.97567,3.47843
352.98381,0.90551
352.99195,0.27874
353.00010,0.76666
353.00824,1.44040
353.01638,4.31125
353.02452,0.81118
353.03267,1.53851
353.04081,0.54749
353.04895,0.54293
353.05709,0.17004
353.06524,2.09122
353.07338,0.21141
353.08152,1.62919
353.08966,1.03242
353.09780,1.09182
353.10595,0.06879
353.11409,0.73195
353.12223,0.75681
353.13037,0.73003
353.13852,2.35226
353.14666,1.13663
353.15480,1.42333
353.16294,2.40477
353.17108,0.02154
353.17923,1.36946
353.18737,0.94480
353.19551,0.00566
353.20365,0.12548
353.21180,0.17481
353.21994,1.56771
353.22808,0.30142
353.23622,1.66928
353.24437,0.34565
353.25251,0.50416
353.26065,2.32647
353.26879,0.48313
353.27693,0.72667
353.28508,0.41701
353.29322,1.12231
353.30136,0.66975
353.30950,0.11336
353.31765,0.32667
353.32579,0.00210
353.33393,0.40758
353.34207,3.89406
353.35021,1.55878
353.35836,0.53589
353.36650,0.64159
353.37464,0.14197
353.38278,0.67285
353.39093,0.58782
353.39907,1.07132
353.40721,1.47315
353.41535,0.07602
353.42349,0.35294
353.43164,4.38258
353.43978,2.92790
353.44792,0.61775
353.45606,1.68061
353.46421,0.78043
353.47235,0.69754
353.48049,0.82155
353.48863,0.39030
353.49678,0.01323
353.50492,0.28656
353.51306,2.25584
353.52120,1.20088
353.52934,0.21688
353.53749,1.08588
353.54563,1.59559
353.55377,0.76433
353.56191,0.21375
353.57006,0.24998
353.57820,0.82671
353.58634,0.05301
353.59448,0.62943
353.60262,0.43902
353.61077,0.34243
353.61891,0.14497
353.62705,0.22030
353.63519,0.57761
353.64334,0.14156
353.65148,0.59714
353.65962,0.21561
353.66776,4.57366
353.67591,0.30500
353.68405,0.36293
353.69219,0.15872
353.70033,0.22499
353.70847,3.96392
353.71662,4.29868
353.72476,0.00783
353.73290,5.06533
353.74104,0.84157
353.74919,0.24923
353.75733,1.11574
353.76547,2.45889
353.77361,1.70740
353.78175,2.22278
353.78990,0.59542
353.79804,0.29474
353.80618,0.14221
353.81432,1.14654
353.82247,0.81579
353.83061,0.53245
353.83875,0.05710
353.84689,0.65079
353.85503,0.65101
353.86318,0.56952
353.87132,0.42436
353.87946,1.52200
353.88760,0.75942
353.89575,0.45570
353.90389,0.97020
353.91203,0.12874
353.92017,0.89888
353.92832,1.01471
353.93646,0.19915
353.94460,0.73478
353.95274,0.44949
353.96088,0.17423
353.96903,0.17747
353.97717,0.02721
353.98531,0.38170
353.99345,0.67874
354.00160,0.76054
354.00974,0.31678
354.01788,0.34740
354.02602,1.34181
354.03416,0.65970
354.04231,0.74321
354.05045,0.89843
354.05859,0.89334
354.06673,0.54643
354.07488,2.96467
354.08302,1.97984
354.09116,0.13816
354.09930,1.78899
354.10745,1.46178
354.11559,0.27859
354.12373,0.00369
354.13187,1.90837
354.14001,0.54899
354.14816,1.94383
354.15630,1.96996
354.16444,1.27259
354.17258,2.97954
354.18073,0.15624
354.18887,0.95802
354.19701,1.79380
354.20515,2.16782
354.21329,2.79347
354.22144,2.65395
354.22958,8.23812
354.23772,1.38378
354.24586,0.03836
354.25401,2.73395
354.26215,0.35455
354.27029,0.28844
354.27843,1.05637
354.28658,0.66007
354.29472,1.48156
354.30286,0.34911
354.31100,0.08348
354.31914,0.35549
354.32729,0.13106
354.33543,0.60737
354.34357,1.95336
354.35171,2.76083
354.35986,0.85412
354.36800,1.50499
354.37614,0.73921
354.38428,1.92440
354.39242,0.08598
354.40057,0.46186
354.40871,3.31951
354.41685,1.56985
354.42499,1.33072
354.43314,0.50642
354.44128,1.65855
354.44942,1.08907
354.45756,1.54553
354.46570,1.14482
354.47385,2.49687
354.48199,2.80598
354.49013,2.17979
354.49827,1.05982
354.50642,2.03887
354.51456,0.39365
354.52270,2.53088
354.53084,1.72000
354.53899,2.19918
354.54713,0.39840
354.55527,0.04558
354.56341,2.55053
354.57155,3.74806
354.57970,2.28167
354.58784,3.25738
354.59598,1.88134
354.60412,0.65011
354.61227,0.61900
354.62041,0.45567
354.62855,1.43478
354.63669,1.43682
354.64483,0.49854
354.65298,0.40676
354.66112,1.30056
354.66926,0.14797
354.67740,0.29025
354.68555,1.72965
354.69369,0.71434
354.70183,0.45026
354.70997,0.68804
354.71812,1.73959
354.72626,2.04266
354.73440,4.96479
354.74254,0.70790
354.75068,2.50645
354.75883,0.43055
354.76697,1.46753
354.77511,2.94936
354.78325,2.46504
354.79140,2.44340
354.79954,2.05365
354.80768,0.67873
354.81582,1.51461
354.82396,0.22073
354.83211,4.75880
354.84025,0.24866
354.84839,2.11549
354.85653,4.68320
354.86468,1.11911
354.87282,2.31894
354.88096,1.89824
354.88910,0.92313
354.89724,1.16528
354.90539,2.79190
354.91353,1.93910
354.92167,0.82246
354.92981,1.36173
354.93796,2.31332
354.94610,0.06537
354.95424,0.52980
354.96238,0.24480
354.97053,0.11993
354.97867,3.03561
354.98681,0.21349
354.99495,2.46991
355.00309,2.65617
355.01124,0.99724
355.01938,4.29337
355.02752,1.88541
355.03566,1.20490
355.04381,0.76705
355.05195,1.71334
355.06009,0.38151
355.06823,1.24781
355.07637,0.56063
355.08452,1.89614
355.09266,0.71224
355.10080,0.73764
355.10894,0.25977
355.11709,0.03443
355.12523,1.05898
355.13337,0.19704
355.14151,0.22050
355.14966,1.36923
355.15780,2.46863
355.16594,0.67789
355.17408,0.59707
355.18222,0.71768
355.19037,0.89897
355.19851,0.27004
355.20665,2.50197
355.21479,0.30197
355.22294,0.48765
355.23108,1.72892
355.23922,2.75857
355.24736,0.68933
355.25550,0.25008
355.26365,0.29199
355.27179,0.46055
355.27993,1.02541
355.28807,1.00918
355.29622,0.63141
355.30436,1.74444
355.31250,3.29810
355.32064,0.28669
355.32879,0.85559
355.33693,2.49566
355.34507,0.84925
355.35321,0.62503
355.36135,1.07865
355.36950,0.29778
355.37764,0.61442
355.38578,0.12457
355.39392,1.64790
355.40207,0.13059
355.41021,1.29976
355.41835,1.55602
355.42649,1.42753
355.43463,0.37167
355.44278,0.30315
355.45092,0.61151
355.45906,0.19742
355.46720,0.27296
355.47535,1.10809
355.48349,0.78562
355.49163,0.08944
355.49977,4.21278
355.50791,2.66574
355.51606,2.20571
355.52420,1.64283
355.53234,3.34693
355.54048,0.18662
355.54863,0.12564
355.55677,0.64167
355.56491,0.61168
355.57305,0.70447
355.58120,0.41024
355.58934,1.03253
355.59748,0.40550
355.60562,0.15358
355.61376,0.22437
355.62191,0.45388
355.63005,0.24207
355.63819,2.82255
355.64633,0.10368
355.65448,0.18560
355.66262,0.69610
355.67076,6.46398
355.67890,0.15639
355.68704,0.19557
355.69519,0.09220
355.70333,0.32588
355.71147,0.73878
355.71961,0.11932
355.72776,0.90626
355.73590,0.32064
355.74404,2.39662
355.75218,3.82950
355.76033,0.25871
355.76847,1.45457
355.77661,1.06304
355.78475,0.41926
355.79289,0.75572
355.80104,2.10564
355.80918,0.24833
355.81732,0.86794
355.82546,1.06220
355.83361,0.91871
355.84175,0.20117
355.84989,3.01299
355.85803,0.37487
355.86617,0.37246
355.87432,0.70544
355.88246,0.21587
355.89060,0.19376
355.89874,0.30451
355.90689,0.60479
355.91503,1.66798
355.92317,4.54702
355.93131,0.34058
355.93945,0.69932
355.94760,2.83284
355.95574,1.90113
355.96388,0.01795
355.97202,0.98682
355.98017,0.97490
355.98831,0.72687
355.99645,0.82136
356.00459,0.27097
356.01274,2.49612
356.02088,0.06523
356.02902,1.80003
356.03716,0.49148
356.04530,1.07226
356.05345,1.49443
356.06159,1.12059
356.06973,1.31005
356.07787,2.69984
356.08602,1.55370
356.09416,2.77527
356.10230,0.17823
356.11044,1.16158
356.11858,0.96266
356.12673,0.59155
356.13487,0.99703
356.14301,3.66271
356.15115,4.62604
356.15930,2.71137
356.16744,1.42908
356.17558,2.08520
356.18372,1.41528
356.19187,0.87322
356.20001,2.97495
356.20815,0.85653
356.21629,0.27778
356.22443,3.38188
356.23258,1.08480
356.24072,0.73918
356.24886,1.51426
356.25700,1.01052
356.26515,2.52527
356.27329,1.03115
356.28143,1.32448
356.28957,2.38563
356.29771,0.25485
356.30586,0.52010
356.31400,1.84218
356.32214,2.80415
356.33028,2.27432
356.33843,1.78205
356.34657,0.74903
356.35471,1.26807
356.36285,0.91091
356.37099,2.63155
356.37914,0.58134
356.38728,2.88678
356.39542,5.81109
356.40356,1.38665
356.41171,0.13017
356.41985,0.47064
356.42799,0.00328
356.43613,2.80222
356.44428,0.55511
356.45242,2.27096
356.46056,0.93199
356.46870,12.79751
356.47684,1.66627
356.48499,3.79411
356.49313,4.76251
356.50127,11.18785
356.50941,6.33379
356.51756,1.92023
356.52570,5.64883
356.53384,5.95522
356.54198,0.02587
356.55012,2.58793
356.55827,22.06275
356.56641,6.16500
356.57455,3.46122
356.58269,9.40117
356.59084,0.31202
356.59898,3.20198
356.60712,3.90276
356.61526,5.41960
356.62341,1.81037
356.63155,0.16046
356.63969,6.72737
356.64783,6.70432
356.65597,3.00211
356.66412,8.84872
356.67226,4.75700
356.68040,5.43944
356.68854,5.47530
356.69669,0.88583
356.70483,0.98893
356.71297,4.16412
356.72111,0.21312
356.72925,6.92531
356.73740,4.00106
356.74554,0.90527
356.75368,3.19421
356.76182,4.52843
356.76997,2.17583
356.77811,19.62620
356.78625,19.09975
356.79439,1.92561
356.80254,0.41270
356.81068,3.15115
356.81882,8.66361
356.82696,6.32769
356.83510,1.71967
356.84325,5.37724
356.85139,3.83029
356.85953,0.66718
356.86767,0.16679
356.87582,3.11858
356.88396,3.56367
356.89210,6.49719
356.90024,0.38580
356.90838,0.71728
356.91653,9.08422
356.92467,0.42730
356.93281,0.88393
356.94095,3.42727
356.94910,0.19751
356.95724,1.23075
356.96538,0.06630
356.97352,0.53235
356.98166,0.81475
356.98981,6.24065
356.99795,2.20530
357.00609,1.73084
357.01423,0.89339
357.02238,3.69064
357.03052,1.81852
357.03866,1.62895
357.04680,0.02267
357.05495,3.89312
357.06309,0.07209
357.07123,1.19886
357.07937,1.25815
357.08751,3.46950
357.09566,6.11319
357.10380,2.98512
357.11194,0.85931
357.12008,6.34787
357.12823,0.30211
357.13637,3.34237
357.14451,2.59529
357.15265,1.11500
357.16079,4.43291
357.16894,0.72254
357.17708,4.07908
357.18522,0.68979
357.19336,0.47774
357.20151,1.79885
357.20965,2.31816
357.21779,0.40942
357.22593,1.10453
357.23408,1.22173
357.24222,1.33720
357.25036,5.78257
357.25850,0.05629
357.26664,0.93204
357.27479,0.63783
357.28293,1.12726
357.29107,2.81692
357.29921,0.82498
357.30736,0.79807
357.31550,2.05162
357.32364,2.20626
357.33178,0.42639
357.33992,3.33930
357.34807,0.13274
357.35621,0.74166
357.36435,0.11321
357.37249,0.90493
357.38064,2.08422
357.38878,5.80571
357.39692,1.98597
357.40506,2.86668
357.41320,0.92497
357.42135,0.37988
357.42949,2.82289
357.43763,0.59492
357.44577,0.89743
357.45392,1.54086
357.46206,1.36388
357.47020,0.35643
357.47834,2.13205
357.48649,3.52281
357.49463,3.13192
357.50277,0.47390
357.51091,1.66191
357.51905,0.68528
357.52720,0.13407
357.53534,1.23150
357.54348,0.34289
357.55162,0.54959
357.55977,1.66993
357.56791,5.90440
357.57605,1.86842
357.58419,0.08692
357.59233,1.96750
357.60048,2.82778
357.60862,1.95705
357.61676,0.82314
357.62490,0.07493
357.63305,0.32404
357.64119,1.41789
357.64933,1.45438
357.65747,1.06274
357.66562,0.16610
357.67376,2.50834
357.68190,0.41615
357.69004,3.05392
357.69818,0.72685
357.70633,1.71520
357.71447,3.32677
357.72261,3.56897
357.73075,0.00830
357.73890,0.29315
357.74704,0.89659
357.75518,3.46880
357.76332,5.33453
357.77146,1.22837
357.77961,2.24329
357.78775,1.13531
357.79589,2.55501
357.80403,2.72176
357.81218,0.98464
357.82032,0.47180
357.82846,2.08270
357.83660,1.14222
357.84475,0.58579
357.85289,1.76626
357.86103,0.49418
357.86917,0.00601
357.87731,1.44659
357.88546,1.89967
357.89360,0.73505
357.90174,0.30042
357.90988,5.03058
357.91803,0.01660
357.92617,1.10109
357.93431,0.45893
357.94245,2.18764
357.95059,0.02519
357.95874,0.47115
357.96688,0.58796
357.97502,0.50969
357.98316,0.71508
357.99131,0.54154
357.99945,0.46618
358.00759,4.76821
358.01573,5.67235
358.02387,5.45232
358.03202,0.98197
358.04016,0.45433
358.04830,1.27964
358.05644,1.24450
358.06459,0.42912
358.07273,1.21049
358.08087,1.26317
358.08901,1.41375
358.09716,1.94708
358.10530,1.95640
358.11344,0.63795
358.12158,0.94991
358.12972,0.44880
358.13787,1.34422
358.14601,1.86783
358.15415,0.51787
358.16229,2.09190
358.17044,0.89517
358.17858,0.17711
358.18672,2.31329
358.19486,4.40601
358.20300,1.77430
358.21115,0.52592
358.21929,0.11505
358.22743,2.33657
358.23557,4.60737
358.24372,6.82880
358.25186,0.96887
358.26000,0.11852
358.26814,0.39268
358.27629,1.05441
358.28443,2.84447
358.29257,1.09687
358.30071,0.15715
358.30885,1.23222
358.31700,1.15617
358.32514,0.21645
358.33328,1.13434
358.34142,1.76380
358.34957,0.58108
358.35771,0.47481
358.36585,1.02697
358.37399,0.65018
358.38213,1.74442
358.39028,0.32911
358.39842,1.17881
358.40656,0.20867
358.41470,2.27123
358.42285,0.90684
358.43099,2.61997
358.43913,0.25657
358.44727,0.06707
358.45541,0.61846
358.46356,1.41437
358.47170,0.22276
358.47984,0.78397
358.48798,0.00874
358.49613,1.75170
358.50427,1.45239
358.51241,2.55783
358.52055,0.48544
358.52870,2.96044
358.53684,6.28428
358.54498,1.62176
358.55312,0.45365
358.56126,2.93073
358.56941,0.63752
358.57755,3.43683
358.58569,1.32093
358.59383,1.61637
358.60198,1.21942
358.61012,1.14122
358.61826,0.58051
358.62640,0.61013
358.63454,0.33600
358.64269,0.89577
358.65083,0.67822
358.65897,0.44106
358.66711,0.07988
358.67526,2.50432
358.68340,1.06640
358.69154,0.51729
358.69968,0.98718
358.70783,2.63718
358.71597,1.32341
358.72411,0.42596
358.73225,1.19330
358.74039,2.42722
358.74854,1.16925
358.75668,0.16301
358.76482,0.38886
358.77296,0.55281
358.78111,0.37251
358.78925,1.75036
358.79739,3.31775
358.80553,0.32718
358.81367,0.00783
358.82182,0.55033
358.82996,1.83728
358.83810,3.73245
358.84624,0.54589
358.85439,11.21195
358.86253,9.91747
358.87067,0.57656
358.87881,1.03793
358.88695,2.37029
358.89510,0.57325
358.90324,2.13438
358.91138,3.11628
358.91952,0.98811
358.92767,2.13607
358.93581,5.98696
358.94395,2.20121
358.95209,1.89340
358.96024,0.09166
358.96838,1.94733
358.97652,0.88819
358.98466,1.93169
358.99280,1.10127
359.00095,0.29292
359.00909,0.90315
359.01723,1.50782
359.02537,0.86197
359.03352,9.81391
359.04166,3.01667
359.04980,4.12269
359.05794,14.54821
359.06608,7.94228
359.07423,4.84336
359.08237,0.67243
359.09051,16.93860
359.09865,66.78496
359.10680,26.22587
359.11494,43.24452
359.12308,8.28571
359.13122,64.25151
359.13937,13.15356
359.14751,0.83782
359.15565,6.89265
359.16379,16.50320
359.17193,4.95342
359.18008,0.43163
359.18822,14.42158
359.19636,2.67037
359.20450,2.44109
359.21265,0.84715
359.22079,3.70312
359.22893,1.77841
359.23707,6.06960
359.24521,1.70639
359.25336,8.23836
359.26150,7.12744
359.26964,2.70861
359.27778,5.00858
359.28593,2.67403
359.29407,2.03362
359.30221,3.84290
359.31035,16.74700
359.31850,1.26492
359.32664,6.17769
359.33478,0.14387
359.34292,4.32615
359.35106,0.34933
359.35921,8.85308
359.36735,3.33568
359.37549,0.68461
359.38363,0.84672
359.39178,8.73526
359.39992,3.39107
359.40806,0.12113
359.41620,4.21246
359.42434,5.71463
359.43249,4.67631
359.44063,7.80093
359.44877,71.45874
359.45691,32.41013
359.46506,3.45094
359.47320,21.55260
359.48134,20.35383
359.48948,2.23952
359.49762,25.92960
359.50577,54.45382
359.51391,68.17037
359.52205,1.78392
359.53019,45.52310
359.53834,11.72262
359.54648,55.62280
359.55462,1.72317
359.56276,4.90926
359.57091,0.41843
359.57905,11.71451
359.58719,16.86631
359.59533,5.12141
359.60347,28.71079
359.61162,1.30315
359.61976,2.54430
359.62790,2.34435
359.63604,7.30382
359.64419,9.06191
359.65233,3.35646
359.66047,6.20953
359.66861,9.86156
359.67675,2.55731
359.68490,2.56567
359.69304,2.64428
359.70118,1.23013
359.70932,2.02787
359.71747,1.19294
359.72561,1.34930
359.73375,0.68612
359.74189,1.71215
359.75004,0.35208
359.75818,5.69113
359.76632,8.21754
359.77446,8.45655
359.78260,13.25197
359.79075,25.55832
359.79889,4.30803
359.80703,6.64469
359.81517,22.98666
359.82332,5.35997
359.83146,21.85089
359.83960,62.78361
359.84774,23.83658
359.85588,30.94657
359.86403,9.73384
359.87217,17.56848
359.88031,17.07868
359.88845,27.97707
359.89660,102.80777
359.90474,1.45463
359.91288,9.50484
359.92102,1.81171
359.92916,0.77907
359.93731,8.96925
359.94545,1.34884
359.95359,4.17906
359.96173,3.88082
359.96988,5.49257
359.97802,6.92474
359.98616,5.95231
359.99430,0.78842
360.00245,3.14048
360.01059,7.02094
360.01873,5.37608
360.02687,2.02605
360.03501,5.81110
360.04316,2.53328
360.05130,0.38488
360.05944,2.49865
360.06758,3.11688
360.07573,0.32451
360.08387,0.16926
360.09201,1.09155
360.10015,1.76976
360.10829,0.60074
360.11644,0.50457
360.12458,1.34704
360.13272,0.35376
360.14086,0.58949
360.14901,4.47867
360.15715,3.18373
360.16529,2.67981
360.17343,1.73271
360.18158,0.53038
360.18972,0.24605
360.19786,3.34340
360.20600,5.90562
360.21414,0.33100
360.22229,2.10156
360.23043,1.70927
360.23857,3.22807
360.24671,2.48055
360.25486,0.51337
360.26300,0.32227
360.27114,5.79413
360.27928,1.40235
360.28742,0.76984
360.29557,0.37016
360.30371,0.41574
360.31185,0.21978
360.31999,0.43511
360.32814,4.61214
360.33628,6.65052
360.34442,1.25963
360.35256,2.04294
360.36071,1.33404
360.36885,0.63917
360.37699,0.73014
360.38513,1.30685
360.39327,2.39526
360.40142,6.46470
360.40956,2.84453
360.41770,1.30948
360.42584,0.33410
360.43399,3.44422
360.44213,0.45263
360.45027,0.51667
360.45841,0.04402
360.46655,2.73387
360.47470,0.57337
360.48284,0.81592
360.49098,1.62396
360.49912,0.53034
360.50727,0.06912
360.51541,4.56156
360.52355,4.45370
360.53169,1.48945
360.53983,1.25331
360.54798,1.77971
360.55612,0.24278
360.56426,3.71080
360.57240,2.35671
360.58055,0.23283
360.58869,0.22935
360.59683,1.54990
360.60497,0.83565
360.61312,1.76748
360.62126,0.88101
360.62940,1.44878
360.63754,0.33774
360.64568,2.57773
360.65383,3.97636
360.66197,3.12663
360.67011,1.96050
360.67825,0.38441
360.68640,0.45843
360.69454,3.50679
360.70268,0.25421
360.71082,1.57523
360.71896,0.37491
360.72711,0.35519
360.73525,1.77902
360.74339,3.20325
360.75153,1.28420
360.75968,0.77166
360.76782,1.82989
360.77596,0.34118
360.78410,0.79812
360.79225,1.29212
360.80039,0.07642
360.80853,4.65147
360.81667,0.80153
360.82481,0.50007
360.83296,1.90824
360.84110,0.15774
360.84924,2.24446
360.85738,2.23173
360.86553,1.01879
360.87367,0.64750
360.88181,1.59798
360.88995,0.57595
360.89809,0.35859
360.90624,3.33648
360.91438,2.17061
360.92252,0.85700
360.93066,0.88361
360.93881,1.25577
360.94695,1.08050
360.95509,0.91713
360.96323,0.01057
360.97137,0.46362
360.97952,0.21223
360.98766,2.92215
360.99580,0.24188
361.00394,4.13647
361.01209,0.67765
361.02023,3.75330
361.02837,2.47309
361.03651,1.81612
361.04466,1.36787
361.05280,1.87359
361.06094,0.47838
361.06908,1.56089
361.07722,1.60035
361.08537,0.40908
361.09351,0.29523
361.10165,0.19464
361.10979,1.02265
361.11794,1.48893
361.12608,0.64106
361.13422,0.09741
361.14236,0.68381
361.15050,0.87135
361.15865,0.91982
361.16679,3.38912
361.17493,1.59978
361.18307,1.03280
361.19122,1.73757
361.19936,0.66500
361.20750,1.81843
361.21564,0.75460
361.22379,1.54549
361.23193,0.00796
361.24007,0.15482
361.24821,0.40098
361.25635,1.29550
361.26450,1.01997
361.27264,0.39979
361.28078,0.73464
361.28892,0.37697
361.29707,0.26900
361.30521,0.12074
361.31335,1.63112
361.32149,2.77861
361.32963,0.08790
361.33778,0.61206
361.34592,0.60208
361.35406,0.83502
361.36220,4.52251
361.37035,3.19587
361.37849,5.49611
361.38663,0.09741
361.39477,4.15711
361.40291,0.10182
361.41106,0.51129
361.41920,0.09958
361.42734,2.20129
361.43548,0.16297
361.44363,1.07371
361.45177,1.11819
361.45991,1.41382
361.46805,1.17747
361.47620,0.55211
361.48434,0.45778
361.49248,2.60759
361.50062,0.39785
361.50876,0.22139
361.51691,0.73633
361.52505,0.89009
361.53319,0.52299
361.54133,1.75713
361.54948,0.47826
361.55762,0.50876
361.56576,0.10700
361.57390,0.51330
361.58204,2.34120
361.59019,0.02635
361.59833,7.86371
361.60647,3.90436
361.61461,2.19939
361.62276,2.54197
361.63090,1.13640
361.63904,0.36856
361.64718,0.08329
361.65533,0.66849
361.66347,0.13463
361.67161,3.51791
361.67975,1.71261
361.68789,0.38463
361.69604,1.40930
361.70418,1.22410
361.71232,1.52847
361.72046,0.74232
361.72861,0.88633
361.73675,1.23776
361.74489,2.02430
361.75303,0.98711
361.76117,1.10012
361.76932,0.11397
361.77746,0.56091
361.78560,0.73566
361.79374,0.18428
361.80189,0.05652
361.81003,1.00939
361.81817,6.26143
361.82631,1.17916
361.83446,0.69323
361.84260,0.69954
361.85074,3.62356
361.85888,2.74934
361.86702,0.73894
361.87517,9.00433
361.88331,8.28644
361.89145,10.44647
361.89959,1.08023
361.90774,1.15417
361.91588,0.08257
361.92402,0.35610
361.93216,0.01163
361.94030,1.74316
361.94845,1.11027
361.95659,1.01299
361.96473,0.44808
361.97287,0.24611
361.98102,5.30627
361.98916,2.36899
361.99730,0.88515
362.00544,4.43078
362.01358,12.24633
362.02173,3.49060
362.02987,2.46862
362.03801,3.13490
362.04615,5.77026
362.05430,1.51729
362.06244,1.07956
362.07058,0.21861
362.07872,1.95537
362.08687,0.27017
362.09501,6.39933
362.10315,4.06310
362.11129,0.21615
362.11943,4.03093
362.12758,11.67478
362.13572,1.54532
362.14386,0.42242
362.15200,4.24836
362.16015,1.96543
362.16829,0.13321
362.17643,0.10420
362.18457,2.84523
362.19271,1.55416
362.20086,1.96385
362.20900,4.37858
362.21714,2.31667
362.22528,0.91376
362.23343,1.73713
362.24157,1.24311
362.24971,0.94022
362.25785,4.84447
362.26600,6.00567
362.27414,1.08100
362.28228,0.74066
362.29042,0.05758
362.29856,1.77794
362.30671,1.92634
362.31485,4.81022
362.32299,4.24042
362.33113,1.43699
362.33928,0.91380
362.34742,2.40274
362.35556,0.55779
362.36370,4.21137
362.37184,2.58704
362.37999,2.49009
362.38813,1.10060
362.39627,7.64881
362.40441,1.35957
362.41256,1.05793
362.42070,0.57663
362.42884,0.68766
362.43698,0.66819
362.44512,3.92534
362.45327,2.31784
362.46141,0.20062
362.46955,2.07285
362.47769,0.15218
362.48584,0.27710
362.49398,2.11928
362.50212,0.04089
362.51026,0.69649
362.51841,1.97904
362.52655,3.83447
362.53469,6.67499
362.54283,3.12699
362.55097,1.58018
362.55912,0.12946
362.56726,0.67725
362.57540,1.41461
362.58354,0.66462
362.59169,0.00126
362.59983,0.49317
362.60797,0.81406
362.61611,4.16659
362.62425,0.64953
362.63240,1.65381
362.64054,0.61984
362.64868,10.03862
362.65682,1.40870
362.66497,0.16949
362.67311,3.08181
362.68125,1.62030
362.68939,1.23304
362.69754,1.74411
362.70568,0.35460
362.71382,0.58023
362.72196,4.69173
362.73010,0.33935
362.73825,3.23580
362.74639,0.77935
362.75453,0.98906
362.76267,0.30025
362.77082,2.13957
362.77896,2.86085
362.78710,2.01457
362.79524,1.50823
362.80338,0.42483
362.81153,0.47695
362.81967,5.90653
362.82781,2.37329
362.83595,0.79283
362.84410,1.48414
362.85224,1.99925
362.86038,4.79035
362.86852,1.92366
362.87667,2.37511
362.88481,1.68826
362.89295,9.36758
362.90109,1.43267
362.90923,0.06519
362.91738,0.74905
362.92552,15.56650
362.93366,0.16560
362.94180,0.43806
362.94995,2.16054
362.95809,7.45840
362.96623,2.16195
362.97437,3.89306
362.98251,5.59412
362.99066,2.71623
362.99880,0.16639
363.00694,5.40021
363.01508,1.94105
363.02323,3.41846
363.03137,0.03982
363.03951,2.41372
363.04765,1.12149
363.05579,1.42813
363.06394,1.27342
363.07208,2.30568
363.08022,2.78575
363.08836,0.28558
363.09651,5.03371
363.10465,13.70155
363.11279,1.49388
363.12093,1.65889
363.12908,8.47782
363.13722,2.24237
363.14536,5.68676
363.15350,1.98678
363.16164,2.81558
363.16979,12.62587
363.17793,8.34124
363.18607,0.13918
363.19421,6.11164
363.20236,15.65127
363.21050,7.37665
363.21864,0.33191
363.22678,14.34554
363.23492,12.03484
363.24307,1.94546
363.25121,16.73198
363.25935,10.39783
363.26749,0.79559
363.27564,4.76316
363.28378,16.88143
363.29192,1.48667
363.30006,7.94350
363.30821,13.70846
363.31635,17.51551
363.32449,0.31346
363.33263,5.54506
363.34077,7.00465
363.34892,2.36707
363.35706,0.38731
363.36520,4.33480
363.37334,1.18709
363.38149,0.86094
363.38963,7.19515
363.39777,1.27561
363.40591,5.16318
363.41405,0.81285
363.42220,6.27831
363.43034,9.01942
363.43848,5.07422
363.44662,1.43719
363.45477,1.41926
363.46291,1.68634
363.47105,4.01687
363.47919,4.41267
363.48733,0.65831
363.49548,0.97404
363.50362,1.92053
363.51176,2.51938
363.51990,3.05900
363.52805,4.37762
363.53619,1.16375
363.54433,6.85472
363.55247,2.95398
363.56062,2.46392
363.56876,2.50751
363.57690,7.21311
363.58504,0.21125
363.59318,10.88885
363.60133,2.55415
363.60947,6.18137
363.61761,65.71992
363.62575,8.12595
363.63390,9.01642
363.64204,31.57007
363.65018,33.03290
363.65832,55.17177
363.66646,15.40424
363.67461,17.91267
363.68275,13.22077
363.69089,57.47009
363.69903,47.46308
363.70718,59.65835
363.71532,94.93447
363.72346,13.52081
363.73160,28.28771
363.73975,13.11164
363.74789,3.81879
363.75603,7.46638
363.76417,4.51222
363.77231,3.38604
363.78046,0.37302
363.78860,4.10173
363.79674,40.09533
363.80488,3.14383
363.81303,1.81028
363.82117,37.58802
363.82931,1.59084
363.83745,12.15176
363.84559,3.56580
363.85374,41.60816
363.86188,2.15697
363.87002,0.05108
363.87816,13.23729
363.88631,8.13013
363.89445,1.16357
363.90259,15.93867
363.91073,11.19110
363.91887,7.52889
363.92702,16.06019
363.93516,22.96375
363.94330,21.87323
363.95144,6.51228
363.95959,11.28633
363.96773,32.83578
363.97587,84.87528
363.98401,31.75785
363.99216,1.17688
364.00030,132.83703
364.00844,27.67211
364.01658,38.14539
364.02472,15.64216
364.03287,3.93965
364.04101,19.90731
364.04915,26.32720
364.05729,13.96275
364.06544,22.87718
364.07358,1.44923
364.08172,2.86800
364.08986,19.85144
364.09800,52.92123
364.10615,2.08568
364.11429,43.39053
364.12243,63.54516
364.13057,16.99153
364.13872,14.17433
364.14686,28.17253
364.15500,51.88829
364.16314,11.89357
364.17129,35.68333
364.17943,44.09077
364.18757,13.25828
364.19571,10.89168
364.20385,7.44296
364.21200,6.45130
364.22014,9.11256
364.22828,51.98707
364.23642,30.44024
364.24457,42.26273
364.25271,3.24416
364.26085,11.28011
364.26899,1.96154
364.27713,11.18235
364.28528,19.05392
364.29342,46.87506
364.30156,32.37900
364.30970,3.02826
364.31785,55.27105
364.32599,16.04010
364.33413,6.64325
364.34227,34.49477
364.35042,38.05714
364.35856,23.23783
364.36670,8.40253
364.37484,81.20386
364.38298,0.42209
364.39113,9.13011
364.39927,0.68260
364.40741,22.04191
364.41555,12.80455
364.42370,54.84537
364.43184,31.81457
364.43998,7.27625
364.44812,2.04738
364.45626,15.48454
364.46441,15.61339
364.47255,4.97715
364.48069,0.54641
364.48883,2.91915
364.49698,3.70386
364.50512,12.81385
364.51326,8.44982
364.52140,11.12699
364.52954,2.59266
364.53769,6.12288
364.54583,15.65493
364.55397,4.97111
364.56211,5.11120
364.57026,3.92055
364.57840,3.70824
364.58654,3.05032
364.59468,11.96025
364.60283,4.79602
364.61097,0.35656
364.61911,2.47569
364.62725,6.65058
364.63539,4.29000
364.64354,6.30537
364.65168,5.72562
364.65982,3.70141
364.66796,8.46292
364.67611,0.06048
364.68425,10.19890
364.69239,2.41803
364.70053,26.78622
364.70867,3.43435
364.71682,6.30856
364.72496,7.70903
364.73310,5.75426
364.74124,10.60730
364.74939,3.20608
364.75753,1.26881
364.76567,6.30559
364.77381,7.17339
364.78196,2.54301
364.79010,3.56680
364.79824,0.19301
364.80638,1.51003
364.81452,7.30687
364.82267,1.56092
364.83081,3.15577
364.83895,0.18593
364.84709,10.94958
364.85524,5.40982
364.86338,12.20506
364.87152,7.92570
364.87966,14.00207
364.88780,12.18662
364.89595,12.50533
364.90409,6.41797
364.91223,4.53410
364.92037,12.94537
364.92852,4.48149
364.93666,3.13326
364.94480,4.31873
364.95294,0.74209
364.96108,2.43378
364.96923,1.87769
364.97737,8.49531
364.98551,2.24294
364.99365,3.49870
365.00180,8.45372
365.00994,4.19370
365.01808,5.24593
365.02622,1.97294
365.03437,1.30594
365.04251,3.26253
365.05065,1.39778
365.05879,3.07718
365.06693,13.92162
365.07508,9.25528
365.08322,4.18864
365.09136,4.09800
365.09950,12.86449
365.10765,4.76013
365.11579,0.97749
365.12393,2.77652
365.13207,13.69025
365.14021,14.88810
365.14836,3.06444
365.15650,3.17413
365.16464,9.16571
365.17278,3.38752
365.18093,4.13509
365.18907,3.08472
365.19721,3.34621
365.20535,1.49052
365.21350,0.17887
365.22164,1.06384
365.22978,4.49582
365.23792,0.24932
365.24606,2.06364
365.25421,0.32416
365.26235,0.31168
365.27049,7.04295
365.27863,6.22466
365.28678,2.88232
365.29492,1.03541
365.30306,1.43828
365.31120,2.66735
365.31934,2.92243
365.32749,1.91169
365.33563,2.90844
365.34377,11.52753
365.35191,8.22614
365.36006,0.50798
365.36820,1.38184
365.37634,8.95654
365.38448,7.44461
365.39263,0.69838
365.40077,9.66447
365.40891,3.21195
365.41705,2.42808
365.42519,1.02102
365.43334,0.99667
365.44148,0.38546
365.44962,6.43690
365.45776,3.81160
365.46591,2.20573
365.47405,0.46395
365.48219,0.32655
365.49033,0.38419
365.49847,0.89252
365.50662,0.89046
365.51476,0.94608
365.52290,0.27708
365.53104,5.84404
365.53919,13.23308
365.54733,1.61195
365.55547,9.80481
365.56361,11.00823
365.57175,0.69607
365.57990,1.10907
365.58804,6.26034
365.59618,3.62922
365.60432,6.50990
365.61247,7.35546
365.62061,6.82082
365.62875,0.16989
365.63689,3.92987
365.64504,1.07205
365.65318,2.11303
365.66132,5.10914
365.66946,4.51872
365.67760,0.24298
365.68575,1.95668
365.69389,1.20856
365.70203,0.75468
365.71017,0.29088
365.71832,2.52584
365.72646,2.38537
365.73460,0.64783
365.74274,2.15212
365.75088,9.56968
365.75903,4.50253
365.76717,3.35867
365.77531,4.32650
365.78345,4.23641
365.79160,3.06720
365.79974,2.86863
365.80788,1.59158
365.81602,0.40072
365.82417,0.70242
365.83231,9.18999
365.84045,0.66038
365.84859,2.43934
365.85673,0.02253
365.86488,1.96681
365.87302,0.84984
365.88116,4.83378
365.88930,0.07878
365.89745,1.44705
365.90559,0.99270
365.91373,1.46690
365.92187,0.11617
365.93001,0.64435
365.93816,0.85957
365.94630,1.15910
365.95444,0.62565
365.96258,2.32451
365.97073,0.21093
365.97887,1.37878
365.98701,0.17242
365.99515,2.54027
366.00329,1.73195
366.01144,13.15650
366.01958,13.50071
366.02772,1.30877
366.03586,6.43476
366.04401,19.69168
366.05215,4.06305
366.06029,4.02502
366.06843,10.75821
366.07658,14.47929
366.08472,1.90429
366.09286,9.58525
366.10100,3.56721
366.10914,2.51132
366.11729,4.43996
366.12543,11.12631
366.13357,0.70790
366.14171,2.38412
366.14986,4.49593
366.15800,0.99133
366.16614,0.61953
366.17428,7.23201
366.18242,0.67628
366.19057,5.01664
366.19871,6.61195
366.20685,3.88145
366.21499,1.26626
366.22314,8.87044
366.23128,6.63057
366.23942,4.02003
366.24756,5.76243
366.25571,30.07345
366.26385,6.83614
366.27199,12.20634
366.28013,18.21708
366.28827,18.40884
366.29642,10.14409
366.30456,9.16628
366.31270,23.02092
366.32084,2.76645
366.32899,6.57921
366.33713,8.64730
366.34527,12.80290
366.35341,0.44744
366.36155,6.50630
366.36970,11.25515
366.37784,10.02241
366.38598,0.77272
366.39412,11.39460
366.40227,6.50850
366.41041,1.34579
366.41855,0.30737
366.42669,12.68464
366.43483,7.70909
366.44298,5.58131
366.45112,0.47201
366.45926,1.23633
366.46740,12.58262
366.47555,4.77427
366.48369,6.91818
366.49183,10.25014
366.49997,5.89344
366.50812,4.40526
366.51626,5.55164
366.52440,14.89693
366.53254,2.60357
366.54068,14.23072
366.54883,19.70786
366.55697,9.33500
366.56511,1.02544
366.57325,31.22837
366.58140,17.15838
366.58954,9.11769
366.59768,0.80206
366.60582,40.53572
366.61396,30.68841
366.62211,0.90831
366.63025,4.78858
366.63839,10.62637
366.64653,35.03016
366.65468,0.93149
366.66282,14.34083
366.67096,11.06826
366.67910,16.94229
366.68725,1.13626
366.69539,15.23441
366.70353,23.86906
366.71167,1.61766
366.71981,4.11663
366.72796,20.05087
366.73610,21.96860
366.74424,0.23884
366.75238,8.33616
366.76053,18.15785
366.76867,13.88440
366.77681,1.62110
366.78495,27.31928
366.79309,20.19863
366.80124,2.35039
366.80938,5.72711
366.81752,22.62910
366.82566,4.92125
366.83381,0.12065
366.84195,3.11866
366.85009,21.12633
366.85823,4.52259
366.86638,9.61429
366.87452,11.16680
366.88266,14.72630
366.89080,3.93044
366.89894,8.23571
366.90709,8.86537
366.91523,5.40894
366.92337,1.24115
366.93151,5.96812
366.93966,30.47225
366.94780,8.02826
366.95594,0.64048
366.96408,15.08725
366.97222,14.83003
366.98037,11.09975
366.98851,10.57911
366.99665,15.91797
367.00479,6.77871
367.01294,2.80563
367.02108,10.45643
367.02922,16.80740
367.03736,8.12039
367.04550,1.65809
367.05365,4.30163
367.06179,9.07776
367.06993,0.32945
367.07807,10.35748
367.08622,15.41690
367.09436,12.97645
367.10250,0.19716
367.11064,10.97158
367.11879,8.90460
367.12693,8.96435
367.13507,0.61220
367.14321,15.00417
367.15135,15.52818
367.15950,2.59517
367.16764,4.69018
367.17578,18.16144
367.18392,24.06362
367.19207,0.39369
367.20021,19.34966
367.20835,10.57297
367.21649,1.94415
367.22463,5.25284
367.23278,17.68969
367.24092,9.00180
367.24906,7.24715
367.25720,8.28259
367.26535,12.23057
367.27349,0.83357
367.28163,7.29351
367.28977,16.99099
367.29792,11.96979
367.30606,0.94522
367.31420,9.48900
367.32234,18.36385
367.33048,5.04670
367.33863,0.52252
367.34677,8.03236
367.35491,10.11773
367.36305,2.60074
367.37120,0.62295
367.37934,4.96241
367.38748,13.58167
367.39562,6.60251
367.40376,0.13412
367.41191,10.61774
367.42005,12.65582
367.42819,2.89735
367.43633,2.38049
367.44448,6.51809
367.45262,14.19441
367.46076,4.04922
367.46890,10.94691
367.47704,11.34000
367.48519,2.21739
367.49333,1.32028
367.50147,7.13349
367.50961,14.17600
367.51776,0.06865
367.52590,10.33544
367.53404,5.25721
367.54218,5.60860
367.55033,1.03226
367.55847,27.30816
367.56661,7.64137
367.57475,0.40969
367.58289,0.19624
367.59104,11.64194
367.59918,4.25818
367.60732,0.50117
367.61546,2.89997
367.62361,13.00298
367.63175,4.51078
367.63989,0.46886
367.64803,3.65131
367.65617,23.11723
367.66432,3.72475
367.67246,1.40904
367.68060,7.16148
367.68874,8.32261
367.69689,0.29607
367.70503,3.33399
367.71317,1.63086
367.72131,0.15780
367.72946,1.65759
367.73760,2.44461
367.74574,2.79912
367.75388,0.86348
367.76202,0.91789
367.77017,1.62968
367.77831,6.00500
367.78645,0.59077
367.79459,7.90150
367.80274,1.67494
367.81088,0.29381
367.81902,1.14493
367.82716,3.49878
367.83530,2.26670
367.84345,1.34488
367.85159,1.23187
367.85973,8.68718
367.86787,5.21133
367.87602,1.82491
367.88416,6.31905
367.89230,2.80677
367.90044,3.97157
367.90859,0.26608
367.91673,12.78697
367.92487,8.84557
367.93301,6.32201
367.94115,2.36097
367.94930,17.83038
367.95744,4.65769
367.96558,1.18588
367.97372,9.48482
367.98187,33.94038
367.99001,13.35256
367.99815,2.15922
368.00629,17.23429
368.01443,16.75308
368.02258,3.83956
368.03072,4.55241
368.03886,27.14626
368.04700,6.08916
368.05515,1.74236
368.06329,14.72828
368.07143,24.04804
368.07957,3.83863
368.08771,3.32355
368.09586,12.19465
368.10400,12.12987
368.11214,2.57004
368.12028,18.86018
368.12843,24.12986
368.13657,18.09761
368.14471,0.69275
368.15285,16.40195
368.16100,18.51906
368.16914,8.56778
368.17728,0.25060
368.18542,26.03456
368.19356,40.22830
368.20171,2.70215
368.20985,4.63173
368.21799,36.06074
368.22613,31.76799
368.23428,0.01770
368.24242,20.89580
368.25056,26.90910
368.25870,15.00930
368.26684,3.28798
368.27499,18.39244
368.28313,13.56133
368.29127,8.05522
368.29941,4.28158
368.30756,17.97989
368.31570,8.20633
368.32384,4.65130
368.33198,6.02908
368.34013,27.38454
368.34827,6.65322
368.35641,5.84013
368.36455,11.97959
368.37269,13.09531
368.38084,2.97338
368.38898,21.04346
368.39712,12.88687
368.40526,2.82747
368.41341,2.05188
368.42155,23.04033
368.42969,5.24118
368.43783,0.08107
368.44597,5.11204
368.45412,24.21365
368.46226,16.64865
368.47040,0.39898
368.47854,28.52277
368.48669,46.30957
368.49483,3.93645
368.50297,7.88949
368.51111,27.48163
368.51925,40.88377
368.52740,8.12471
368.53554,8.13475
368.54368,10.95327
368.55182,19.17843
368.55997,10.15805
368.56811,12.82463
368.57625,9.22018
368.58439,6.90295
368.59254,10.02167
368.60068,2.74483
368.60882,16.38558
368.61696,2.41917
368.62510,2.37868
368.63325,0.02251
368.64139,3.33990
368.64953,0.29911
368.65767,11.30289
368.66582,2.09398
368.67396,0.88280
368.68210,2.52345
368.69024,16.05013
368.69838,3.64455
368.70653,0.80257
368.71467,0.53387
368.72281,11.69079
368.73095,1.00310
368.73910,0.94557
368.74724,2.35945
368.75538,4.45099
368.76352,6.28076
368.77167,2.09940
368.77981,1.55500
368.78795,5.24146
368.79609,2.51143
368.80423,6.39855
368.81238,2.56165
368.82052,5.90820
368.82866,6.18661
368.83680,5.56003
368.84495,2.87983
368.85309,0.58099
368.86123,10.62286
368.86937,1.76241
368.87751,3.33029
368.88566,0.58741
368.89380,7.79993
368.90194,15.08520
368.91008,6.79778
368.91823,2.79264
368.92637,3.22125
368.93451,6.84314
368.94265,4.26342
368.95079,2.04296
368.95894,1.88208
368.96708,3.93529
368.97522,1.35422
368.98336,0.23287
368.99151,4.71157
368.99965,4.49860
369.00779,8.87689
369.01593,5.34798
369.02408,3.06738
369.03222,3.11472
369.04036,10.79412
369.04850,4.32386
369.05664,0.15643
369.06479,0.16753
369.07293,12.36338
369.08107,8.09597
369.08921,6.07998
369.09736,0.57960
369.10550,7.51893
369.11364,3.69948
369.12178,2.12230
369.12992,4.71472
369.13807,6.62536
369.14621,8.55903
369.15435,4.20636
369.16249,9.52931
369.17064,2.50990
369.17878,0.50419
369.18692,3.48510
369.19506,1.82141
369.20321,1.33157
369.21135,3.79358
369.21949,10.33880
369.22763,1.73105
369.23577,0.84047
369.24392,9.06363
369.25206,2.08188
369.26020,3.45403
369.26834,6.67111
369.27649,0.69645
369.28463,3.57014
369.29277,0.81746
369.30091,2.11869
369.30905,0.20601
369.31720,0.02774
369.32534,1.18230
369.33348,1.95902
369.34162,0.62150
369.34977,4.77203
369.35791,0.19265
369.36605,2.29099
369.37419,8.73773
369.38234,14.85772
369.39048,5.86106
369.39862,4.05780
369.40676,4.34401
369.41490,1.33695
369.42305,0.48640
369.43119,6.55094
369.43933,10.97544
369.44747,8.23027
369.45562,3.49581
369.46376,2.64873
369.47190,12.87484
369.48004,19.76626
369.48818,10.53084
369.49633,12.56557
369.50447,15.08682
369.51261,16.92416
369.52075,12.01793
369.52890,20.08678
369.53704,16.65807
369.54518,20.16492
369.55332,26.23716
369.56146,21.07452
369.56961,19.96878
369.57775,14.35643
369.58589,39.21990
369.59403,14.12689
369.60218,23.93913
369.61032,19.28219
369.61846,24.99896
369.62660,11.52125
369.63475,14.82222
369.64289,33.77557
369.65103,16.90407
369.65917,12.80214
369.66731,13.34312
369.67546,11.76489
369.68360,10.66346
369.69174,6.99933
369.69988,14.73536
369.70803,7.14144
369.71617,9.27326
369.72431,14.99244
369.73245,10.01720
369.74059,6.62866
369.74874,6.33338
369.75688,11.57132
369.76502,0.91031
369.77316,8.75310
369.78131,5.10349
369.78945,5.30254
369.79759,9.54761
369.80573,2.36829
369.81388,11.04794
369.82202,0.89539
369.83016,0.57387
369.83830,5.24252
369.84644,7.68232
369.85459,3.01234
369.86273,9.73927
369.87087,3.59350
369.87901,5.54456
369.88716,4.57636
369.89530,8.85829
369.90344,6.26708
369.91158,4.34918
369.91972,2.62607
369.92787,8.40695
369.93601,1.87192
369.94415,8.21114
369.95229,3.70719
369.96044,6.91018
369.96858,4.30536
369.97672,8.41326
369.98486,14.12982
369.99300,7.28392
370.00115,5.50938
370.00929,3.73438
370.01743,4.73739
370.02557,1.91837
370.03372,1.40416
370.04186,7.66937
370.05000,6.27113
370.05814,2.00541
370.06629,3.95948
370.07443,3.41113
370.08257,0.32711
370.09071,1.66277
370.09885,1.04438
370.10700,1.41043
370.11514,4.66018
370.12328,2.39264
370.13142,8.36125
370.13957,0.94079
370.14771,5.23436
370.15585,0.51314
370.16399,1.55608
370.17213,0.56273
370.18028,1.04716
370.18842,4.97275
370.19656,1.40476
370.20470,0.76516
370.21285,0.79493
370.22099,1.09177
370.22913,1.17582
370.23727,2.43433
370.24542,0.33511
370.25356,5.07648
370.26170,0.33649
370.26984,1.17829
370.27798,0.91170
370.28613,0.70976
370.29427,1.04934
370.30241,0.94244
370.31055,0.41897
370.31870,3.31186
370.32684,3.41384
370.33498,0.76801
370.34312,1.92272
370.35126,2.31518
370.35941,0.76358
370.36755,0.02686
370.37569,0.86364
370.38383,1.25169
370.39198,0.15086
370.40012,2.69699
370.40826,0.42525
370.41640,1.61869
370.42455,2.37263
370.43269,1.98810
370.44083,4.08493
370.44897,3.69805
370.45711,0.04113
370.46526,1.05109
370.47340,8.56506
370.48154,0.27619
370.48968,0.40945
370.49783,0.51956
370.50597,0.38262
370.51411,1.16480
370.52225,0.56437
370.53039,0.51864
370.53854,1.55873
370.54668,2.91235
370.55482,0.05432
370.56296,1.03379
370.57111,5.01300
370.57925,0.59971
370.58739,7.43526
370.59553,1.57187
370.60367,0.35128
370.61182,2.65089
370.61996,0.15633
370.62810,3.19967
370.63624,1.15910
370.64439,1.63596
370.65253,2.67518
370.66067,21.55793
370.66881,2.21317
370.67696,0.37412
370.68510,12.10927
370.69324,1.12751
370.70138,6.20412
370.70952,39.02892
370.71767,3.11899
370.72581,9.36332
370.73395,7.52817
370.74209,0.41898
370.75024,9.15440
370.75838,6.87868
370.76652,16.33877
370.77466,12.33210
370.78280,2.67422
370.79095,2.57766
370.79909,5.03979
370.80723,20.54660
370.81537,1.09671
370.82352,11.84964
370.83166,4.73469
370.83980,8.24689
370.84794,5.01643
370.85609,7.00994
370.86423,8.06031
370.87237,2.36839
370.88051,8.43928
370.88865,12.88773
370.89680,26.95205
370.90494,2.85593
370.91308,5.79682
370.92122,8.57256
370.92937,27.40179
370.93751,2.88394
370.94565,6.96612
370.95379,3.44858
370.96193,8.21389
370.97008,0.26484
370.97822,0.25222
370.98636,0.90258
370.99450,0.52000
371.00265,5.53076
371.01079,0.56943
371.01893,18.98339
371.02707,15.17432
371.03521,4.51979
371.04336,6.04396
371.05150,8.25549
371.05964,6.53762
371.06778,6.75605
371.07593,3.82395
371.08407,19.10672
371.09221,4.34211
371.10035,8.12670
371.10850,0.84914
371.11664,5.00362
371.12478,13.13739
371.13292,2.12502
371.14106,0.42533
371.14921,8.72192
371.15735,4.92654
371.16549,6.90858
371.17363,3.08953
371.18178,0.62091
371.18992,11.22094
371.19806,0.41695
371.20620,28.96494
371.21434,11.39047
371.22249,32.91885
371.23063,7.54183
371.23877,4.23299
371.24691,18.91445
371.25506,12.76285
371.26320,2.44236
371.27134,12.69409
371.27948,8.89970
371.28763,21.54972
371.29577,42.92290
371.30391,4.11917
371.31205,17.63118
371.32019,43.43069
371.32834,11.28080
371.33648,18.72863
371.34462,19.13690
371.35276,1.13007
371.36091,3.64458
371.36905,12.08313
371.37719,1.20087
371.38533,5.59361
371.39347,7.07416
371.40162,4.46228
371.40976,12.09705
371.41790,2.74957
371.42604,2.28958
371.43419,4.58897
371.44233,4.32587
371.45047,1.39136
371.45861,1.34758
371.46675,2.18646
371.47490,1.25021
371.48304,0.03519
371.49118,1.44143
371.49932,2.19756
371.50747,9.18408
371.51561,1.36874
371.52375,1.26086
371.53189,3.65311
371.54004,2.59442
371.54818,0.23800
371.55632,0.30728
371.56446,1.47138
371.57260,0.98524
371.58075,1.28603
371.58889,3.74114
371.59703,1.33882
371.60517,3.45867
371.61332,0.40081
371.62146,0.94777
371.62960,1.22680
371.63774,0.08793
371.64588,3.29994
371.65403,3.26938
371.66217,1.81589
371.67031,3.97802
371.67845,5.75343
371.68660,4.04384
371.69474,2.94212
371.70288,1.14524
371.71102,0.80743
371.71917,5.05773
371.72731,0.44452
371.73545,3.44429
371.74359,0.51341
371.75173,2.82341
371.75988,0.28604
371.76802,2.01304
371.77616,5.17270
371.78430,0.01537
371.79245,6.14327
371.80059,0.65781
371.80873,2.15325
371.81687,2.09841
371.82501,0.60752
371.83316,1.29062
371.84130,18.71117
371.84944,0.14006
371.85758,0.41055
371.86573,13.66424
371.87387,9.13678
371.88201,17.59466
371.89015,4.21074
371.89830,29.26099
371.90644,13.29397
371.91458,3.52789
371.92272,0.89177
371.93086,0.15932
371.93901,5.72430
371.94715,6.40403
371.95529,7.08189
371.96343,3.19313
371.97158,10.92342
371.97972,1.34572
371.98786,0.45215
371.99600,5.03084
372.00414,2.20191
372.01229,1.43000
372.02043,2.39743
372.02857,1.11472
372.03671,1.68338
372.04486,1.83018
372.05300,2.45384
372.06114,4.00391
372.06928,3.26279
372.07742,4.41672
372.08557,6.20728
372.09371,1.58646
372.10185,1.32571
372.10999,2.46205
372.11814,2.90966
372.12628,0.79374
372.13442,1.99150
372.14256,2.37897
372.15071,4.57485
372.15885,1.01115
372.16699,0.59549
372.17513,0.82935
372.18327,3.19799
372.19142,1.25035
372.19956,1.52567
372.20770,4.43563
372.21584,2.14136
372.22399,1.19226
372.23213,1.46999
372.24027,3.27489
372.24841,9.72650
372.25655,1.84653
372.26470,7.39992
372.27284,3.25101
372.28098,0.00901
372.28912,0.31985
372.29727,1.28626
372.30541,1.29708
372.31355,2.04368
372.32169,1.18761
372.32984,2.48724
372.33798,5.09104
372.34612,5.55190
372.35426,3.29280
372.36240,3.00631
372.37055,0.52205
372.37869,1.13210
372.38683,1.09026
372.39497,1.31768
372.40312,1.30087
372.41126,1.67419
372.41940,0.55720
372.42754,5.18259
372.43568,6.19771
372.44383,1.17498
372.45197,0.78891
372.46011,0.00528
372.46825,1.97355
372.47640,1.57842
372.48454,6.08342
372.49268,0.15185
372.50082,0.07365
372.50896,0.44388
372.51711,0.11726
372.52525,1.79595
372.53339,0.19022
372.54153,7.41734
372.54968,1.60118
372.55782,0.53122
372.56596,0.84522
372.57410,0.13217
372.58225,0.30583
372.59039,3.06484
372.59853,0.57169
372.60667,2.53717
372.61481,0.28831
372.62296,3.81859
372.63110,2.74196
372.63924,0.02136
372.64738,4.15510
372.65553,0.02398
372.66367,5.48689
372.67181,0.91603
372.67995,3.68914
372.68809,0.81647
372.69624,0.24547
372.70438,6.02375
372.71252,0.87938
372.72066,1.02320
372.72881,1.31994
372.73695,2.72012
372.74509,6.19268
372.75323,2.19462
372.76138,2.34252
372.76952,5.89675
372.77766,0.16729
372.78580,0.32215
372.79394,2.04206
372.80209,1.64022
372.81023,0.96921
372.81837,5.40458
372.82651,4.11883
372.83466,3.07442
372.84280,12.25222
372.85094,24.96040
372.85908,6.19645
372.86722,2.81236
372.87537,1.13632
372.88351,1.46943
372.89165,8.42383
372.89979,2.42094
372.90794,1.91479
372.91608,6.40788
372.92422,14.79964
372.93236,7.27815
372.94051,1.69177
372.94865,0.14698
372.95679,14.49011
372.96493,11.14659
372.97307,9.88468
372.98122,6.78012
372.98936,0.48971
372.99750,1.74353
373.00564,15.40334
373.01379,25.57501
373.02193,4.37480
373.03007,7.51657
373.03821,2.49137
373.04635,6.50088
373.05450,7.14151
373.06264,6.04813
373.07078,9.12464
373.07892,37.24796
373.08707,10.57881
373.09521,0.00651
373.10335,2.09592
373.11149,23.04757
373.11963,55.40522
373.12778,48.62088
373.13592,24.22942
373.14406,11.26213
373.15220,21.35447
373.16035,9.20686
373.16849,48.40788
373.17663,20.45613
373.18477,32.39733
373.19292,28.90003
373.20106,7.45633
373.20920,15.24081
373.21734,7.13826
373.22548,18.16824
373.23363,57.09707
373.24177,15.71519
373.24991,40.27264
373.25805,14.92150
373.26620,0.24823
373.27434,63.82005
373.28248,174.06170
373.29062,27.41029
373.29876,7.48728
373.30691,18.18630
373.31505,2.43174
373.32319,41.00079
373.33133,24.66814
373.33948,15.29133
373.34762,15.30781
373.35576,43.16134
373.36390,22.36406
373.37205,17.79072
373.38019,52.78242
373.38833,23.35478
373.39647,0.26241
373.40461,49.11420
373.41276,23.32856
373.42090,0.66785
373.42904,20.06164
373.43718,31.68277
373.44533,0.63719
373.45347,31.24798
373.46161,3.81061
373.46975,25.25454
373.47789,11.48481
373.48604,0.21740
373.49418,3.39776
373.50232,6.52144
373.51046,2.34690
373.51861,10.10420
373.52675,2.19788
373.53489,0.43556
373.54303,10.12943
373.55117,0.50485
373.55932,0.71325
373.56746,0.26414
373.57560,1.62226
373.58374,5.28871
373.59189,11.37400
373.60003,4.28549
373.60817,0.27192
373.61631,3.73356
373.62446,8.56958
373.63260,0.13058
373.64074,0.88208
373.64888,1.35615
373.65702,3.57550
373.66517,6.82054
373.67331,4.88831
373.68145,0.32436
373.68959,0.49783
373.69774,2.14518
373.70588,1.52420
373.71402,3.44118
373.72216,5.59968
373.73030,3.81528
373.73845,9.34845
373.74659,6.48626
373.75473,20.56402
373.76287,1.52058
373.77102,0.40302
373.77916,5.24494
373.78730,8.28052
373.79544,0.35904
373.80359,9.09777
373.81173,5.05068
373.81987,0.14548
373.82801,1.29559
373.83615,0.92098
373.84430,5.36946
373.85244,2.23976
373.86058,0.12312
373.86872,8.29531
373.87687,1.13811
373.88501,1.06707
373.89315,1.63342
373.90129,1.74957
373.90943,1.20039
373.91758,1.09216
373.92572,0.20887
373.93386,5.19191
373.94200,1.52502
373.95015,4.10407
373.95829,0.85936
373.96643,6.83713
373.97457,0.58511
373.98271,2.65683
373.99086,3.97587
373.99900,0.65924
374.00714,2.86000
374.01528,0.32251
374.02343,2.82052
374.03157,2.05634
374.03971,1.35147
374.04785,0.54630
374.05600,1.04609
374.06414,1.42375
374.07228,0.67269
374.08042,8.94892
374.08856,2.15783
374.09671,1.20356
374.10485,0.25322
374.11299,1.97004
374.12113,3.27486
374.12928,1.72928
374.13742,2.89249
374.14556,0.34744
374.15370,1.80067
374.16184,2.03915
374.16999,0.65762
374.17813,1.34927
374.18627,2.14096
374.19441,0.25033
374.20256,3.12406
374.21070,4.31835
374.21884,1.16045
374.22698,5.30709
374.23513,2.96712
374.24327,0.70282
374.25141,1.93884
374.25955,2.64583
374.26769,2.85082
374.27584,3.46831
374.28398,1.86090
374.29212,0.62157
374.30026,4.45356
374.30841,9.65428
374.31655,3.38917
374.32469,2.81713
374.33283,4.47429
374.34097,2.89048
374.34912,2.53445
374.35726,2.31934
374.36540,8.45323
374.37354,11.36250
374.38169,27.70406
374.38983,41.12538
374.39797,19.91276
374.40611,6.62756
374.41426,5.99188
374.42240,1.06054
374.43054,11.84261
374.43868,2.06755
374.44682,9.93359
374.45497,2.42278
374.46311,0.00993
374.47125,7.27377
374.47939,4.43503
374.48754,1.60179
374.49568,3.69160
374.50382,0.56306
374.51196,0.97264
374.52010,2.47049
374.52825,5.93152
374.53639,2.81480
374.54453,0.43446
374.55267,0.07355
374.56082,0.50015
374.56896,3.01076
374.57710,3.22267
374.58524,3.99532
374.59338,0.11517
374.60153,1.06551
374.60967,1.49177
374.61781,2.54982
374.62595,2.05341
374.63410,0.51713
374.64224,1.69316
374.65038,0.49572
374.65852,3.55620
374.66667,1.20241
374.67481,2.06068
374.68295,0.70096
374.69109,0.15500
374.69923,1.18466
374.70738,0.48479
374.71552,1.50810
374.72366,3.31659
374.73180,7.32436
374.73995,0.77654
374.74809,4.02830
374.75623,0.40432
374.76437,4.05133
374.77251,1.43436
374.78066,3.76317
374.78880,0.82131
374.79694,0.51408
374.80508,2.91824
374.81323,4.56277
374.82137,0.03731
374.82951,1.19205
374.83765,0.01820
374.84580,1.91313
374.85394,1.96729
374.86208,1.24641
374.87022,1.66863
374.87836,1.57802
374.88651,3.60845
374.89465,4.28514
374.90279,9.24557
374.91093,1.35650
374.91908,44.39194
374.92722,8.77096
374.93536,5.19928
374.94350,3.95565
374.95164,0.99868
374.95979,0.07942
374.96793,3.53137
374.97607,1.71387
374.98421,7.69837
374.99236,2.25838
375.00050,9.74387
375.00864,0.09489
375.01678,4.05539
375.02492,0.29977
375.03307,0.98444
375.04121,3.51893
375.04935,0.89158
375.05749,2.17642
375.06564,5.96137
375.07378,4.19063
375.08192,0.07521
375.09006,0.40734
375.09821,0.10434
375.10635,0.81684
375.11449,1.04840
375.12263,0.07849
375.13077,5.37440
375.13892,1.26584
375.14706,0.59205
375.15520,0.14053
375.16334,2.08768
375.17149,0.66994
375.17963,2.21813
375.18777,0.47787
375.19591,1.76176
375.20405,2.15639
375.21220,1.29758
375.22034,0.49060
375.22848,3.28744
375.23662,3.60065
375.24477,0.62469
375.25291,0.93005
375.26105,1.74544
375.26919,0.17255
375.27734,0.35248
375.28548,0.12589
375.29362,0.32105
375.30176,2.40053
375.30990,0.45792
375.31805,1.31159
375.32619,0.57510
375.33433,2.95686
375.34247,0.08437
375.35062,4.15284
375.35876,0.74635
375.36690,0.74028
375.37504,0.81849
375.38318,3.39962
375.39133,0.87205
375.39947,0.01387
375.40761,0.16753
375.41575,0.19158
375.42390,0.14212
375.43204,1.07570
375.44018,5.04714
375.44832,0.50249
375.45647,0.02147
375.46461,0.28969
375.47275,1.07033
375.48089,2.42443
375.48903,0.63107
375.49718,0.14889
375.50532,1.04002
375.51346,0.27290
375.52160,5.63210
375.52975,2.29656
375.53789,1.23035
375.54603,0.61075
375.55417,1.90361
375.56231,0.68583
375.57046,1.86014
375.57860,0.08858
375.58674,1.43743
375.59488,2.57003
375.60303,0.51611
375.61117,0.09816
375.61931,0.80750
375.62745,1.07066
375.63559,0.31799
375.64374,0.26551
375.65188,0.33538
375.66002,1.43491
375.66816,1.00181
375.67631,1.10374
375.68445,2.58043
375.69259,1.17858
375.70073,1.63897
375.70888,1.14923
375.71702,0.72124
375.72516,0.04354
375.73330,0.29898
375.74144,0.42998
375.74959,0.18160
375.75773,0.49765
375.76587,1.49070
375.77401,2.21210
375.78216,0.63067
375.79030,0.33444
375.79844,1.18313
375.80658,3.60782
375.81472,0.64961
375.82287,1.88079
375.83101,0.66549
375.83915,1.66350
375.84729,0.45384
375.85544,0.53451
375.86358,0.14235
375.87172,0.54323
375.87986,0.62757
375.88801,1.48547
375.89615,0.39245
375.90429,1.70137
375.91243,0.67694
375.92057,0.95245
375.92872,0.02088
375.93686,0.92191
375.94500,0.26754
375.95314,0.61484
375.96129,0.44336
375.96943,0.35412
375.97757,2.07006
375.98571,0.43722
375.99385,0.51673
376.00200,0.44058
376.01014,0.09105
376.01828,0.81218
376.02642,0.06509
376.03457,0.62724
376.04271,0.13147
376.05085,1.80259
376.05899,0.31881
376.06713,0.49596
376.07528,0.10756
376.08342,2.45030
376.09156,0.22502
376.09970,0.19278
376.10785,0.73562
376.11599,0.83592
376.12413,3.34212
376.13227,0.78381
376.14042,0.33741
376.14856,0.28337
376.15670,0.97897
376.16484,3.12059
376.17298,3.80475
376.18113,0.14733
376.18927,0.54180
376.19741,0.67777
376.20555,0.29413
376.21370,0.15789
376.22184,1.34575
376.22998,0.54395
376.23812,0.76523
376.24626,0.24595
376.25441,2.26749
376.26255,1.72427
376.27069,0.01856
376.27883,0.19689
376.28698,0.61647
376.29512,0.67418
376.30326,0.41408
376.31140,1.31432
376.31955,2.32122
376.32769,1.32671
376.33583,1.66534
376.34397,1.30579
376.35211,0.53966
376.36026,0.52258
376.36840,2.14646
376.37654,2.63974
376.38468,7.77757
376.39283,0.44711
376.40097,0.23865
376.40911,0.40092
376.41725,4.58694
376.42539,0.37501
376.43354,0.04962
376.44168,1.88869
376.44982,4.23148
376.45796,0.49589
376.46611,0.18713
376.47425,2.04098
376.48239,2.49975
376.49053,1.69286
376.49867,2.69480
376.50682,0.53486
376.51496,0.78050
376.52310,1.00655
376.53124,1.77401
376.53939,0.70692
376.54753,0.93696
376.55567,1.38519
376.56381,0.08406
376.57196,0.18289
376.58010,0.50439
376.58824,1.02605
376.59638,0.15878
376.60452,1.02265
376.61267,0.17001
376.62081,0.21420
376.62895,0.09686
376.63709,0.13459
376.64524,1.38491
376.65338,0.09345
376.66152,0.17156
376.66966,2.23177
376.67780,1.57570
376.68595,0.75404
376.69409,0.24705
376.70223,1.22082
376.71037,0.88348
376.71852,0.42479
376.72666,1.22958
376.73480,2.00794
376.74294,0.22777
376.75109,0.53215
376.75923,0.17259
376.76737,1.93746
376.77551,0.57449
376.78365,0.18091
376.79180,3.26856
376.79994,0.31156
376.80808,0.20307
376.81622,0.02672
376.82437,0.22548
376.83251,1.27895
376.84065,1.76501
376.84879,0.81699
376.85693,3.52314
376.86508,1.44780
376.87322,0.20283
376.88136,0.82274
376.88950,1.46913
376.89765,5.09422
376.90579,0.39730
376.91393,0.43463
376.92207,1.00900
376.93022,0.09876
376.93836,0.84729
376.94650,0.11637
376.95464,3.12005
376.96278,0.35723
376.97093,0.75396
376.97907,0.58832
376.98721,0.14485
376.99535,0.99249
377.00350,1.83704
377.01164,0.69663
377.01978,0.40346
377.02792,0.07433
377.03606,0.64038
377.04421,0.79168
377.05235,0.28741
377.06049,0.33276
377.06863,0.03007
377.07678,1.02161
377.08492,0.66379
377.09306,0.15004
377.10120,0.20889
377.10934,1.95617
377.11749,0.10220
377.12563,1.02125
377.13377,0.03182
377.14191,1.00775
377.15006,0.83748
377.15820,0.02139
377.16634,0.54050
377.17448,0.15759
377.18263,1.13197
377.19077,0.58414
377.19891,1.36347
377.20705,0.01937
377.21519,0.18052
377.22334,1.60117
377.23148,0.96777
377.23962,0.44673
377.24776,0.11448
377.25591,3.21006
377.26405,1.71862
377.27219,0.90931
377.28033,0.53506
377.28847,0.21124
377.29662,1.27876
377.30476,2.91253
377.31290,2.22334
377.32104,0.00084
377.32919,0.53888
377.33733,0.16641
377.34547,1.42561
377.35361,2.50352
377.36176,0.41972
377.36990,3.55425
377.37804,1.41468
377.38618,0.06032
377.39432,0.32837
377.40247,1.46789
377.41061,0.40357
377.41875,1.12833
377.42689,0.11981
377.43504,0.15899
377.44318,1.41711
377.45132,0.70638
377.45946,1.59290
377.46760,1.11008
377.47575,0.63281
377.48389,2.26851
377.49203,0.90442
377.50017,0.81575
377.50832,2.02081
377.51646,0.43651
377.52460,0.64906
377.53274,1.72893
377.54088,0.81681
377.54903,0.00121
377.55717,1.11229
377.56531,0.29976
377.57345,2.45676
377.58160,0.46706
377.58974,0.89904
377.59788,1.77244
377.60602,0.51187
377.61417,0.30291
377.62231,0.40226
377.63045,0.73211
377.63859,0.29635
377.64673,0.42726
377.65488,0.41666
377.66302,0.84354
377.67116,0.25669
377.67930,1.44420
377.68745,0.39714
377.69559,0.01889
377.70373,0.07882
377.71187,1.31981
377.72001,0.42627
377.72816,0.48511
377.73630,0.15191
377.74444,4.62803
377.75258,1.88192
377.76073,4.57031
377.76887,2.38165
377.77701,0.72892
377.78515,1.54403
377.79330,0.35287
377.80144,1.73475
377.80958,1.35936
377.81772,1.19951
377.82586,0.88488
377.83401,0.42026
377.84215,0.82330
377.85029,0.26982
377.85843,0.30137
377.86658,1.44800
377.87472,0.51401
377.88286,0.24897
377.89100,1.12281
377.89914,1.40047
377.90729,3.94001
377.91543,0.80073
377.92357,0.10302
377.93171,1.49541
377.93986,0.71700
377.94800,1.02440
377.95614,0.11303
377.96428,6.02018
377.97243,1.05689
377.98057,1.73673
377.98871,2.03199
377.99685,0.41140
378.00499,1.12630
378.01314,0.07749
378.02128,2.72861
378.02942,0.39219
378.03756,1.02674
378.04571,0.17246
378.05385,0.94880
378.06199,0.07555
378.07013,2.40785
378.07827,1.89961
378.08642,0.05470
378.09456,0.04786
378.10270,0.80636
378.11084,3.26426
378.11899,1.05167
378.12713,0.52186
378.13527,0.65990
378.14341,0.70332
378.15155,0.61252
378.15970,1.18015
378.16784,0.29578
378.17598,0.34583
378.18412,0.49531
378.19227,3.95467
378.20041,3.41163
378.20855,0.18189
378.21669,0.55206
378.22484,0.71646
378.23298,0.40448
378.24112,0.40402
378.24926,0.81683
378.25740,1.56030
378.26555,0.87872
378.27369,1.47282
378.28183,0.91775
378.28997,0.16521
378.29812,1.23477
378.30626,1.25403
378.31440,0.32580
378.32254,0.11261
378.33068,0.18628
378.33883,0.08217
378.34697,0.23563
378.35511,1.96743
378.36325,0.03603
378.37140,0.11879
378.37954,0.26436
378.38768,0.73479
378.39582,1.70685
378.40397,0.71955
378.41211,1.99089
378.42025,0.56519
378.42839,0.15117
378.43653,1.13294
378.44468,0.03022
378.45282,1.73903
378.46096,2.14419
378.46910,0.11942
378.47725,1.33417
378.48539,0.13322
378.49353,2.13056
378.50167,0.24944
378.50981,1.40094
378.51796,0.03151
378.52610,0.27693
378.53424,0.09559
378.54238,0.01506
378.55053,0.49719
378.55867,0.13971
378.56681,2.29090
378.57495,1.34677
378.58309,0.05377
378.59124,0.47663
378.59938,1.93841
378.60752,3.25438
378.61566,0.79765
378.62381,2.07188
378.63195,2.07481
378.64009,0.24830
378.64823,2.98772
378.65638,6.26179
378.66452,1.72913
378.67266,0.35199
378.68080,0.96817
378.68894,4.49419
378.69709,0.55947
378.70523,0.56992
378.71337,1.69846
378.72151,0.21233
378.72966,0.08214
378.73780,0.51331
378.74594,1.23179
378.75408,1.63799
378.76222,1.09076
378.77037,1.14151
378.77851,2.18421
378.78665,1.52722
378.79479,1.06023
378.80294,0.71304
378.81108,0.06555
378.81922,1.23997
378.82736,0.27733
378.83551,2.14105
378.84365,0.35576
378.85179,2.30334
378.85993,0.47097
378.86807,0.31554
378.87622,0.58446
378.88436,0.72292
378.89250,2.88826
378.90064,0.85137
378.90879,0.94738
378.91693,0.40716
378.92507,0.47921
378.93321,0.44001
378.94135,1.74677
378.94950,0.30212
378.95764,1.03568
378.96578,3.24276
378.97392,0.38757
378.98207,0.74399
378.99021,1.69658
378.99835,0.18529
379.00649,5.48548
379.01463,1.70564
379.02278,0.35691
379.03092,5.36801
379.03906,0.60238
379.04720,0.19987
379.05535,1.97783
379.06349,5.38040
379.07163,1.25520
379.07977,4.67738
379.08792,0.56683
379.09606,0.12645
379.10420,0.24315
379.11234,0.56970
379.12048,1.44117
379.12863,0.29279
379.13677,2.05245
379.14491,3.80121
379.15305,4.38121
379.16120,0.75985
379.16934,0.89307
379.17748,0.02557
379.18562,0.69957
379.19376,0.91941
379.20191,1.11048
379.21005,0.57937
379.21819,0.69391
379.22633,0.54059
379.23448,1.28356
379.24262,1.73988
379.25076,2.85630
379.25890,0.27732
379.26705,4.99729
379.27519,1.98598
379.28333,1.20695
379.29147,0.88846
379.29961,1.15050
379.30776,2.21273
379.31590,4.93922
379.32404,5.45799
379.33218,0.15977
379.34033,3.03008
379.34847,3.35972
379.35661,2.29245
379.36475,3.93874
379.37289,5.02337
379.38104,0.73934
379.38918,0.19443
379.39732,0.48725
379.40546,5.60980
379.41361,0.53635
379.42175,1.86765
379.42989,2.55208
379.43803,6.25093
379.44618,5.62826
379.45432,1.31824
379.46246,0.21097
379.47060,0.84428
379.47874,1.66961
379.48689,0.46812
379.49503,0.71380
379.50317,1.22205
379.51131,2.92922
379.51946,6.83898
379.52760,0.27300
379.53574,0.40043
379.54388,1.21387
379.55202,2.10632
379.56017,2.60933
379.56831,0.10864
379.57645,2.36893
379.58459,0.43182
379.59274,1.34896
379.60088,5.28486
379.60902,0.33451
379.61716,1.45802
379.62530,1.30592
379.63345,1.35160
379.64159,0.76325
379.64973,1.48396
379.65787,3.84076
379.66602,0.54840
379.67416,1.92618
379.68230,1.96986
379.69044,0.77853
379.69859,6.19294
379.70673,0.42678
379.71487,6.49152
379.72301,1.46700
379.73115,0.13595
379.73930,0.56903
379.74744,2.23639
379.75558,0.20532
379.76372,1.07702
379.77187,3.62302
379.78001,6.16277
379.78815,0.21047
379.79629,5.42568
379.80443,2.96023
379.81258,0.36579
379.82072,2.43687
379.82886,3.02000
379.83700,1.58445
379.84515,0.06670
379.85329,1.77548
379.86143,1.10247
379.86957,4.26413
379.87772,2.50439
379.88586,0.38504
379.89400,1.00488
379.90214,0.39813
379.91028,6.36486
379.91843,2.42960
379.92657,1.42521
379.93471,4.83445
379.94285,0.71114
379.95100,0.95916
379.95914,1.44797
379.96728,3.09833
379.97542,2.61339
379.98356,1.01706
379.99171,7.21306
379.99985,2.05681
380.00799,0.01901
380.01613,1.46900
380.02428,0.56868
380.03242,2.25387
380.04056,1.24873
380.04870,0.17937
380.05684,1.16135
380.06499,1.27182
380.07313,0.46709
380.08127,2.91380
380.08941,0.02557
380.09756,0.68864
380.10570,0.62674
380.11384,1.22701
380.12198,0.98607
380.13013,0.43238
380.13827,1.44575
380.14641,0.36609
380.15455,0.14069
380.16269,0.42523
380.17084,4.37256
380.17898,0.81520
380.18712,2.11573
380.19526,3.51379
380.20341,2.62892
380.21155,0.74242
380.21969,2.42860
380.22783,0.11574
380.23597,0.14950
380.24412,0.56351
380.25226,0.26139
380.26040,3.32657
380.26854,0.34516
380.27669,0.17469
380.28483,0.21702
380.29297,0.88735
380.30111,0.07608
380.30926,0.68739
380.31740,0.07943
380.32554,3.98352
380.33368,0.22851
380.34182,3.60606
380.34997,1.09932
380.35811,1.81496
380.36625,3.96974
380.37439,0.57141
380.38254,0.43482
380.39068,2.66729
380.39882,0.11672
380.40696,1.46962
380.41510,2.78887
380.42325,0.44008
380.43139,0.48068
380.43953,2.11757
380.44767,0.02566
380.45582,0.35534
380.46396,2.01391
380.47210,0.70092
380.48024,1.68764
380.48839,0.27734
380.49653,0.50992
380.50467,1.14878
380.51281,2.06385
380.52095,0.14242
380.52910,1.15328
380.53724,2.09298
380.54538,1.33067
380.55352,0.30217
380.56167,0.05479
380.56981,0.23597
380.57795,1.31133
380.58609,2.52752
380.59423,1.77590
380.60238,1.04123
380.61052,0.40886
380.61866,0.53555
380.62680,1.73095
380.63495,0.01739
380.64309,1.49335
380.65123,0.07463
380.65937,0.99861
380.66751,0.93644
380.67566,0.07500
380.68380,0.49911
380.69194,0.30584
380.70008,2.18455
380.70823,0.32809
380.71637,3.64582
380.72451,0.26176
380.73265,1.20299
380.74080,0.15017
380.74894,0.64007
380.75708,2.58193
380.76522,0.36465
380.77336,1.26822
380.78151,1.49930
380.78965,0.31256
380.79779,0.04433
380.80593,1.40815
380.81408,0.03426
380.82222,0.09237
380.83036,1.82401
380.83850,1.03928
380.84664,1.26157
380.85479,1.14913
380.86293,0.20346
380.87107,2.40577
380.87921,0.74572
380.88736,2.84488
380.89550,0.09377
380.90364,1.93790
380.91178,1.15748
380.91993,0.43288
380.92807,0.15208
380.93621,0.23953
380.94435,0.18234
380.95249,1.72507
380.96064,0.06880
380.96878,0.19056
380.97692,3.52581
380.98506,2.78262
380.99321,1.56939
381.00135,1.19495
381.00949,0.08133
381.01763,0.13649
381.02577,6.22641
381.03392,3.89416
381.04206,4.84201
381.05020,0.45463
381.05834,1.62742
381.06649,0.32424
381.07463,1.09450
381.08277,0.01803
381.09091,0.17966
381.09905,0.45961
381.10720,0.49099
381.11534,0.33970
381.12348,0.30410
381.13162,0.12542
381.13977,1.47614
381.14791,1.35715
381.15605,2.86908
381.16419,0.53528
381.17234,2.50515
381.18048,0.38582
381.18862,0.14827
381.19676,0.25845
381.20490,0.57248
381.21305,1.84645
381.22119,1.60099
381.22933,0.47211
381.23747,0.56725
381.24562,0.36235
381.25376,0.33459
381.26190,0.59809
381.27004,4.77223
381.27818,1.98988
381.28633,0.60436
381.29447,2.97110
381.30261,0.55180
381.31075,1.24907
381.31890,0.32004
381.32704,1.35468
381.33518,0.49804
381.34332,5.37948
381.35147,0.11009
381.35961,0.75519
381.36775,0.18560
381.37589,0.08868
381.38403,0.67754
381.39218,0.01768
381.40032,1.01473
381.40846,0.51051
381.41660,1.29164
381.42475,1.17407
381.43289,1.11426
381.44103,0.70602
381.44917,2.87251
381.45731,1.54102
381.46546,4.11747
381.47360,0.47807
381.48174,1.09098
381.48988,0.94713
381.49803,0.76354
381.50617,2.11860
381.51431,1.59441
381.52245,2.71878
381.53059,0.21874
381.53874,1.20852
381.54688,0.13426
381.55502,0.41078
381.56316,0.21900
381.57131,0.77660
381.57945,0.23181
381.58759,0.08875
381.59573,1.04489
381.60388,2.05993
381.61202,1.36974
381.62016,0.46728
381.62830,1.35185
381.63644,0.12430
381.64459,2.96224
381.65273,0.32675
381.66087,0.38558
381.66901,0.99801
381.67716,0.99647
381.68530,1.81833
381.69344,0.31466
381.70158,2.28236
381.70972,0.68360
381.71787,0.24091
381.72601,0.41692
381.73415,0.87012
381.74229,0.55868
381.75044,1.60165
381.75858,3.87268
381.76672,0.85607
381.77486,0.56654
381.78301,0.39806
381.79115,0.45060
381.79929,1.80883
381.80743,2.61637
381.81557,1.63163
381.82372,0.73384
381.83186,0.18941
381.84000,0.94257
381.84814,0.21027
381.85629,0.62947
381.86443,2.24777
381.87257,0.41281
381.88071,1.26160
381.88885,1.71772
381.89700,1.59477
381.90514,5.25901
381.91328,1.64703
381.92142,0.60536
381.92957,2.61660
381.93771,2.65680
381.94585,1.65379
381.95399,0.29744
381.96214,1.34321
381.97028,1.39512
381.97842,0.84384
381.98656,0.15405
381.99470,0.48361
382.00285,0.01270
382.01099,2.59957
382.01913,0.41672
382.02727,0.48674
382.03542,1.79684
382.04356,0.38480
382.05170,1.16508
382.05984,1.61897
382.06798,0.10976
382.07613,0.63394
382.08427,0.50558
382.09241,0.17262
382.10055,1.93379
382.10870,0.56379
382.11684,1.41558
382.12498,2.90844
382.13312,0.17261
382.14126,1.77099
382.14941,3.29318
382.15755,0.48938
382.16569,0.05839
382.17383,0.54148
382.18198,1.41364
382.19012,2.04578
382.19826,1.66892
382.20640,0.65456
382.21455,1.13106
382.22269,1.71426
382.23083,0.43871
382.23897,0.71304
382.24711,0.35543
382.25526,0.22624
382.26340,0.47111
382.27154,0.86275
382.27968,1.19865
382.28783,1.18975
382.29597,1.37278
382.30411,1.57990
382.31225,2.37040
382.32039,0.00862
382.32854,1.21578
382.33668,0.35787
382.34482,1.96456
382.35296,1.61110
382.36111,0.85931
382.36925,1.15043
382.37739,0.39387
382.38553,1.22482
382.39368,1.02281
382.40182,0.17267
382.40996,1.64512
382.41810,0.07681
382.42624,0.60069
382.43439,0.85744
382.44253,0.03747
382.45067,0.35446
382.45881,0.39162
382.46696,0.34512
382.47510,0.18062
382.48324,0.65452
382.49138,1.85161
382.49952,0.49433
382.50767,0.38292
382.51581,1.58244
382.52395,0.12124
382.53209,0.57655
382.54024,0.56205
382.54838,0.76284
382.55652,0.26814
382.56466,2.08675
382.57280,3.60002
382.58095,0.85933
382.58909,1.59070
382.59723,2.05604
382.60537,1.07953
382.61352,1.65257
382.62166,0.13961
382.62980,3.95281
382.63794,0.32748
382.64609,1.66875
382.65423,3.69434
382.66237,1.12235
382.67051,0.14967
382.67865,0.15066
382.68680,1.82340
382.69494,0.53606
382.70308,0.33395
382.71122,5.22529
382.71937,0.60425
382.72751,0.18549
382.73565,0.20033
382.74379,0.15575
382.75193,0.31434
382.76008,0.33172
382.76822,1.66567
382.77636,1.12411
382.78450,0.27897
382.79265,0.44737
382.80079,1.16700
382.80893,0.14457
382.81707,2.11564
382.82522,0.91474
382.83336,1.21319
382.84150,1.72234
382.84964,0.21481
382.85778,1.56514
382.86593,5.32575
382.87407,1.47844
382.88221,0.18121
382.89035,0.73652
382.89850,0.30198
382.90664,0.60247
382.91478,0.42354
382.92292,1.01584
382.93106,0.02420
382.93921,0.34995
382.94735,0.10039
382.95549,0.74421
382.96363,0.00960
382.97178,0.61379
382.97992,0.26217
382.98806,4.05611
382.99620,4.64764
383.00434,0.03556
383.01249,0.22839
383.02063,1.42042
383.02877,0.09479
383.03691,1.81611
383.04506,0.78024
383.05320,4.91085
383.06134,1.27649
383.06948,0.06830
383.07763,0.27594
383.08577,1.13592
383.09391,0.09643
383.10205,0.03224
383.11019,1.59160
383.11834,3.97214
383.12648,0.39043
383.13462,1.92641
383.14276,4.66196
383.15091,0.55221
383.15905,1.09613
383.16719,0.47620
383.17533,0.94917
383.18347,0.90854
383.19162,0.76186
383.19976,0.10166
383.20790,2.18586
383.21604,0.20304
383.22419,3.96222
383.23233,1.06278
383.24047,0.24660
383.24861,0.11831
383.25676,0.96662
383.26490,0.85348
383.27304,0.26169
383.28118,5.11947
383.28932,1.39461
383.29747,1.67874
383.30561,3.44793
383.31375,6.75249
383.32189,0.87613
383.33004,2.16568
383.33818,3.04774
383.34632,0.71496
383.35446,3.94914
383.36260,1.23109
383.37075,0.27393
383.37889,1.66348
383.38703,5.15776
383.39517,2.37145
383.40332,2.52263
383.41146,2.37285
383.41960,3.13156
383.42774,1.80630
383.43589,0.54927
383.44403,10.10713
383.45217,2.08135
383.46031,0.01633
383.46845,0.53817
383.47660,5.69474
383.48474,0.86297
383.49288,0.02001
383.50102,0.90023
383.50917,4.65274
383.51731,0.17202
383.52545,1.49729
383.53359,1.46044
383.54173,7.31227
383.54988,6.09871
383.55802,2.85619
383.56616,4.94882
383.57430,0.44773
383.58245,6.91510
383.59059,6.52751
383.59873,0.86214
383.60687,1.05711
383.61501,3.48870
383.62316,3.49739
383.63130,0.45312
383.63944,2.82757
383.64758,1.67018
383.65573,4.51992
383.66387,1.34337
383.67201,12.78869
383.68015,19.18700
383.68830,4.18116
383.69644,9.06464
383.70458,9.63780
383.71272,7.07176
383.72086,0.76454
383.72901,12.67563
383.73715,10.76473
383.74529,3.10194
383.75343,1.98732
383.76158,9.31577
383.76972,17.93940
383.77786,2.05163
383.78600,8.92251
383.79414,3.98149
383.80229,6.89223
383.81043,6.69049
383.81857,13.77098
383.82671,35.78881
383.83486,21.16474
383.84300,6.98538
383.85114,0.64163
383.85928,10.05977
383.86743,8.74221
383.87557,4.65384
383.88371,34.46051
383.89185,3.18089
383.89999,4.17981
383.90814,0.54223
383.91628,14.19529
383.92442,5.54205
383.93256,9.98894
383.94071,11.17072
383.94885,0.85341
383.95699,8.91080
383.96513,14.00552
383.97327,19.47016
383.98142,0.21887
383.98956,6.08608
383.99770,42.55527
384.00584,7.41573
384.01399,12.52774
384.02213,37.49871
384.03027,12.00602
384.03841,5.62718
384.04655,43.56565
384.05470,31.32275
384.06284,1.57482
384.07098,1.16181
384.07912,10.83332
384.08727,3.37759
384.09541,16.84101
384.10355,17.98451
384.11169,6.17633
384.11984,27.10784
384.12798,15.83089
384.13612,0.95158
384.14426,9.84066
384.15240,2.02609
384.16055,2.89119
384.16869,8.76086
384.17683,4.75857
384.18497,30.71735
384.19312,3.62939
384.20126,13.92857
384.20940,3.22306
384.21754,15.58929
384.22568,3.12818
384.23383,9.78185
384.24197,1.04437
384.25011,1.94036
384.25825,0.47835
384.26640,3.03539
384.27454,4.11539
384.28268,6.22767
384.29082,1.40217
384.29897,8.02573
384.30711,4.68473
384.31525,11.05587
384.32339,6.19488
384.33153,4.66466
384.33968,6.16069
384.34782,0.92472
384.35596,2.28878
384.36410,14.35918
384.37225,5.04965
384.38039,1.36653
384.38853,2.27227
384.39667,2.58796
384.40481,8.33985
384.41296,0.90108
384.42110,3.11240
384.42924,1.74805
384.43738,0.58341
384.44553,1.07124
384.45367,2.11546
384.46181,1.21718
384.46995,1.83651
384.47810,0.43701
384.48624,1.30044
384.49438,9.01313
384.50252,3.23080
384.51066,2.58618
384.51881,5.46233
384.52695,6.00918
384.53509,1.55573
384.54323,1.09975
384.55138,0.71099
384.55952,2.31049
384.56766,8.74874
384.57580,9.72753
384.58394,1.71900
384.59209,1.27471
384.60023,0.59191
384.60837,1.30850
384.61651,0.30291
384.62466,1.30104
384.63280,1.74049
384.64094,3.32119
384.64908,0.25371
384.65722,1.14347
384.66537,0.30905
384.67351,4.17254
384.68165,3.76878
384.68979,0.96995
384.69794,0.15310
384.70608,4.45775
384.71422,0.97522
384.72236,1.19295
384.73051,7.26908
384.73865,1.72305
384.74679,0.29853
384.75493,1.28211
384.76307,2.29228
384.77122,1.33223
384.77936,1.59214
384.78750,0.33669
384.79564,2.46572
384.80379,0.57046
384.81193,0.11761
384.82007,0.35990
384.82821,1.85021
384.83635,0.27282
384.84450,2.08712
384.85264,1.64878
384.86078,0.22925
384.86892,0.26330
384.87707,2.71846
384.88521,2.53265
384.89335,1.67080
384.90149,0.94993
384.90964,0.13627
384.91778,0.67084
384.92592,1.11526
384.93406,1.35917
384.94220,1.06523
384.95035,1.27433
384.95849,0.16481
384.96663,2.09449
384.97477,2.46274
384.98292,1.48141
384.99106,4.74717
384.99920,0.11302
385.00734,0.02533
385.01548,0.83342
385.02363,3.14838
385.03177,0.21601
385.03991,1.03063
385.04805,1.16405
385.05620,0.50233
385.06434,0.37427
385.07248,0.56961
385.08062,2.55377
385.08876,1.57737
385.09691,0.06508
385.10505,0.50098
385.11319,2.72977
385.12133,0.34951
385.12948,0.68288
385.13762,1.34709
385.14576,1.04729
385.15390,4.15359
385.16205,0.30227
385.17019,0.55041
385.17833,2.88890
385.18647,0.22105
385.19461,0.73286
385.20276,0.64574
385.21090,1.38299
385.21904,1.46978
385.22718,1.17444
385.23533,0.45730
385.24347,0.07999
385.25161,2.83888
385.25975,4.33895
385.26789,0.20688
385.27604,0.50646
385.28418,0.60981
385.29232,1.52590
385.30046,0.08609
385.30861,1.46615
385.31675,0.04922
385.32489,1.52015
385.33303,2.19699
385.34118,0.80470
385.34932,0.81846
385.35746,2.92150
385.36560,1.60866
385.37374,3.81882
385.38189,0.40134
385.39003,1.67324
385.39817,0.17694
385.40631,2.03629
385.41446,2.83197
385.42260,5.19748
385.43074,0.62479
385.43888,1.07100
385.44702,2.56969
385.45517,0.22733
385.46331,4.41342
385.47145,0.15612
385.47959,0.59432
385.48774,0.29596
385.49588,0.01762
385.50402,2.99318
385.51216,0.54260
385.52030,0.59081
385.52845,0.65536
385.53659,0.75471
385.54473,0.90850
385.55287,0.94441
385.56102,0.55417
385.56916,0.82520
385.57730,1.02573
385.58544,0.95053
385.59359,0.11431
385.60173,1.40238
385.60987,0.44293
385.61801,0.59351
385.62615,0.01469
385.63430,1.63192
385.64244,0.66027
385.65058,0.37685
385.65872,2.04346
385.66687,0.40835
385.67501,1.79143
385.68315,1.99609
385.69129,0.22279
385.69943,1.86032
385.70758,0.73436
385.71572,1.86189
385.72386,1.27391
385.73200,1.42482
385.74015,0.20999
385.74829,1.97348
385.75643,1.98179
385.76457,0.17297
385.77272,0.04683
385.78086,0.88874
385.78900,0.90217
385.79714,2.54301
385.80528,1.13346
385.81343,0.50750
385.82157,0.03467
385.82971,1.55018
385.83785,0.26376
385.84600,0.38874
385.85414,0.26353
385.86228,0.56750
385.87042,0.59350
385.87856,0.67563
385.88671,0.15175
385.89485,0.94663
385.90299,6.46223
385.91113,4.30582
385.91928,0.21316
385.92742,0.07137
385.93556,3.11407
385.94370,0.73519
385.95185,2.19269
385.95999,0.50160
385.96813,1.91778
385.97627,1.39971
385.98441,1.45032
385.99256,0.14573
386.00070,0.00736
386.00884,0.03254
386.01698,0.95511
386.02513,0.33147
386.03327,0.14521
386.04141,0.75893
386.04955,0.59268
386.05769,3.15485
386.06584,0.99174
386.07398,3.07256
386.08212,0.82601
386.09026,1.12878
386.09841,0.21665
386.10655,0.07365
386.11469,0.91404
386.12283,3.17123
386.13097,0.50084
386.13912,1.70953
386.14726,2.60070
386.15540,0.58130
386.16354,0.60308
386.17169,0.72489
386.17983,0.54539
386.18797,0.33849
386.19611,1.29882
386.20426,1.33078
386.21240,0.65303
386.22054,0.67934
386.22868,1.73982
386.23682,0.02301
386.24497,0.09803
386.25311,0.88294
386.26125,1.95350
386.26939,2.24885
386.27754,0.54081
386.28568,0.99584
386.29382,1.93457
386.30196,2.01625
386.31010,1.00782
386.31825,0.57485
386.32639,1.54695
386.33453,0.44434
386.34267,0.42363
386.35082,1.13186
386.35896,0.58273
386.36710,0.37785
386.37524,0.90510
386.38339,0.02195
386.39153,0.81687
386.39967,0.86159
386.40781,1.91495
386.41595,0.33181
386.42410,0.68785
386.43224,1.50150
386.44038,0.52055
386.44852,0.32341
386.45667,0.79056
386.46481,1.23338
386.47295,0.83413
386.48109,2.41742
386.48923,2.97192
386.49738,2.85041
386.50552,1.22180
386.51366,3.03081
386.52180,2.94145
386.52995,1.58696
386.53809,3.90091
386.54623,3.15624
386.55437,3.09790
386.56251,1.03838
386.57066,1.32154
386.57880,1.25590
386.58694,0.21650
386.59508,0.60377
386.60323,0.00407
386.61137,0.00192
386.61951,0.51543
386.62765,1.27496
386.63580,0.77014
386.64394,0.84059
386.65208,0.21521
386.66022,1.64305
386.66836,0.21256
386.67651,0.88175
386.68465,1.72385
386.69279,0.95441
386.70093,0.72298
386.70908,0.38850
386.71722,0.64437
386.72536,0.26858
386.73350,1.60070
386.74164,1.19973
386.74979,2.31634
386.75793,0.26142
386.76607,1.31453
386.77421,0.36418
386.78236,0.04835
386.79050,1.54930
386.79864,1.10472
386.80678,0.15000
386.81493,1.07219
386.82307,4.07472
386.83121,0.58764
386.83935,0.28654
386.84749,0.34292
386.85564,0.16153
386.86378,0.07850
386.87192,1.25546
386.88006,0.24561
386.88821,0.31342
386.89635,2.09413
386.90449,4.28485
386.91263,0.71453
386.92077,0.09928
386.92892,3.66528
386.93706,2.74268
386.94520,0.86564
386.95334,0.13896
386.96149,1.97017
386.96963,0.18292
386.97777,0.00408
386.98591,0.39230
386.99406,0.40802
387.00220,0.09448
387.01034,0.64826
387.01848,0.17014
387.02662,0.95553
387.03477,0.00342
387.04291,1.40409
387.05105,2.42726
387.05919,0.79436
387.06734,1.07723
387.07548,1.00361
387.08362,0.81510
387.09176,2.49029
387.09990,1.12129
387.10805,0.23806
387.11619,0.27674
387.12433,0.45929
387.13247,0.78900
387.14062,0.89076
387.14876,0.65136
387.15690,0.42326
387.16504,0.08453
387.17318,0.77474
387.18133,1.12238
387.18947,0.08760
387.19761,0.09494
387.20575,0.50290
387.21390,0.20941
387.22204,0.04927
387.23018,0.20983
387.23832,0.26280
387.24647,1.61692
387.25461,0.12633
387.26275,2.91311
387.27089,0.73588
387.27903,0.48297
387.28718,1.19242
387.29532,0.39172
387.30346,1.12951
387.31160,0.73011
387.31975,0.14072
387.32789,0.23403
387.33603,0.32598
387.34417,2.23544
387.35231,0.18951
387.36046,0.72700
387.36860,0.77153
387.37674,2.58676
387.38488,1.19348
387.39303,0.18505
387.40117,2.70491
387.40931,0.01567
387.41745,0.19838
387.42560,0.84676
387.43374,0.91073
387.44188,0.72046
387.45002,0.62491
387.45816,0.58485
387.46631,0.58549
387.47445,1.05477
387.48259,0.00627
387.49073,2.27773
387.49888,0.48013
387.50702,0.06259
387.51516,1.01790
387.52330,0.54307
387.53144,0.72294
387.53959,0.53199
387.54773,1.61763
387.55587,0.18758
387.56401,0.14776
387.57216,1.18854
387.58030,0.42665
387.58844,0.73422
387.59658,2.25575
387.60472,0.24186
387.61287,0.53910
387.62101,1.68431
387.62915,0.97796
387.63729,0.73340
387.64544,0.72844
387.65358,1.43762
387.66172,3.64979
387.66986,0.77419
387.67801,0.05484
387.68615,2.14601
387.69429,3.37006
387.70243,0.12028
387.71057,0.07512
387.71872,1.31194
387.72686,0.00483
387.73500,0.52348
387.74314,0.14833
387.75129,0.16735
387.75943,1.95720
387.76757,0.15417
387.77571,1.58584
387.78385,0.13737
387.79200,1.85698
387.80014,2.69491
387.80828,0.23622
387.81642,0.42972
387.82457,0.67893
387.83271,0.43335
387.84085,0.53986
387.84899,0.98265
387.85714,0.05754
387.86528,0.29212
387.87342,0.06656
387.88156,0.62615
387.88970,1.19154
387.89785,0.33834
387.90599,0.15927
387.91413,1.68000
387.92227,0.39733
387.93042,0.66922
387.93856,1.85660
387.94670,2.89790
387.95484,1.41726
387.96298,0.86073
387.97113,0.08258
387.97927,2.28344
387.98741,0.45772
387.99555,1.72664
388.00370,0.84719
388.01184,0.08257
388.01998,0.32399
388.02812,0.62572
388.03626,1.15503
388.04441,0.82680
388.05255,1.73133
388.06069,0.43795
388.06883,0.47869
388.07698,0.45347
388.08512,0.27702
388.09326,1.02616
388.10140,3.26295
388.10955,0.67682
388.11769,0.16451
388.12583,1.99102
388.13397,7.05567
388.14211,0.64011
388.15026,0.51376
388.15840,0.58976
388.16654,0.31073
388.17468,1.48236
388.18283,1.96850
388.19097,0.69010
388.19911,0.02522
388.20725,0.12366
388.21539,1.36654
388.22354,0.72893
388.23168,1.36741
388.23982,0.34437
388.24796,0.46199
388.25611,1.70151
388.26425,5.29164
388.27239,1.80491
388.28053,1.68189
388.28868,0.73025
388.29682,0.09849
388.30496,0.32342
388.31310,0.19033
388.32124,1.07552
388.32939,0.28931
388.33753,2.66097
388.34567,0.13211
388.35381,0.84265
388.36196,1.01275
388.37010,2.24813
388.37824,0.46711
388.38638,0.19248
388.39452,0.31052
388.40267,1.13398
388.41081,1.42427
388.41895,3.49393
388.42709,1.02833
388.43524,1.94597
388.44338,1.12840
388.45152,0.10487
388.45966,0.52556
388.46781,0.36930
388.47595,0.83786
388.48409,0.18812
388.49223,0.28072
388.50037,0.37271
388.50852,0.16143
388.51666,1.77370
388.52480,0.80400
388.53294,0.03452
388.54109,0.37918
388.54923,1.06162
388.55737,0.13795
388.56551,0.67377
388.57365,0.12289
388.58180,0.22821
388.58994,0.00524
388.59808,1.37289
388.60622,1.22782
388.61437,0.02879
388.62251,0.37872
388.63065,0.14849
388.63879,0.51812
388.64693,3.35671
388.65508,0.43380
388.66322,0.22021
388.67136,0.32616
388.67950,0.31420
388.68765,1.09648
388.69579,0.63114
388.70393,0.32199
388.71207,0.22050
388.72022,0.83203
388.72836,0.98477
388.73650,0.59994
388.74464,4.84334
388.75278,0.50715
388.76093,0.35177
388.76907,0.10387
388.77721,2.59718
388.78535,1.26757
388.79350,0.01475
388.80164,1.35249
388.80978,0.51386
388.81792,3.07625
388.82606,0.93737
388.83421,1.81227
388.84235,0.61784
388.85049,8.11878
388.85863,0.13217
388.86678,0.52963
388.87492,2.41931
388.88306,0.02082
388.89120,0.20886
388.89935,1.60076
388.90749,1.01578
388.91563,0.96329
388.92377,1.15848
388.93191,1.97938
388.94006,0.61073
388.94820,0.39282
388.95634,0.18404
388.96448,0.64138
388.97263,0.87304
388.98077,0.47866
388.98891,1.23182
388.99705,0.38073
389.00519,0.37589
389.01334,0.68100
389.02148,0.86156
389.02962,1.16901
389.03776,0.04222
389.04591,0.45555
389.05405,2.93538
389.06219,4.10183
389.07033,1.11129
389.07847,0.91125
389.08662,1.31877
389.09476,2.16571
389.10290,0.47560
389.11104,0.15769
389.11919,0.34450
389.12733,0.65060
389.13547,1.04804
389.14361,0.06227
389.15176,1.15796
389.15990,0.49060
389.16804,0.18250
389.17618,2.93736
389.18432,0.73968
389.19247,0.48525
389.20061,0.19068
389.20875,1.32009
389.21689,8.40126
389.22504,2.94143
389.23318,1.44448
389.24132,0.28840
389.24946,9.06554
389.25760,5.76843
389.26575,0.43989
389.27389,2.31618
389.28203,1.67341
389.29017,1.55042
389.29832,5.60331
389.30646,8.93708
389.31460,7.40838
389.32274,14.90180
389.33089,5.13467
389.33903,1.85848
389.34717,3.79534
389.35531,6.31967
389.36345,1.87297
389.37160,1.82475
389.37974,0.69290
389.38788,5.00783
389.39602,0.62846
389.40417,2.58731
389.41231,3.47473
389.42045,0.20430
389.42859,1.34997
389.43673,2.57412
389.44488,1.44313
389.45302,2.72405
389.46116,1.13141
389.46930,0.59649
389.47745,0.08035
389.48559,1.95933
389.49373,3.73133
389.50187,0.76918
389.51002,4.40745
389.51816,0.33404
389.52630,1.42179
389.53444,1.25557
389.54258,1.90382
389.55073,0.56437
389.55887,0.70847
389.56701,1.81990
389.57515,7.47195
389.58330,2.06662
389.59144,2.35635
389.59958,3.68359
389.60772,0.48605
389.61586,2.25183
389.62401,0.59489
389.63215,0.29151
389.64029,2.62336
389.64843,0.57553
389.65658,2.06712
389.66472,0.03062
389.67286,1.17331
389.68100,8.72812
389.68914,1.08057
389.69729,7.48466
389.70543,0.90462
389.71357,15.63078
389.72171,17.90069
389.72986,0.08234
389.73800,5.64641
389.74614,4.39483
389.75428,0.78299
389.76243,16.13901
389.77057,0.10785
389.77871,6.34497
389.78685,2.20199
389.79499,6.00444
389.80314,9.52919
389.81128,7.23088
389.81942,3.91166
389.82756,0.43307
389.83571,0.08540
389.84385,0.23729
389.85199,4.84864
389.86013,1.41989
389.86827,6.16249
389.87642,0.62000
389.88456,0.62513
389.89270,8.21163
389.90084,0.74225
389.90899,6.55099
389.91713,1.80233
389.92527,0.21254
389.93341,0.56759
389.94156,3.38045
389.94970,0.54344
389.95784,2.13074
389.96598,1.38358
389.97412,0.36735
389.98227,0.88568
389.99041,6.86550
389.99855,0.44517
390.00669,0.18999
390.01484,0.72310
390.02298,3.36430
390.03112,5.17892
390.03926,1.71168
390.04740,0.62809
390.05555,3.32359
390.06369,2.29096
390.07183,0.78666
390.07997,0.10732
390.08812,1.01712
390.09626,0.97741
390.10440,1.62698
390.11254,2.74763
390.12068,5.06705
390.12883,0.98887
390.13697,2.25728
390.14511,1.68287
390.15325,5.15317
390.16140,2.50035
390.16954,6.23931
390.17768,1.82919
390.18582,1.74781
390.19397,21.55411
390.20211,10.04869
390.21025,1.65268
390.21839,1.51404
390.22653,2.47048
390.23468,1.61342
390.24282,8.24567
390.25096,1.71782
390.25910,4.77474
390.26725,1.14340
390.27539,0.97895
390.28353,3.18464
390.29167,4.91687
390.29981,2.72316
390.30796,3.86625
390.31610,0.74382
390.32424,2.54267
390.33238,0.84247
390.34053,0.16337
390.34867,0.65453
390.35681,0.80311
390.36495,3.51521
390.37310,0.08554
390.38124,0.12345
390.38938,0.52781
390.39752,3.12814
390.40566,0.09653
390.41381,0.47519
390.42195,2.95515
390.43009,0.53220
390.43823,1.87037
390.44638,2.03813
390.45452,6.57583
390.46266,1.85528
390.47080,2.22516
390.47894,2.00706
390.48709,1.13068
390.49523,0.22656
390.50337,0.04167
390.51151,4.51852
390.51966,1.06238
390.52780,5.41302
390.53594,2.00297
390.54408,0.83397
390.55222,1.09345
390.56037,1.02220
390.56851,0.60732
390.57665,1.15902
390.58479,0.88132
390.59294,1.50781
390.60108,3.18874
390.60922,0.51551
390.61736,0.06353
390.62551,2.48579
390.63365,5.52941
390.64179,2.20265
390.64993,0.28237
390.65807,1.03120
390.66622,0.24236
390.67436,0.57746
390.68250,1.92305
390.69064,0.67682
390.69879,1.05180
390.70693,1.90490
390.71507,0.76368
390.72321,0.39347
390.73135,1.10898
390.73950,3.88509
390.74764,0.41349
390.75578,0.00333
390.76392,2.38690
390.77207,0.06934
390.78021,2.11279
390.78835,0.22503
390.79649,0.45831
390.80464,1.43927
390.81278,1.84629
390.82092,0.06361
390.82906,0.25357
390.83720,0.22900
390.84535,1.64712
390.85349,0.82458
390.86163,0.95653
390.86977,0.25083
390.87792,0.20509
390.88606,0.91966
390.89420,0.31828
390.90234,0.09127
390.91048,0.20659
390.91863,0.11352
390.92677,0.70505
390.93491,4.76471
390.94305,3.98602
390.95120,1.50724
390.95934,1.22468
390.96748,0.67270
390.97562,0.00136
390.98377,1.06916
390.99191,0.76318
391.00005,0.32940
391.00819,3.08235
391.01633,0.16276
391.02448,0.87611
391.03262,1.10951
391.04076,2.10177
391.04890,0.99787
391.05705,0.69100
391.06519,0.83649
391.07333,0.24839
391.08147,0.94121
391.08961,0.66698
391.09776,1.53367
391.10590,0.53121
391.11404,0.76166
391.12218,0.65832
391.13033,0.13855
391.13847,2.89293
391.14661,0.11247
391.15475,0.99274
391.16289,0.48120
391.17104,1.06531
391.17918,1.14463
391.18732,0.67899
391.19546,0.38635
391.20361,0.13137
391.21175,0.18920
391.21989,0.77354
391.22803,1.08302
391.23618,0.94936
391.24432,0.69881
391.25246,0.20092
391.26060,2.12846
391.26874,0.20688
391.27689,0.36132
391.28503,1.23267
391.29317,1.02570
391.30131,0.80171
391.30946,0.66014
391.31760,1.25047
391.32574,2.32746
391.33388,0.78143
391.34202,0.84033
391.35017,0.37897
391.35831,1.27733
391.36645,0.51139
391.37459,0.02203
391.38274,0.85995
391.39088,0.06738
391.39902,1.11366
391.40716,2.00560
391.41531,0.67509
391.42345,0.08186
391.43159,0.35392
391.43973,1.11128
391.44787,0.94681
391.45602,0.35394
391.46416,2.79244
391.47230,0.91990
391.48044,0.26307
391.48859,0.50393
391.49673,0.32842
391.50487,0.68932
391.51301,1.95706
391.52115,1.06775
391.52930,0.18273
391.53744,0.06655
391.54558,0.89689
391.55372,0.38191
391.56187,0.31829
391.57001,2.21625
391.57815,0.81626
391.58629,2.62877
391.59443,0.17104
391.60258,0.11736
391.61072,0.95905
391.61886,0.16635
391.62700,0.28478
391.63515,1.91668
391.64329,0.34963
391.65143,3.17424
391.65957,0.21456
391.66772,0.18295
391.67586,0.34253
391.68400,0.60135
391.69214,0.22872
391.70028,2.74418
391.70843,0.94274
391.71657,0.97005
391.72471,1.45730
391.73285,0.85155
391.74100,0.28158
391.74914,1.66999
391.75728,0.55014
391.76542,0.28906
391.77356,0.39610
391.78171,0.03350
391.78985,1.37989
391.79799,0.56337
391.80613,0.89086
391.81428,1.23048
391.82242,1.25113
391.83056,0.69412
391.83870,1.40895
391.84685,0.25181
391.85499,1.03925
391.86313,2.74414
391.87127,1.31732
391.87941,0.40770
391.88756,0.20735
391.89570,1.91796
391.90384,2.76985
391.91198,0.54167
391.92013,0.50454
391.92827,0.82025
391.93641,0.87165
391.94455,0.42286
391.95269,1.62334
391.96084,0.04195
391.96898,2.43162
391.97712,0.35555
391.98526,0.37700
391.99341,0.19838
392.00155,1.18513
392.00969,0.86755
392.01783,0.58142
392.02598,0.82076
392.03412,1.15107
392.04226,0.70358
392.05040,1.21936
392.05854,1.40763
392.06669,1.16906
392.07483,0.68725
392.08297,0.38290
392.09111,0.17384
392.09926,0.63554
392.10740,2.50105
392.11554,0.48753
392.12368,0.62210
392.13182,0.02120
392.13997,1.03130
392.14811,0.15022
392.15625,1.04910
392.16439,0.10690
392.17254,3.00924
392.18068,0.55437
392.18882,0.09631
392.19696,2.37328
392.20510,3.29025
392.21325,0.53612
392.22139,0.50915
392.22953,3.43622
392.23767,0.91589
392.24582,0.94850
392.25396,0.09615
392.26210,0.26697
392.27024,0.28789
392.27839,2.49740
392.28653,1.11544
392.29467,4.04504
392.30281,2.07890
392.31095,1.15361
392.31910,0.86908
392.32724,0.84520
392.33538,0.13259
392.34352,1.11672
392.35167,0.49595
392.35981,0.82669
392.36795,3.35516
392.37609,0.19664
392.38423,0.09986
392.39238,0.30325
392.40052,0.91861
392.40866,0.30023
392.41680,0.26067
392.42495,0.64289
392.43309,0.00780
392.44123,1.52036
392.44937,2.23608
392.45752,1.50974
392.46566,3.06962
392.47380,0.31092
392.48194,0.49213
392.49008,0.78077
392.49823,5.31084
392.50637,1.75196
392.51451,0.90674
392.52265,1.25242
392.53080,0.46004
392.53894,1.10733
392.54708,5.22908
392.55522,0.99198
392.56336,3.89018
392.57151,0.17391
392.57965,0.41374
392.58779,2.48070
392.59593,1.52244
392.60408,3.23707
392.61222,1.32484
392.62036,0.65870
392.62850,2.32948
392.63664,2.39171
392.64479,0.55705
392.65293,0.35581
392.66107,0.63626
392.66921,0.97152
392.67736,1.59184
392.68550,0.07727
392.69364,1.63863
392.70178,0.45583
392.70993,1.28080
392.71807,0.18247
392.72621,1.06352
392.73435,1.83859
392.74249,1.27675
392.75064,3.08727
392.75878,1.59366
392.76692,1.43543
392.77506,1.26890
392.78321,0.31657
392.79135,0.27124
392.79949,0.09611
392.80763,0.41117
392.81577,0.48407
392.82392,0.30660
392.83206,0.09163
392.84020,0.08811
392.84834,0.23341
392.85649,1.47998
392.86463,0.55676
392.87277,0.61960
392.88091,1.27789
392.88906,0.93406
392.89720,0.40503
392.90534,0.10739
392.91348,0.46820
392.92162,1.23624
392.92977,0.00552
392.93791,0.36998
392.94605,2.08889
392.95419,0.32019
392.96234,2.06524
392.97048,0.13451
392.97862,0.08799
392.98676,0.18286
392.99490,2.06747
393.00305,0.22289
393.01119,0.39232
393.01933,0.03677
393.02747,7.44934
393.03562,5.70604
393.04376,0.13812
393.05190,1.54481
393.06004,0.22437
393.06818,0.98169
393.07633,2.01112
393.08447,8.82417
393.09261,0.71601
393.10075,0.03076
393.10890,1.88079
393.11704,0.81037
393.12518,1.78270
393.13332,2.54521
393.14147,0.09879
393.14961,2.49516
393.15775,4.27118
393.16589,1.31497
393.17403,2.30772
393.18218,0.04281
393.19032,9.29474
393.19846,2.00492
393.20660,1.43955
393.21475,10.13798
393.22289,3.18932
393.23103,5.69091
393.23917,1.21652
393.24731,1.88800
393.25546,2.07738
393.26360,2.08032
393.27174,0.24983
393.27988,1.67660
393.28803,8.38342
393.29617,6.44159
393.30431,0.13154
393.31245,3.27265
393.32060,7.17984
393.32874,3.40297
393.33688,0.77331
393.34502,6.35646
393.35316,0.98138
393.36131,4.05342
393.36945,0.55569
393.37759,6.24151
393.38573,3.30421
393.39388,1.90810
393.40202,0.49411
393.41016,1.57761
393.41830,2.01075
393.42644,1.59543
393.43459,1.53771
393.44273,2.44292
393.45087,1.36207
393.45901,2.58403
393.46716,1.40342
393.47530,1.93007
393.48344,0.86758
393.49158,3.61354
393.49973,1.96846
393.50787,1.24770
393.51601,0.34713
393.52415,0.49675
393.53229,0.24967
393.54044,0.24928
393.54858,0.45140
393.55672,0.28792
393.56486,0.81377
393.57301,0.42941
393.58115,0.53696
393.58929,0.94341
393.59743,0.29803
393.60557,2.90449
393.61372,2.48101
393.62186,0.45771
393.63000,0.01605
393.63814,0.42969
393.64629,0.38043
393.65443,3.04431
393.66257,2.18156
393.67071,0.85834
393.67885,0.38558
393.68700,1.11934
393.69514,2.70856
393.70328,1.40827
393.71142,0.15284
393.71957,0.12597
393.72771,4.19966
393.73585,1.93280
393.74399,2.16870
393.75214,1.59552
393.76028,0.54940
393.76842,1.31901
393.77656,0.24102
393.78470,0.53173
393.79285,1.85308
393.80099,0.37540
393.80913,0.61853
393.81727,0.36718
393.82542,0.72848
393.83356,0.54512
393.84170,2.61277
393.84984,4.68302
393.85798,0.26660
393.86613,5.39037
393.87427,0.31406
393.88241,5.45571
393.89055,1.74500
393.89870,1.31489
393.90684,0.65584
393.91498,3.22972
393.92312,2.21048
393.93127,2.02778
393.93941,10.06244
393.94755,3.10350
393.95569,1.86144
393.96383,1.49551
393.97198,3.34001
393.98012,1.97962
393.98826,4.85711
393.99640,3.17975
394.00455,5.30882
394.01269,3.88998
394.02083,4.10549
394.02897,4.81718
394.03711,6.65395
394.04526,1.31430
394.05340,0.80006
394.06154,0.49751
394.06968,2.67188
394.07783,1.65976
394.08597,2.37151
394.09411,5.80057
394.10225,14.40035
394.11039,4.17267
394.11854,11.99545
394.12668,1.18838
394.13482,0.48847
394.14296,3.07779
394.15111,0.32310
394.15925,3.05534
394.16739,14.28070
394.17553,6.66799
394.18368,3.56868
394.19182,1.54134
394.19996,1.02489
394.20810,2.41535
394.21624,3.36078
394.22439,4.90376
394.23253,1.28782
394.24067,5.12385
394.24881,0.63925
394.25696,9.37569
394.26510,17.41912
394.27324,0.98014
394.28138,4.26787
394.28952,5.13576
394.29767,5.10377
394.30581,2.92385
394.31395,2.38985
394.32209,0.47239
394.33024,0.38137
394.33838,4.76314
394.34652,3.97599
394.35466,0.55623
394.36281,4.25403
394.37095,0.35174
394.37909,1.94547
394.38723,3.77813
394.39537,2.83595
394.40352,0.26902
394.41166,1.25803
394.41980,1.91827
394.42794,9.49072
394.43609,8.39789
394.44423,2.07790
394.45237,2.33333
394.46051,7.64668
394.46865,0.64530
394.47680,2.77559
394.48494,6.17833
394.49308,10.90702
394.50122,1.08341
394.50937,5.13708
394.51751,1.20967
394.52565,10.10908
394.53379,3.54517
394.54194,3.32178
394.55008,4.62641
394.55822,0.30320
394.56636,0.77749
394.57450,8.52273
394.58265,2.87358
394.59079,1.27079
394.59893,4.62979
394.60707,4.01776
394.61522,0.76092
394.62336,7.18190
394.63150,9.57597
394.63964,3.31103
394.64778,0.68382
394.65593,0.06175
394.66407,10.92231
394.67221,2.48883
394.68035,0.82763
394.68850,5.62347
394.69664,4.96688
394.70478,2.03779
394.71292,5.71235
394.72106,2.48001
394.72921,4.66591
394.73735,0.94203
394.74549,0.53070
394.75363,8.94849
394.76178,4.15268
394.76992,1.55464
394.77806,3.04264
394.78620,1.83430
394.79435,4.04306
394.80249,1.34178
394.81063,2.19600
394.81877,2.56210
394.82691,1.54907
394.83506,1.06823
394.84320,6.02369
394.85134,0.63823
394.85948,3.44111
394.86763,0.34900
394.87577,0.99481
394.88391,5.28654
394.89205,0.35579
394.90019,0.25908
394.90834,2.50031
394.91648,1.89309
394.92462,0.02073
394.93276,1.68701
394.94091,0.29831
394.94905,3.18536
394.95719,2.27521
394.96533,0.09842
394.97348,0.26430
394.98162,3.55315
394.98976,2.81163
394.99790,1.95336
395.00604,0.52676
395.01419,1.39460
395.02233,4.31528
395.03047,1.48096
395.03861,1.37272
395.04676,2.04297
395.05490,1.70163
395.06304,0.62417
395.07118,2.53096
395.07932,0.75802
395.08747,0.25159
395.09561,0.72520
395.10375,0.78760
395.11189,0.28030
395.12004,2.26593
395.12818,5.97913
395.13632,1.68753
395.14446,0.97203
395.15260,2.12818
395.16075,4.33594
395.16889,1.86116
395.17703,0.59495
395.18517,2.07025
395.19332,0.25902
395.20146,2.72497
395.20960,1.86134
395.21774,0.30715
395.22589,2.54292
395.23403,0.11957
395.24217,2.70860
395.25031,0.32950
395.25845,0.61988
395.26660,1.22738
395.27474,0.23207
395.28288,0.36767
395.29102,0.98589
395.29917,2.16687
395.30731,0.18700
395.31545,1.15201
395.32359,0.06912
395.33173,1.62189
395.33988,0.32595
395.34802,0.67144
395.35616,4.36783
395.36430,1.17830
395.37245,0.02068
395.38059,2.17819
395.38873,2.70681
395.39687,0.37026
395.40502,5.88983
395.41316,2.27746
395.42130,1.69762
395.42944,6.07107
395.43758,0.15975
395.44573,0.83686
395.45387,0.19941
395.46201,1.62753
395.47015,1.60960
395.47830,0.43696
395.48644,2.14161
395.49458,5.42974
395.50272,1.50794
395.51086,0.40196
395.51901,1.88197
395.52715,0.45063
395.53529,1.75735
395.54343,5.57405
395.55158,1.02249
395.55972,2.48433
395.56786,3.04281
395.57600,0.11587
395.58414,1.50251
395.59229,0.23174
395.60043,0.75635
395.60857,1.85859
395.61671,1.71397
395.62486,2.09310
395.63300,2.80451
395.64114,0.96427
395.64928,4.07996
395.65743,2.31619
395.66557,4.67428
395.67371,1.52720
395.68185,2.03883
395.68999,0.04657
395.69814,2.05308
395.70628,5.80825
395.71442,0.14298
395.72256,0.81359
395.73071,2.78670
395.73885,2.10637
395.74699,0.07125
395.75513,3.85186
395.76327,4.23208
395.77142,6.29300
395.77956,9.58108
395.78770,1.21321
395.79584,2.82639
395.80399,0.24303
395.81213,0.86385
395.82027,5.33980
395.82841,0.63538
395.83656,1.77561
395.84470,0.04888
395.85284,5.00029
395.86098,3.79467
395.86912,0.19725
395.87727,0.17929
395.88541,2.11512
395.89355,2.30485
395.90169,1.98802
395.90984,1.43275
395.91798,0.71055
395.92612,1.16347
395.93426,3.58609
395.94240,2.77014
395.95055,2.26879
395.95869,0.58002
395.96683,2.64902
395.97497,1.74912
395.98312,0.49665
395.99126,0.40886
395.99940,0.63798
396.00754,0.79268
396.01569,0.67653
396.02383,13.55319
396.03197,5.19405
396.04011,4.31256
396.04825,0.04528
396.05640,17.50270
396.06454,1.64067
396.07268,1.71208
396.08082,3.47168
396.08897,8.08560
396.09711,3.93261
396.10525,1.17489
396.11339,0.84234
396.12153,5.19174
396.12968,2.16023
396.13782,0.12352
396.14596,1.56041
396.15410,10.17346
396.16225,1.33993
396.17039,0.47639
396.17853,4.29673
396.18667,1.10053
396.19481,1.81529
396.20296,2.89770
396.21110,0.76808
396.21924,1.89823
396.22738,3.37949
396.23553,15.60458
396.24367,6.22886
396.25181,16.49885
396.25995,3.10297
396.26810,11.03572
396.27624,17.65523
396.28438,5.94883
396.29252,3.38556
396.30066,19.01822
396.30881,6.58844
396.31695,1.20787
396.32509,3.89942
396.33323,0.03080
396.34138,2.30369
396.34952,4.33734
396.35766,13.85546
396.36580,6.29412
396.37394,1.76673
396.38209,3.45030
396.39023,8.66755
396.39837,5.06829
396.40651,2.85967
396.41466,1.36026
396.42280,0.54047
396.43094,2.02653
396.43908,3.78628
396.44723,5.59061
396.45537,5.48316
396.46351,2.11597
396.47165,3.68877
396.47979,5.83159
396.48794,0.49335
396.49608,0.38289
396.50422,1.71315
396.51236,2.58772
396.52051,2.74683
396.52865,1.89887
396.53679,0.89398
396.54493,1.03384
396.55307,6.94539
396.56122,1.47833
396.56936,0.44799
396.57750,0.93861
396.58564,3.69911
396.59379,0.87651
396.60193,10.89524
396.61007,0.44412
396.61821,1.00671
396.62635,2.39281
396.63450,0.30542
396.64264,10.82744
396.65078,13.42620
396.65892,0.76497
396.66707,13.22697
396.67521,3.26344
396.68335,0.45706
396.69149,7.54196
396.69964,6.52914
396.70778,0.20536
396.71592,4.01255
396.72406,1.16182
396.73220,1.54892
396.74035,0.16296
396.74849,2.02182
396.75663,5.40574
396.76477,4.64709
396.77292,0.99908
396.78106,1.44227
396.78920,2.40202
396.79734,1.33042
396.80548,0.89957
396.81363,5.14995
396.82177,0.01601
396.82991,5.97777
396.83805,0.94035
396.84620,4.47701
396.85434,1.26471
396.86248,0.49247
396.87062,6.78657
396.87877,0.09779
396.88691,0.45110
396.89505,0.37880
396.90319,6.14638
396.91133,1.88245
396.91948,0.40686
396.92762,0.78519
396.93576,3.22000
396.94390,4.09335
396.95205,0.83703
396.96019,0.37965
396.96833,3.15299
396.97647,3.13658
396.98461,1.69283
396.99276,2.45187
397.00090,0.09987
397.00904,0.75913
397.01718,9.06949
397.02533,4.41623
397.03347,1.70607
397.04161,2.73200
397.04975,1.06714
397.05790,0.28302
397.06604,6.82636
397.07418,2.64810
397.08232,0.72210
397.09046,3.81697
397.09861,1.65516
397.10675,2.57480
397.11489,2.52644
397.12303,0.64992
397.13118,0.28841
397.13932,0.05063
397.14746,3.80095
397.15560,0.16752
397.16374,2.38760
397.17189,0.23006
397.18003,0.38674
397.18817,0.29210
397.19631,3.65136
397.20446,3.16622
397.21260,0.62251
397.22074,0.14801
397.22888,1.37471
397.23702,1.51929
397.24517,3.99440
397.25331,0.95256
397.26145,1.98259
397.26959,0.66034
397.27774,0.11574
397.28588,1.43431
397.29402,0.39956
397.30216,0.73422
397.31031,2.31897
397.31845,0.61078
397.32659,0.05635
397.33473,4.78805
397.34287,0.79424
397.35102,1.24759
397.35916,1.43182
397.36730,2.25839
397.37544,1.08685
397.38359,1.55858
397.39173,0.77784
397.39987,2.17274
397.40801,1.56274
397.41615,2.14087
397.42430,0.40827
397.43244,0.59385
397.44058,2.13667
397.44872,1.08776
397.45687,3.00835
397.46501,0.50405
397.47315,2.60653
397.48129,0.93381
397.48944,2.39062
397.49758,0.03153
397.50572,0.68907
397.51386,0.17617
397.52200,0.28428
397.53015,0.27629
397.53829,1.38932
397.54643,0.80032
397.55457,0.15029
397.56272,0.04339
397.57086,0.34344
397.57900,0.42863
397.58714,1.40973
397.59528,2.34632
397.60343,0.55870
397.61157,2.24989
397.61971,1.68562
397.62785,0.74938
397.63600,2.91902
397.64414,4.00161
397.65228,0.10405
397.66042,2.44724
397.66856,1.39198
397.67671,0.26905
397.68485,0.70740
397.69299,0.23538
397.70113,0.30833
397.70928,0.42889
397.71742,1.26896
397.72556,0.16602
397.73370,0.42057
397.74185,0.99835
397.74999,0.18436
397.75813,4.56227
397.76627,6.21223
397.77441,0.64376
397.78256,1.33667
397.79070,2.57170
397.79884,0.56319
397.80698,0.09832
397.81513,0.08462
397.82327,0.22814
397.83141,1.06862
397.83955,1.47990
397.84769,0.92248
397.85584,0.06724
397.86398,1.08253
397.87212,0.59716
397.88026,0.58676
397.88841,0.41597
397.89655,0.95243
397.90469,0.11045
397.91283,0.29829
397.92098,0.34433
397.92912,1.20401
397.93726,0.76779
397.94540,0.70653
397.95354,2.54624
397.96169,1.17732
397.96983,0.29315
397.97797,1.00344
397.98611,1.33076
397.99426,0.47869
398.00240,0.44809
398.01054,2.27528
398.01868,0.49522
398.02682,0.38524
398.03497,0.45915
398.04311,0.35679
398.05125,0.48823
398.05939,1.82981
398.06754,2.16952
398.07568,1.09469
398.08382,0.34021
398.09196,0.45205
398.10010,0.07060
398.10825,0.06158
398.11639,0.26904
398.12453,1.48822
398.13267,0.27131
398.14082,0.55768
398.14896,1.03930
398.15710,2.14705
398.16524,1.01019
398.17339,0.97135
398.18153,1.83118
398.18967,0.15522
398.19781,2.19044
398.20595,0.84341
398.21410,5.00153
398.22224,2.43011
398.23038,0.25073
398.23852,1.67020
398.24667,0.46454
398.25481,2.55903
398.26295,4.00312
398.27109,0.95157
398.27923,0.39202
398.28738,0.58568
398.29552,0.32774
398.30366,2.13600
398.31180,1.51589
398.31995,0.55268
398.32809,0.15349
398.33623,0.40117
398.34437,1.26448
398.35252,1.34710
398.36066,0.94137
398.36880,0.57369
398.37694,1.14742
398.38508,1.40261
398.39323,1.30828
398.40137,0.27490
398.40951,1.37030
398.41765,0.86562
398.42580,0.73195
398.43394,1.24117
398.44208,2.80601
398.45022,0.96888
398.45836,0.23149
398.46651,1.30498
398.47465,0.55120
398.48279,7.15989
398.49093,2.08277
398.49908,2.93336
398.50722,0.62607
398.51536,1.33483
398.52350,1.79509
398.53165,0.21130
398.53979,0.40743
398.54793,0.82271
398.55607,0.01884
398.56421,1.15734
398.57236,0.44462
398.58050,5.09191
398.58864,1.54285
398.59678,0.08783
398.60493,0.63709
398.61307,0.00428
398.62121,0.17144
398.62935,2.43014
398.63749,0.59330
398.64564,3.38966
398.65378,0.75748
398.66192,1.99343
398.67006,0.16972
398.67821,1.05622
398.68635,3.20408
398.69449,1.72337
398.70263,2.28269
398.71077,1.76037
398.71892,0.34531
398.72706,1.89754
398.73520,3.49821
398.74334,3.26475
398.75149,0.60026
398.75963,0.70579
398.76777,0.29699
398.77591,0.37402
398.78406,1.25263
398.79220,0.57117
398.80034,0.96780
398.80848,1.26931
398.81662,0.32581
398.82477,0.16441
398.83291,0.27367
398.84105,0.35412
398.84919,5.46024
398.85734,3.44493
398.86548,0.78312
398.87362,1.83216
398.88176,0.13872
398.88990,1.63953
398.89805,3.41854
398.90619,0.16917
398.91433,3.68328
398.92247,1.97636
398.93062,0.87011
398.93876,5.49329
398.94690,1.23184
398.95504,0.91067
398.96319,0.02312
398.97133,0.34987
398.97947,0.15698
398.98761,1.55568
398.99575,2.11197
399.00390,0.43859
399.01204,2.18190
399.02018,0.72135
399.02832,0.65206
399.03647,1.36581
399.04461,0.53464
399.05275,3.98511
399.06089,1.94177
399.06903,0.44288
399.07718,0.49853
399.08532,2.14993
399.09346,2.10959
399.10160,0.90665
399.10975,0.48824
399.11789,1.56675
399.12603,0.02957
399.13417,0.07319
399.14231,1.61420
399.15046,0.09617
399.15860,1.18289
399.16674,1.94732
399.17488,0.94212
399.18303,2.35149
399.19117,0.34257
399.19931,0.69916
399.20745,0.02335
399.21560,0.99085
399.22374,0.28274
399.23188,0.45818
399.24002,3.33108
399.24816,1.01298
399.25631,0.78256
399.26445,0.38132
399.27259,2.93685
399.28073,0.48216
399.28888,0.09732
399.29702,0.13805
399.30516,0.91297
399.31330,0.55440
399.32144,0.08920
399.32959,1.21817
399.33773,4.29497
399.34587,1.51968
399.35401,1.18546
399.36216,2.79747
399.37030,0.62497
399.37844,0.15842
399.38658,0.03538
399.39473,0.99601
399.40287,0.49783
399.41101,2.50395
399.41915,0.84314
399.42729,0.22191
399.43544,2.08522
399.44358,0.32205
399.45172,0.13200
399.45986,0.25608
399.46801,1.87195
399.47615,0.26818
399.48429,0.35053
399.49243,1.96448
399.50057,1.25126
399.50872,0.71423
399.51686,1.56400
399.52500,2.08741
399.53314,1.77573
399.54129,4.16113
399.54943,0.20719
399.55757,0.80779
399.56571,1.13094
399.57386,0.79805
399.58200,1.50277
399.59014,2.08901
399.59828,5.34277
399.60642,0.44187
399.61457,0.23125
399.62271,1.02027
399.63085,0.22770
399.63899,0.63410
399.64714,0.82386
399.65528,1.84647
399.66342,1.04539
399.67156,0.42850
399.67970,1.60018
399.68785,0.47415
399.69599,0.07058
399.70413,1.21957
399.71227,0.09671
399.72042,0.90966
399.72856,2.46018
399.73670,2.68699
399.74484,4.51221
399.75298,0.05102
399.76113,0.36767
399.76927,0.30121
399.77741,1.08952
399.78555,1.82696
399.79370,1.65354
399.80184,1.75367
399.80998,1.47767
399.81812,1.37661
399.82627,0.93590
399.83441,1.66260
399.84255,3.04163
399.85069,0.68871
399.85883,0.90364
399.86698,0.33318
399.87512,0.17742
399.88326,0.38930
399.89140,0.73362
399.89955,1.10886
399.90769,0.83333
399.91583,1.21449
399.92397,1.37441
399.93211,3.98041
399.94026,2.02850
399.94840,0.18482
399.95654,0.85486
399.96468,1.06616
399.97283,4.66980
399.98097,0.01458
399.98911,0.09536
399.99725,0.31575
400.00540,0.04065
400.01354,0.00101
400.02168,0.58810
400.02982,2.29662
400.03796,0.73935
400.04611,0.03530
400.05425,0.46877
400.06239,1.33466
400.07053,1.39377
400.07868,0.83121
400.08682,0.12804
400.09496,3.81302
400.10310,0.65519
400.11124,1.71037
400.11939,3.03005
400.12753,1.38869
400.13567,0.41992
400.14381,0.39220
400.15196,0.30510
400.16010,4.54406
400.16824,0.90388
400.17638,0.15981
400.18452,1.11110
400.19267,0.60111
400.20081,1.21085
400.20895,0.11484
400.21709,0.00327
400.22524,0.31497
400.23338,0.62327
400.24152,0.20446
400.24966,0.57148
400.25781,1.53529
400.26595,3.04939
400.27409,0.02156
400.28223,0.57237
400.29037,2.96288
400.29852,1.83197
400.30666,0.25081
400.31480,3.73803
400.32294,0.45199
400.33109,0.25417
400.33923,0.44159
400.34737,1.91571
400.35551,1.12161
400.36365,0.85578
400.37180,1.25981
400.37994,1.26576
400.38808,0.58521
400.39622,0.72150
400.40437,0.17615
400.41251,0.29092
400.42065,1.41216
400.42879,0.23309
400.43694,1.18249
400.44508,0.45208
400.45322,3.03881
400.46136,1.03832
400.46950,0.43243
400.47765,0.40679
400.48579,0.42504
400.49393,4.02888
400.50207,4.62647
400.51022,0.54405
400.51836,0.54840
400.52650,1.76168
400.53464,2.01400
400.54278,0.72027
400.55093,2.07592
400.55907,0.92713
400.56721,0.30360
400.57535,0.63546
400.58350,0.70614
400.59164,0.19370
400.59978,0.22914
400.60792,2.40728
400.61606,0.12896
400.62421,0.08310
400.63235,0.90253
400.64049,0.07189
400.64863,0.66517
400.65678,1.23246
400.66492,0.53485
400.67306,0.60359
400.68120,0.76073
400.68935,0.51592
400.69749,0.26864
400.70563,0.75406
400.71377,0.05305
400.72191,0.48129
400.73006,0.36401
400.73820,0.09005
400.74634,0.43204
400.75448,0.50090
400.76263,0.61630
400.77077,0.78721
400.77891,1.44153
400.78705,0.05752
400.79519,0.50401
400.80334,0.03678
400.81148,0.00938
400.81962,1.15546
400.82776,1.12598
400.83591,0.46479
400.84405,0.10976
400.85219,0.08237
400.86033,0.84967
400.86848,0.02484
400.87662,0.48579
400.88476,0.46287
400.89290,0.63409
400.90104,0.43576
400.90919,0.45065
400.91733,0.43668
400.92547,5.88133
400.93361,2.20560
400.94176,0.25639
400.94990,0.55925
400.95804,0.43104
400.96618,1.00009
400.97432,1.50378
400.98247,2.05711
400.99061,1.03031
400.99875,0.07222
401.00689,0.47784
401.01504,0.64938
401.02318,4.56766
401.03132,1.36035
401.03946,1.20083
401.04761,0.07063
401.05575,1.17087
401.06389,0.62868
401.07203,0.25660
401.08017,0.17557
401.08832,0.15486
401.09646,0.15093
401.10460,3.18226
401.11274,0.63687
401.12089,1.49829
401.12903,1.75115
401.13717,1.29929
401.14531,0.22805
401.15345,0.29620
401.16160,1.51938
401.16974,2.43567
401.17788,1.99954
401.18602,0.46650
401.19417,1.52049
401.20231,1.04417
401.21045,0.13497
401.21859,0.21626
401.22673,0.24230
401.23488,0.30076
401.24302,0.18714
401.25116,2.30244
401.25930,0.96423
401.26745,0.40380
401.27559,0.31019
401.28373,0.05092
401.29187,1.12709
401.30002,0.37068
401.30816,0.80451
401.31630,0.20418
401.32444,0.06148
401.33258,1.51499
401.34073,0.41813
401.34887,0.79139
401.35701,0.23618
401.36515,0.39006
401.37330,1.87213
401.38144,1.17656
401.38958,0.19354
401.39772,0.45071
401.40586,1.20966
401.41401,0.58200
401.42215,0.27189
401.43029,0.21290
401.43843,0.96843
401.44658,2.38016
401.45472,0.18741
401.46286,0.51285
401.47100,1.87122
401.47915,0.07382
401.48729,0.46891
401.49543,0.17915
401.50357,1.12061
401.51171,0.26200
401.51986,0.30713
401.52800,0.94290
401.53614,0.92374
401.54428,0.26668
401.55243,0.36607
401.56057,1.08643
401.56871,1.25924
401.57685,0.12839
401.58499,0.02714
401.59314,0.58328
401.60128,0.35414
401.60942,0.25033
401.61756,1.29791
401.62571,2.53772
401.63385,1.17530
401.64199,2.35063
401.65013,0.74046
401.65827,4.62698
401.66642,0.94386
401.67456,1.39034
401.68270,10.61677
401.69084,2.39874
401.69899,0.64025
401.70713,2.54437
401.71527,0.39409
401.72341,2.21136
401.73156,0.26812
401.73970,3.25858
401.74784,0.33598
401.75598,0.18543
401.76412,0.13906
401.77227,1.44886
401.78041,0.91662
401.78855,0.60639
401.79669,1.27656
401.80484,0.45608
401.81298,2.50906
401.82112,2.54634
401.82926,0.84812
401.83740,1.95867
401.84555,0.44202
401.85369,0.98703
401.86183,4.28172
401.86997,1.11427
401.87812,0.99186
401.88626,0.15026
401.89440,3.74957
401.90254,2.72191
401.91069,2.26102
401.91883,2.67890
401.92697,7.27663
401.93511,0.82439
401.94325,1.68066
401.95140,0.48811
401.95954,2.26400
401.96768,0.00601
401.97582,2.86369
401.98397,0.77611
401.99211,7.06026
402.00025,0.78961
402.00839,1.90140
402.01653,1.38558
402.02468,0.45397
402.03282,1.06664
402.04096,0.02082
402.04910,1.37554
402.05725,3.32888
402.06539,3.02522
402.07353,1.58180
402.08167,2.96705
402.08982,2.13408
402.09796,0.56204
402.10610,0.15925
402.11424,1.69948
402.12238,0.27298
402.13053,0.11702
402.13867,0.95719
402.14681,0.03550
402.15495,0.47513
402.16310,0.13412
402.17124,1.25601
402.17938,0.44286
402.18752,3.25210
402.19566,2.23095
402.20381,0.50916
402.21195,0.22450
402.22009,1.21484
402.22823,2.47073
402.23638,1.36285
402.24452,2.95643
402.25266,1.47141
402.26080,0.42576
402.26894,1.67769
402.27709,2.34991
402.28523,1.45084
402.29337,2.17092
402.30151,6.49343
402.30966,0.69353
402.31780,1.16520
402.32594,4.40391
402.33408,1.67222
402.34223,1.06258
402.35037,5.20664
402.35851,6.30726
402.36665,1.49058
402.37479,1.52446
402.38294,3.79793
402.39108,1.27473
402.39922,2.04180
402.40736,10.52911
402.41551,1.19328
402.42365,6.32366
402.43179,3.16996
402.43993,0.62333
402.44807,4.39776
402.45622,4.26361
402.46436,0.26485
402.47250,0.58711
402.48064,0.75989
402.48879,1.98418
402.49693,2.47129
402.50507,0.72378
402.51321,7.65640
402.52136,4.25607
402.52950,1.07610
402.53764,3.68994
402.54578,3.55820
402.55392,0.97390
402.56207,0.94600
402.57021,1.80628
402.57835,3.38277
402.58649,5.14850
402.59464,1.36820
402.60278,2.05255
402.61092,1.02613
402.61906,1.41389
402.62720,2.14925
402.63535,3.09339
402.64349,0.70718
402.65163,1.47279
402.65977,0.54783
402.66792,0.73004
402.67606,0.32607
402.68420,2.36810
402.69234,1.14530
402.70048,2.25797
402.70863,7.13684
402.71677,3.22880
402.72491,3.70844
402.73305,0.94739
402.74120,3.17018
402.74934,1.22613
402.75748,1.25551
402.76562,0.53813
402.77377,0.39418
402.78191,0.61287
402.79005,0.73547
402.79819,1.24893
402.80633,1.11694
402.81448,1.42276
402.82262,0.18722
402.83076,1.86078
402.83890,2.66467
402.84705,3.58662
402.85519,0.57351
402.86333,0.15134
402.87147,2.48567
402.87961,10.11769
402.88776,6.90481
402.89590,0.42037
402.90404,2.41860
402.91218,3.13347
402.92033,5.64007
402.92847,1.84549
402.93661,1.02867
402.94475,3.93107
402.95290,1.44566
402.96104,1.18899
402.96918,4.65539
402.97732,3.81239
402.98546,1.07087
402.99361,3.64987
403.00175,3.77889
403.00989,2.95844
403.01803,0.23348
403.02618,2.18746
403.03432,2.95614
403.04246,5.24353
403.05060,3.31931
403.05874,0.63459
403.06689,0.69729
403.07503,1.40897
403.08317,0.76580
403.09131,0.63280
403.09946,0.06618
403.10760,1.19308
403.11574,1.11224
403.12388,0.18856
403.13202,0.12473
403.14017,0.26676
403.14831,0.15595
403.15645,0.63828
403.16459,0.64478
403.17274,1.09489
403.18088,1.00152
403.18902,0.69060
403.19716,1.34438
403.20531,0.86648
403.21345,0.17462
403.22159,1.91392
403.22973,5.22653
403.23787,2.73802
403.24602,0.69751
403.25416,0.57213
403.26230,0.99823
403.27044,1.71563
403.27859,0.36830
403.28673,0.74260
403.29487,0.50038
403.30301,0.30195
403.31115,0.42076
403.31930,1.05096
403.32744,1.58842
403.33558,0.09945
403.34372,0.28009
403.35187,0.63224
403.36001,0.46217
403.36815,1.79308
403.37629,1.39303
403.38444,2.18155
403.39258,0.12688
403.40072,1.68172
403.40886,0.45292
403.41700,0.19182
403.42515,0.45390
403.43329,1.74921
403.44143,0.52332
403.44957,0.02629
403.45772,0.34886
403.46586,2.23187
403.47400,0.05899
403.48214,0.43974
403.49028,0.73776
403.49843,1.18045
403.50657,0.06018
403.51471,0.54085
403.52285,0.66079
403.53100,0.08615
403.53914,0.30688
403.54728,0.16411
403.55542,0.06367
403.56357,2.27024
403.57171,1.44536
403.57985,0.95905
403.58799,2.74672
403.59613,0.01851
403.60428,0.72041
403.61242,0.39565
403.62056,1.87162
403.62870,0.07673
403.63685,0.25546
403.64499,0.30447
403.65313,1.04130
403.66127,0.12259
403.66941,1.68578
403.67756,1.42009
403.68570,0.16455
403.69384,0.49508
403.70198,2.09292
403.71013,1.45739
403.71827,0.74549
403.72641,0.17536
403.73455,0.42972
403.74269,0.44994
403.75084,1.40793
403.75898,0.77088
403.76712,0.27857
403.77526,0.08516
403.78341,2.46748
403.79155,0.91111
403.79969,1.65321
403.80783,2.00456
403.81598,1.53475
403.82412,3.09379
403.83226,1.94242
403.84040,0.60989
403.84854,0.55590
403.85669,1.00177
403.86483,0.53801
403.87297,1.76244
403.88111,1.01743
403.88926,2.75963
403.89740,2.46812
403.90554,1.42117
403.91368,0.48837
403.92182,0.66396
403.92997,0.01774
403.93811,0.12861
403.94625,0.53422
403.95439,0.75332
403.96254,0.63931
403.97068,1.42250
403.97882,2.00376
403.98696,0.63803
403.99511,0.52504
404.00325,1.29728
404.01139,0.33798
404.01953,0.74892
404.02767,0.26404
404.03582,0.61744
404.04396,1.99468
404.05210,0.34145
404.06024,0.03112
404.06839,0.67195
404.07653,0.81452
404.08467,0.99633
404.09281,0.67700
404.10095,2.59402
404.10910,0.87574
404.11724,1.56212
404.12538,0.31103
404.13352,0.32973
404.14167,0.62497
404.14981,0.06899
404.15795,0.66747
404.16609,0.21415
404.17423,1.57567
404.18238,0.07443
404.19052,0.04527
404.19866,0.45960
404.20680,1.61748
404.21495,0.27698
404.22309,0.04281
404.23123,0.34775
404.23937,2.18710
404.24752,1.39818
404.25566,0.59435
404.26380,0.54915
404.27194,0.77617
404.28008,2.59150
404.28823,0.39019
404.29637,3.29532
404.30451,0.20900
404.31265,1.08618
404.32080,0.41049
404.32894,0.46390
404.33708,1.10297
404.34522,1.49306
404.35336,2.19519
404.36151,0.88985
404.36965,1.21036
404.37779,1.06168
404.38593,0.78573
404.39408,1.32103
404.40222,1.10530
404.41036,1.42604
404.41850,0.90836
404.42665,0.39554
404.43479,3.44498
404.44293,0.88846
404.45107,0.05857
404.45921,1.88853
404.46736,0.26428
404.47550,5.87415
404.48364,1.92232
404.49178,0.71181
404.49993,6.99477
404.50807,1.05327
404.51621,1.08998
404.52435,0.26394
404.53249,1.61777
404.54064,0.64679
404.54878,0.47601
404.55692,1.52002
404.56506,1.49213
404.57321,0.13742
404.58135,0.24879
404.58949,0.17972
404.59763,0.28260
404.60578,0.23852
404.61392,0.16288
404.62206,1.39501
404.63020,1.19360
404.63834,6.02311
404.64649,0.56617
404.65463,0.39505
404.66277,1.92356
404.67091,0.30107
404.67906,0.10739
404.68720,1.63112
404.69534,0.19582
404.70348,0.54269
404.71162,2.55507
404.71977,0.01842
404.72791,0.33587
404.73605,0.91079
404.74419,0.19708
404.75234,0.19631
404.76048,0.04686
404.76862,0.36026
404.77676,1.52244
404.78490,1.28542
404.79305,0.06338
404.80119,0.08587
404.80933,1.00180
404.81747,2.07112
404.82562,2.74050
404.83376,2.49122
404.84190,0.10086
404.85004,0.03607
404.85819,3.33906
404.86633,0.28934
404.87447,1.75028
404.88261,0.15011
404.89075,0.72207
404.89890,1.84659
404.90704,2.76782
404.91518,0.84178
404.92332,1.98020
404.93147,0.19077
404.93961,0.26745
404.94775,0.24819
404.95589,0.80039
404.96403,0.72966
404.97218,0.47488
404.98032,0.06602
404.98846,2.48849
404.99660,2.30715
405.00475,0.39852
405.01289,0.63528
405.02103,1.90353
405.02917,0.79788
405.03732,3.31417
405.04546,0.43012
405.05360,0.65410
405.06174,0.22986
405.06988,0.29283
405.07803,0.34233
405.08617,0.48138
405.09431,0.39851
405.10245,0.00361
405.11060,0.16952
405.11874,2.02943
405.12688,0.07801
405.13502,0.17162
405.14316,1.51320
405.15131,0.14106
405.15945,1.21426
405.16759,0.91187
405.17573,0.19219
405.18388,0.09291
405.19202,1.36363
405.20016,1.28790
405.20830,0.39822
405.21644,0.89641
405.22459,2.62959
405.23273,1.00338
405.24087,2.11575
405.24901,1.94512
405.25716,0.94318
405.26530,0.25936
405.27344,0.97920
405.28158,1.66607
405.28973,0.15503
405.29787,0.75088
405.30601,0.45800
405.31415,0.13777
405.32229,0.54183
405.33044,1.28930
405.33858,1.88409
405.34672,0.83246
405.35486,0.42630
405.36301,0.31972
405.37115,1.94411
405.37929,1.44074
405.38743,0.90895
405.39557,0.31889
405.40372,0.32233
405.41186,4.43292
405.42000,0.60692
405.42814,5.02494
405.43629,2.88020
405.44443,1.40094
405.45257,0.08386
405.46071,0.41495
405.46886,0.05863
405.47700,0.47753
405.48514,1.09477
405.49328,1.75290
405.50142,1.19815
405.50957,0.81184
405.51771,0.12604
405.52585,0.12127
405.53399,0.40613
405.54214,0.58645
405.55028,0.65490
405.55842,1.18501
405.56656,0.36017
405.57470,1.64857
405.58285,0.85725
405.59099,0.27615
405.59913,0.07059
405.60727,0.87979
405.61542,0.08448
405.62356,2.08204
405.63170,0.81357
405.63984,1.07366
405.64798,0.04460
405.65613,1.82609
405.66427,1.87524
405.67241,2.59498
405.68055,0.47693
405.68870,1.22016
405.69684,1.07890
405.70498,3.71044
405.71312,0.14731
405.72127,1.01143
405.72941,1.35307
405.73755,0.31479
405.74569,0.51740
405.75383,0.01391
405.76198,0.27275
405.77012,1.40426
405.77826,0.50247
405.78640,1.13441
405.79455,0.59126
405.80269,0.28008
405.81083,0.08277
405.81897,0.74950
405.82711,2.10482
405.83526,0.42792
405.84340,0.53815
405.85154,0.29833
405.85968,3.54029
405.86783,0.11770
405.87597,0.95218
405.88411,0.92016
405.89225,0.24444
405.90040,0.17474
405.90854,0.00898
405.91668,1.38807
405.92482,2.33159
405.93296,0.08592
405.94111,1.30187
405.94925,0.13433
405.95739,0.96696
405.96553,1.66850
405.97368,0.10597
405.98182,0.67933
405.98996,1.72958
405.99810,0.03098
406.00624,0.66692
406.01439,1.00463
406.02253,0.93541
406.03067,0.53426
406.03881,0.03295
406.04696,0.91502
406.05510,0.36304
406.06324,0.58541
406.07138,1.11678
406.07953,0.03358
406.08767,1.40051
406.09581,0.08539
406.10395,0.22874
406.11209,0.32636
406.12024,1.30052
406.12838,0.54072
406.13652,0.29670
406.14466,0.33049
406.15281,0.85515
406.16095,0.10027
406.16909,0.60240
406.17723,1.33404
406.18537,0.03335
406.19352,0.66286
406.20166,0.40375
406.20980,0.16870
406.21794,0.02478
406.22609,0.68569
406.23423,0.53799
406.24237,0.60761
406.25051,1.15110
406.25865,0.13144
406.26680,0.01715
406.27494,0.86391
406.28308,0.14745
406.29122,0.10531
406.29937,0.24888
406.30751,0.19144
406.31565,1.03317
406.32379,1.44849
406.33194,0.11604
406.34008,1.05981
406.34822,0.43909
406.35636,0.26593
406.36450,0.13287
406.37265,0.26934
406.38079,0.37339
406.38893,0.30469
406.39707,0.46323
406.40522,1.88621
406.41336,2.86155
406.42150,1.05771
406.42964,0.21237
406.43778,0.82253
406.44593,0.50592
406.45407,1.11486
406.46221,1.33540
406.47035,1.22566
406.47850,0.46724
406.48664,0.03504
406.49478,2.84929
406.50292,0.31009
406.51107,1.34851
406.51921,0.90389
406.52735,1.10620
406.53549,0.91693
406.54363,1.30127
406.55178,0.00004
406.55992,0.01427
406.56806,1.01828
406.57620,0.94663
406.58435,0.68349
406.59249,0.81929
406.60063,0.77407
406.60877,2.20972
406.61691,0.83753
406.62506,0.23726
406.63320,0.10800
406.64134,0.27111
406.64948,0.03835
406.65763,5.34466
406.66577,0.04057
406.67391,0.47969
406.68205,1.50115
406.69019,1.04547
406.69834,0.56940
406.70648,2.61815
406.71462,1.54175
406.72276,0.70783
406.73091,1.98885
406.73905,0.26549
406.74719,1.04106
406.75533,2.03488
406.76348,6.32587
406.77162,2.49702
406.77976,0.13444
406.78790,0.00506
406.79604,0.13240
406.80419,1.05452
406.81233,2.06582
406.82047,0.72555
406.82861,0.60070
406.83676,1.72199
406.84490,0.78112
406.85304,0.63483
406.86118,1.57216
406.86932,1.24457
406.87747,0.50914
406.88561,0.38233
406.89375,0.95395
406.90189,0.73365
406.91004,0.24192
406.91818,0.08536
406.92632,0.67303
406.93446,0.02276
406.94261,1.93021
406.95075,0.33623
406.95889,0.18382
406.96703,0.11888
406.97517,0.74135
406.98332,1.05833
406.99146,1.03624
406.99960,0.19248
407.00774,0.01449
407.01589,0.12325
407.02403,0.74544
407.03217,1.71670
407.04031,0.18799
407.04845,2.46424
407.05660,2.79677
407.06474,2.89027
407.07288,0.24192
407.08102,3.62035
407.08917,5.34489
407.09731,0.31487
407.10545,0.31006
407.11359,0.26457
407.12174,2.96773
407.12988,2.71915
407.13802,0.08961
407.14616,4.71943
407.15430,0.20301
407.16245,2.30541
407.17059,0.66771
407.17873,0.43361
407.18687,0.97956
407.19502,0.47349
407.20316,0.24292
407.21130,0.14175
407.21944,0.41951
407.22758,0.54504
407.23573,1.47174
407.24387,2.57324
407.25201,1.01910
407.26015,1.10695
407.26830,1.72992
407.27644,1.92599
407.28458,0.52189
407.29272,0.73033
407.30086,0.79820
407.30901,0.37859
407.31715,0.34490
407.32529,1.62369
407.33343,0.89461
407.34158,1.40692
407.34972,3.04481
407.35786,1.89824
407.36600,0.04569
407.37415,0.85135
407.38229,0.07360
407.39043,1.20976
407.39857,0.60514
407.40671,0.90100
407.41486,2.18310
407.42300,0.97189
407.43114,1.33816
407.43928,0.97456
407.44743,0.30568
407.45557,0.09885
407.46371,0.69005
407.47185,0.61485
407.47999,0.91165
407.48814,1.26743
407.49628,0.98806
407.50442,1.12408
407.51256,0.88943
407.52071,0.93277
407.52885,0.34010
407.53699,2.43972
407.54513,2.16049
407.55328,1.24582
407.56142,0.15906
407.56956,0.45949
407.57770,0.12889
407.58584,0.55190
407.59399,0.28287
407.60213,0.88380
407.61027,0.68994
407.61841,1.35824
407.62656,0.80149
407.63470,0.35206
407.64284,2.49416
407.65098,0.33075
407.65912,0.67915
407.66727,0.18787
407.67541,0.80426
407.68355,0.04120
407.69169,2.66257
407.69984,1.02507
407.70798,0.76168
407.71612,2.35366
407.72426,2.28386
407.73240,0.51595
407.74055,0.05911
407.74869,0.04477
407.75683,0.16525
407.76497,0.15732
407.77312,0.10516
407.78126,0.66784
407.78940,3.64351
407.79754,0.99690
407.80569,0.46358
407.81383,0.78856
407.82197,0.34124
407.83011,0.42401
407.83825,0.83481
407.84640,1.08158
407.85454,0.93546
407.86268,0.58642
407.87082,0.31953
407.87897,0.14194
407.88711,1.47550
407.89525,1.00822
407.90339,0.02795
407.91153,0.79905
407.91968,0.12439
407.92782,0.73355
407.93596,0.92810
407.94410,1.23041
407.95225,0.82926
407.96039,1.17188
407.96853,0.88210
407.97667,0.14999
407.98482,0.77825
407.99296,0.68954
408.00110,0.25742
408.00924,0.23873
408.01738,0.97220
408.02553,1.35309
408.03367,1.52609
408.04181,1.20168
408.04995,1.49463
408.05810,0.32564
408.06624,1.08745
408.07438,0.76167
408.08252,0.08881
408.09066,1.19183
408.09881,2.57028
408.10695,0.49674
408.11509,0.72791
408.12323,1.56459
408.13138,1.06205
408.13952,0.25731
408.14766,1.84824
408.15580,1.87107
408.16394,0.25330
408.17209,1.68398
408.18023,3.29138
408.18837,2.59780
408.19651,1.34217
408.20466,3.10569
408.21280,0.29696
408.22094,0.43662
408.22908,10.01854
408.23723,2.60548
408.24537,1.05775
408.25351,2.37510
408.26165,0.33669
408.26979,3.05727
408.27794,0.84747
408.28608,3.93640
408.29422,0.42173
408.30236,5.72942
408.31051,1.31339
408.31865,4.42513
408.32679,2.04980
408.33493,2.76610
408.34307,2.62501
408.35122,0.94251
408.35936,0.21079
408.36750,0.40135
408.37564,1.05784
408.38379,0.59866
408.39193,0.62494
408.40007,0.43637
408.40821,1.16502
408.41636,1.03135
408.42450,10.50279
408.43264,1.76012
408.44078,0.01865
408.44892,0.56549
408.45707,1.01810
408.46521,9.56863
408.47335,1.83731
408.48149,2.32395
408.48964,3.14863
408.49778,0.83028
408.50592,0.52536
408.51406,4.18307
408.52220,3.97210
408.53035,1.65366
408.53849,0.77967
408.54663,0.49783
408.55477,1.01661
408.56292,4.63200
408.57106,3.00553
408.57920,3.00728
408.58734,4.74855
408.59549,1.74755
408.60363,3.59368
408.61177,1.72552
408.61991,3.86944
408.62805,1.97116
408.63620,8.15061
408.64434,1.35235
408.65248,1.85019
408.66062,5.95948
408.66877,1.62283
408.67691,5.91792
408.68505,0.17607
408.69319,5.65261
408.70133,1.56059
408.70948,5.65143
408.71762,1.43988
408.72576,2.61799
408.73390,2.07258
408.74205,4.14059
408.75019,7.57014
408.75833,0.72682
408.76647,0.65655
408.77461,1.46806
408.78276,6.83871
408.79090,4.04451
408.79904,0.53174
408.80718,5.24122
408.81533,0.41664
408.82347,11.70366
408.83161,0.14641
408.83975,2.11037
408.84790,9.07924
408.85604,1.89191
408.86418,2.07161
408.87232,4.79684
408.88046,5.96359
408.88861,7.99028
408.89675,5.46493
408.90489,3.19440
408.91303,6.78539
408.92118,10.96309
408.92932,2.88922
408.93746,1.63635
408.94560,6.91217
408.95374,2.28035
408.96189,2.26970
408.97003,10.12115
408.97817,4.73760
408.98631,6.82058
408.99446,12.46257
409.00260,5.14771
409.01074,2.04016
409.01888,1.12598
409.02703,0.23157
409.03517,0.05172
409.04331,6.05973
409.05145,6.29183
409.05959,1.01312
409.06774,6.58770
409.07588,1.05194
409.08402,10.15100
409.09216,0.33859
409.10031,2.24310
409.10845,0.39068
409.11659,1.79872
409.12473,2.24329
409.13287,1.16423
409.14102,3.10439
409.14916,2.86433
409.15730,6.05266
409.16544,3.89188
409.17359,0.26015
409.18173,0.05961
409.18987,1.65346
409.19801,1.23442
409.20615,2.89705
409.21430,0.73279
409.22244,2.48738
409.23058,0.44529
409.23872,2.14078
409.24687,0.50308
409.25501,0.07575
409.26315,0.29458
409.27129,4.22580
409.27944,3.06030
409.28758,1.31556
409.29572,4.39204
409.30386,1.76604
409.31200,0.86092
409.32015,0.81219
409.32829,4.08504
409.33643,6.98353
409.34457,2.17919
409.35272,0.75556
409.36086,5.66016
409.36900,1.03696
409.37714,3.50324
409.38528,2.67838
409.39343,0.13002
409.40157,0.99731
409.40971,0.51668
409.41785,1.31773
409.42600,0.96349
409.43414,1.06552
409.44228,7.33946
409.45042,4.98991
409.45857,3.36318
409.46671,8.52303
409.47485,4.19459
409.48299,1.49272
409.49113,2.22609
409.49928,1.17685
409.50742,0.38933
409.51556,0.64827
409.52370,0.89409
409.53185,3.07590
409.53999,3.05750
409.54813,3.09574
409.55627,1.16014
409.56441,3.01453
409.57256,1.27341
409.58070,1.27830
409.58884,0.17714
409.59698,1.35875
409.60513,1.66934
409.61327,0.76124
409.62141,0.84892
409.62955,0.07207
409.63770,0.17372
409.64584,3.46861
409.65398,0.65017
409.66212,0.01554
409.67026,1.57898
409.67841,3.20340
409.68655,0.20691
409.69469,5.24765
409.70283,1.16721
409.71098,4.69389
409.71912,0.00109
409.72726,1.17049
409.73540,0.39808
409.74354,1.72724
409.75169,1.64280
409.75983,2.47908
409.76797,0.93859
409.77611,2.55728
409.78426,0.92445
409.79240,1.76292
409.80054,0.07215
409.80868,1.11085
409.81682,0.87807
409.82497,0.55861
409.83311,2.83810
409.84125,2.61440
409.84939,0.11168
409.85754,2.84396
409.86568,1.33423
409.87382,2.63492
409.88196,0.45758
409.89011,0.10261
409.89825,5.00286
409.90639,2.47926
409.91453,0.16281
409.92267,1.02221
409.93082,2.26908
409.93896,0.92345
409.94710,2.07921
409.95524,0.18625
409.96339,0.20874
409.97153,3.08739
409.97967,5.05254
409.98781,2.57584
409.99595,0.16123
410.00410,0.19636
410.01224,1.30992
410.02038,0.24440
410.02852,0.44943
410.03667,0.85093
410.04481,0.28188
410.05295,3.47124
410.06109,0.40205
410.06924,1.20923
410.07738,0.15567
410.08552,0.35512
410.09366,1.63341
410.10180,0.34077
410.10995,1.45708
410.11809,0.93664
410.12623,1.46162
410.13437,0.37303
410.14252,0.26039
410.15066,0.56535
410.15880,1.63557
410.16694,0.50342
410.17508,1.51014
410.18323,0.73230
410.19137,2.32520
410.19951,4.16470
410.20765,4.90350
410.21580,5.40442
410.22394,0.58897
410.23208,2.63811
410.24022,0.71434
410.24836,0.02617
410.25651,0.35879
410.26465,0.74676
410.27279,0.37369
410.28093,0.17638
410.28908,1.43590
410.29722,1.49212
410.30536,4.03783
410.31350,1.71671
410.32165,2.28173
410.32979,0.90349
410.33793,0.28352
410.34607,0.12010
410.35421,2.14701
410.36236,1.71667
410.37050,3.50818
410.37864,0.32700
410.38678,2.44085
410.39493,0.04163
410.40307,0.01490
410.41121,0.50473
410.41935,0.96655
410.42749,1.42199
410.43564,1.29981
410.44378,0.56036
410.45192,0.13130
410.46006,0.17746
410.46821,0.12225
410.47635,1.55086
410.48449,0.59956
410.49263,2.45197
410.50078,0.47291
410.50892,0.34357
410.51706,1.02670
410.52520,2.22943
410.53334,0.46446
410.54149,0.22344
410.54963,0.07063
410.55777,0.39426
410.56591,0.34353
410.57406,0.16096
410.58220,1.58183
410.59034,0.42782
410.59848,1.31946
410.60662,0.30840
410.61477,3.65334
410.62291,1.29871
410.63105,0.21060
410.63919,0.38727
410.64734,0.74478
410.65548,0.46428
410.66362,3.74761
410.67176,0.87964
410.67990,1.58023
410.68805,0.08213
410.69619,0.71864
410.70433,0.08452
410.71247,0.16698
410.72062,1.88903
410.72876,0.41058
410.73690,0.83328
410.74504,0.28936
410.75319,1.98603
410.76133,2.08120
410.76947,0.46734
410.77761,0.68424
410.78575,0.33343
410.79390,0.87343
410.80204,0.20062
410.81018,0.25704
410.81832,1.19726
410.82647,0.42797
410.83461,1.60367
410.84275,1.18600
410.85089,2.37433
410.85903,4.80307
410.86718,4.29583
410.87532,0.24557
410.88346,2.11369
410.89160,0.30735
410.89975,0.34056
410.90789,0.11709
410.91603,1.27326
410.92417,1.43622
410.93232,1.17160
410.94046,1.06544
410.94860,2.31296
410.95674,0.92608
410.96488,1.92490
410.97303,1.34036
410.98117,0.22650
410.98931,0.84500
410.99745,5.53443
411.00560,0.85697
411.01374,0.16970
411.02188,0.73267
411.03002,1.26702
411.03816,0.95164
411.04631,1.54025
411.05445,0.84987
411.06259,0.61401
411.07073,1.05688
411.07888,2.31846
411.08702,1.11981
411.09516,1.94123
411.10330,0.84756
411.11145,1.15309
411.11959,0.12067
411.12773,0.03937
411.13587,0.65426
411.14401,2.61664
411.15216,1.36371
411.16030,2.95464
411.16844,0.63926
411.17658,3.22937
411.18473,0.03408
411.19287,0.03490
411.20101,0.13124
411.20915,1.50493
411.21729,2.98028
411.22544,2.50692
411.23358,3.75320
411.24172,0.97950
411.24986,1.31556
411.25801,0.85819
411.26615,2.75311
411.27429,0.37814
411.28243,1.30755
411.29057,0.01586
411.29872,0.69382
411.30686,0.56354
411.31500,0.84680
411.32314,0.92937
411.33129,0.39257
411.33943,1.33336
411.34757,0.85343
411.35571,1.02472
411.36386,1.39931
411.37200,0.17375
411.38014,0.17116
411.38828,2.49083
411.39642,1.23965
411.40457,0.34735
411.41271,0.88196
411.42085,1.52039
411.42899,0.01498
411.43714,0.59245
411.44528,0.16009
411.45342,4.37440
411.46156,1.35075
411.46970,0.06974
411.47785,0.24943
411.48599,1.21381
411.49413,1.37884
411.50227,0.04692
411.51042,0.32913
411.51856,1.88711
411.52670,0.39121
411.53484,0.72361
411.54299,1.88216
411.55113,0.23436
411.55927,1.07965
411.56741,1.25326
411.57555,0.35012
411.58370,0.85756
411.59184,0.11196
411.59998,1.10914
411.60812,2.15605
411.61627,0.98482
411.62441,0.90209
411.63255,0.27693
411.64069,0.08272
411.64883,0.78744
411.65698,0.16816
411.66512,1.23268
411.67326,3.00924
411.68140,0.70299
411.68955,0.71332
411.69769,1.40951
411.70583,4.17007
411.71397,0.50134
411.72211,1.94343
411.73026,0.34185
411.73840,0.17576
411.74654,2.25733
411.75468,0.22420
411.76283,0.55405
411.77097,0.52321
411.77911,2.28819
411.78725,0.23462
411.79540,0.94916
411.80354,1.70186
411.81168,2.35330
411.81982,1.02599
411.82796,1.34565
411.83611,0.30129
411.84425,0.03975
411.85239,0.75763
411.86053,0.23014
411.86868,0.71197
411.87682,0.03491
411.88496,1.63552
411.89310,0.29312
411.90124,3.27889
411.90939,0.03527
411.91753,0.62378
411.92567,1.00760
411.93381,3.91418
411.94196,0.31669
411.95010,0.73600
411.95824,0.40806
411.96638,0.12845
411.97453,1.49762
411.98267,1.33621
411.99081,1.24994
411.99895,1.13476
412.00709,1.91678
412.01524,0.57726
412.02338,0.95545
412.03152,3.24237
412.03966,0.79814
412.04781,0.30990
412.05595,0.78938
412.06409,0.10263
412.07223,0.47240
412.08037,1.60240
412.08852,1.27772
412.09666,0.38312
412.10480,0.78810
412.11294,0.97712
412.12109,1.44298
412.12923,2.65545
412.13737,2.23332
412.14551,2.60512
412.15366,0.02591
412.16180,0.58081
412.16994,0.22071
412.17808,0.24045
412.18622,0.21570
412.19437,3.71700
412.20251,1.22428
412.21065,0.46267
412.21879,0.38864
412.22694,0.10785
412.23508,0.94648
412.24322,0.20306
412.25136,0.70846
412.25950,1.28052
412.26765,2.46772
412.27579,0.98879
412.28393,2.14288
412.29207,0.69280
412.30022,0.35874
412.30836,1.01710
412.31650,1.12270
412.32464,0.07668
412.33278,0.28661
412.34093,0.61153
412.34907,0.60009
412.35721,1.23076
412.36535,0.19583
412.37350,2.45002
412.38164,3.45792
412.38978,1.43162
412.39792,0.05196
412.40607,1.13896
412.41421,0.30594
412.42235,0.84465
412.43049,2.95695
412.43863,0.49152
412.44678,2.59982
412.45492,0.47545
412.46306,1.62847
412.47120,2.14701
412.47935,2.24967
412.48749,0.58058
412.49563,2.27141
412.50377,0.59215
412.51191,0.49740
412.52006,2.39397
412.52820,0.17454
412.53634,3.39882
412.54448,0.28259
412.55263,0.07757
412.56077,0.05469
412.56891,4.79783
412.57705,0.03934
412.58520,1.26908
412.59334,0.59771
412.60148,0.77842
412.60962,0.43559
412.61776,0.78236
412.62591,1.58362
412.63405,0.42539
412.64219,0.06052
412.65033,1.67688
412.65848,0.00897
412.66662,1.11187
412.67476,1.04723
412.68290,1.72677
412.69104,1.51761
412.69919,0.02144
412.70733,1.71502
412.71547,2.33452
412.72361,1.46250
412.73176,0.01013
412.73990,0.07534
412.74804,0.12204
412.75618,0.43514
412.76432,0.97665
412.77247,0.87550
412.78061,1.30522
412.78875,4.24074
412.79689,2.13670
412.80504,0.64087
412.81318,2.29278
412.82132,0.61825
412.82946,1.98770
412.83761,1.95036
412.84575,0.81176
412.85389,0.54868
412.86203,0.91833
412.87017,2.41965
412.87832,0.63600
412.88646,0.07704
412.89460,1.15588
412.90274,0.36216
412.91089,0.31035
412.91903,0.54576
412.92717,0.36111
412.93531,0.16321
412.94345,2.35624
412.95160,0.29171
412.95974,0.08691
412.96788,0.07768
412.97602,0.36571
412.98417,0.37150
412.99231,0.19673
413.00045,4.18795
413.00859,1.58810
413.01674,1.30936
413.02488,0.75514
413.03302,0.30387
413.04116,1.21976
413.04930,0.77321
413.05745,3.17256
413.06559,0.53408
413.07373,1.80366
413.08187,1.37594
413.09002,1.16752
413.09816,2.28381
413.10630,2.27332
413.11444,1.22598
413.12258,0.08286
413.13073,0.26315
413.13887,0.35990
413.14701,0.04396
413.15515,0.96107
413.16330,0.34744
413.17144,0.40177
413.17958,2.45708
413.18772,0.18523
413.19586,0.30898
413.20401,0.74709
413.21215,0.51076
413.22029,0.09519
413.22843,0.71038
413.23658,0.41607
413.24472,0.50696
413.25286,0.16011
413.26100,1.34978
413.26915,0.73283
413.27729,2.79967
413.28543,1.69212
413.29357,1.40622
413.30171,0.69623
413.30986,0.19294
413.31800,0.93409
413.32614,0.35432
413.33428,3.23623
413.34243,0.39500
413.35057,0.63063
413.35871,0.03852
413.36685,0.43601
413.37499,0.18835
413.38314,0.02234
413.39128,0.13857
413.39942,0.68261
413.40756,1.10955
413.41571,1.40653
413.42385,1.74137
413.43199,0.43487
413.44013,0.37231
413.44828,1.45873
413.45642,0.32925
413.46456,0.61439
413.47270,0.35678
413.48084,0.76208
413.48899,2.83656
413.49713,8.33405
413.50527,0.81918
413.51341,0.47219
413.52156,0.17822
413.52970,0.24656
413.53784,2.24121
413.54598,3.08807
413.55412,0.13677
413.56227,2.38108
413.57041,0.14904
413.57855,1.15020
413.58669,0.79116
413.59484,2.26156
413.60298,0.85152
413.61112,1.53774
413.61926,0.88437
413.62741,4.29238
413.63555,0.13664
413.64369,1.42297
413.65183,0.38346
413.65997,1.67352
413.66812,0.53644
413.67626,1.46602
413.68440,1.12906
413.69254,0.75856
413.70069,3.57358
413.70883,1.11599
413.71697,6.34302
413.72511,0.80879
413.73325,0.19921
413.74140,4.11115
413.74954,0.76160
413.75768,2.22114
413.76582,3.98439
413.77397,0.52916
413.78211,0.39039
413.79025,0.51256
413.79839,1.14136
413.80653,0.47263
413.81468,0.45547
413.82282,0.38300
413.83096,0.67791
413.83910,0.91898
413.84725,1.23877
413.85539,0.10278
413.86353,2.34800
413.87167,0.22739
413.87982,0.70003
413.88796,2.02408
413.89610,3.21072
413.90424,0.73243
413.91238,0.52156
413.92053,1.27881
413.92867,1.50747
413.93681,3.27284
413.94495,0.34704
413.95310,2.02574
413.96124,1.04362
413.96938,1.12148
413.97752,0.35571
413.98566,1.91841
413.99381,5.12722
414.00195,1.01873
414.01009,0.75475
414.01823,0.05999
414.02638,2.20900
414.03452,1.56542
414.04266,1.18219
414.05080,0.40870
414.05895,0.00364
414.06709,0.10500
414.07523,2.00662
414.08337,0.89645
414.09151,0.24699
414.09966,0.75188
414.10780,0.57098
414.11594,0.50127
414.12408,0.79583
414.13223,0.27349
414.14037,0.83554
414.14851,0.09868
414.15665,0.06943
414.16479,2.86357
414.17294,0.12933
414.18108,1.55109
414.18922,0.21079
414.19736,0.56749
414.20551,1.16674
414.21365,0.02289
414.22179,0.88484
414.22993,0.43842
414.23807,0.24875
414.24622,1.34779
414.25436,0.00142
414.26250,1.16127
414.27064,0.42826
414.27879,1.68621
414.28693,0.46576
414.29507,1.43678
414.30321,0.54814
414.31136,2.07486
414.31950,0.30341
414.32764,1.40013
414.33578,0.04501
414.34392,3.10569
414.35207,2.30521
414.36021,0.79324
414.36835,0.05447
414.37649,0.45723
414.38464,0.19413
414.39278,2.12061
414.40092,1.63763
414.40906,0.45371
414.41720,0.73246
414.42535,0.45215
414.43349,0.19276
414.44163,0.54303
414.44977,0.16373
414.45792,1.27739
414.46606,0.31097
414.47420,1.55253
414.48234,1.09428
414.49049,0.65012
414.49863,1.57449
414.50677,2.92701
414.51491,1.72072
414.52305,1.25973
414.53120,0.43943
414.53934,0.18973
414.54748,0.30010
414.55562,0.88042
414.56377,1.91625
414.57191,0.80811
414.58005,1.34462
414.58819,0.69366
414.59633,0.44300
414.60448,0.46614
414.61262,0.13875
414.62076,0.85344
414.62890,1.45584
414.63705,0.37574
414.64519,0.06754
414.65333,0.17665
414.66147,0.02791
414.66961,0.43348
414.67776,1.82650
414.68590,0.48735
414.69404,1.75309
414.70218,0.30374
414.71033,0.01632
414.71847,0.02796
414.72661,1.28623
414.73475,0.61160
414.74290,1.07714
414.75104,1.05513
414.75918,0.55649
414.76732,0.81986
414.77546,2.37950
414.78361,0.35738
414.79175,0.22957
414.79989,0.23918
414.80803,0.07909
414.81618,1.45740
414.82432,1.11992
414.83246,0.11691
414.84060,3.87506
414.84874,4.52622
414.85689,0.16466
414.86503,1.83281
414.87317,0.22264
414.88131,0.69871
414.88946,1.15388
414.89760,1.37782
414.90574,1.29575
414.91388,0.76205
414.92203,0.53172
414.93017,6.11853
414.93831,2.11057
414.94645,0.62616
414.95459,0.45601
414.96274,0.41684
414.97088,0.26109
414.97902,0.05035
414.98716,0.19746
414.99531,0.45185
415.00345,0.15290
415.01159,0.37082
415.01973,0.58810
415.02787,0.12972
415.03602,0.08200
415.04416,0.45462
415.05230,0.75807
415.06044,0.09179
415.06859,0.81846
415.07673,1.25463
415.08487,0.37364
415.09301,1.99779
415.10116,1.41412
415.10930,1.11018
415.11744,1.16312
415.12558,0.17089
415.13372,0.76442
415.14187,3.41938
415.15001,0.43044
415.15815,0.24689
415.16629,3.25584
415.17444,0.67492
415.18258,1.40893
415.19072,0.12708
415.19886,0.18777
415.20700,0.52416
415.21515,0.22467
415.22329,0.19912
415.23143,0.09206
415.23957,0.05574
415.24772,0.70576
415.25586,0.05657
415.26400,0.17422
415.27214,0.05722
415.28028,0.10369
415.28843,0.53775
415.29657,0.59305
415.30471,0.20061
415.31285,2.05181
415.32100,0.39555
415.32914,0.34801
415.33728,0.75959
415.34542,1.07522
415.35357,0.14313
415.36171,3.37427
415.36985,3.14440
415.37799,0.34160
415.38613,0.11078
415.39428,0.81412
415.40242,0.62979
415.41056,0.06727
415.41870,0.87395
415.42685,0.01416
415.43499,0.08885
415.44313,0.04478
415.45127,0.06308
415.45941,0.55167
415.46756,0.08259
415.47570,2.03277
415.48384,0.80788
415.49198,0.20970
415.50013,0.21428
415.50827,1.27103
415.51641,0.65277
415.52455,1.73081
415.53270,0.58168
415.54084,0.72775
415.54898,1.43374
415.55712,2.78326
415.56526,0.00397
415.57341,3.77234
415.58155,0.30274
415.58969,1.76549
415.59783,0.15252
415.60598,1.09101
415.61412,0.81218
415.62226,0.24555
415.63040,1.15171
415.63854,0.26349
415.64669,0.37858
415.65483,0.29624
415.66297,2.73084
415.67111,1.40095
415.67926,1.01750
415.68740,0.75979
415.69554,0.27573
415.70368,0.29628
415.71182,0.42222
415.71997,1.19105
415.72811,0.59794
415.73625,0.53245
415.74439,0.55472
415.75254,0.35880
415.76068,0.72500
415.76882,1.79431
415.77696,0.00374
415.78511,0.68276
415.79325,0.50256
415.80139,0.17197
415.80953,1.56171
415.81767,0.69812
415.82582,0.56090
415.83396,0.10387
415.84210,1.09731
415.85024,1.10266
415.85839,0.26931
415.86653,0.46366
415.87467,1.62174
415.88281,2.08754
415.89095,0.32002
415.89910,0.04622
415.90724,1.46677
415.91538,0.87647
415.92352,0.42978
415.93167,0.24230
415.93981,0.70422
415.94795,0.00324
415.95609,3.94885
415.96424,0.29711
415.97238,0.75164
415.98052,1.53660
415.98866,0.27167
415.99680,1.80261
416.00495,0.09956
416.01309,1.95448
416.02123,1.75955
416.02937,0.22602
416.03752,0.29170
416.04566,0.54474
416.05380,1.33907
416.06194,0.25948
416.07008,1.43465
416.07823,3.92053
416.08637,1.13021
416.09451,0.95169
416.10265,1.43178
416.11080,0.03220
416.11894,1.27169
416.12708,1.48291
416.13522,0.71323
416.14337,0.44731
416.15151,0.96934
416.15965,2.99985
416.16779,0.68256
416.17593,0.73615
416.18408,0.62163
416.19222,6.34958
416.20036,1.07497
416.20850,3.91280
416.21665,0.21404
416.22479,0.02763
416.23293,0.24136
416.24107,0.22206
416.24921,0.41414
416.25736,2.09799
416.26550,2.01720
416.27364,2.39516
416.28178,1.82223
416.28993,0.37991
416.29807,0.05976
416.30621,1.27214
416.31435,2.29896
416.32249,1.92954
416.33064,2.91917
416.33878,0.97335
416.34692,2.10919
416.35506,0.15683
416.36321,2.44385
416.37135,2.20368
416.37949,2.11731
416.38763,1.36825
416.39578,0.20910
416.40392,0.18282
416.41206,0.19310
416.42020,2.13151
416.42834,0.07015
416.43649,0.80658
416.44463,0.18278
416.45277,0.51457
416.46091,0.14349
416.46906,3.05968
416.47720,0.54372
416.48534,3.41103
416.49348,0.24872
416.50162,1.47740
416.50977,0.00278
416.51791,0.16995
416.52605,3.14041
416.53419,0.91248
416.54234,4.11896
416.55048,1.19863
416.55862,2.98489
416.56676,0.01842
416.57491,1.50949
416.58305,0.98072
416.59119,3.67866
416.59933,1.15347
416.60747,0.23254
416.61562,0.01385
416.62376,0.26545
416.63190,0.16993
416.64004,0.86341
416.64819,1.46980
416.65633,0.12497
416.66447,0.06783
416.67261,1.18423
416.68075,2.18044
416.68890,3.48363
416.69704,0.71514
416.70518,1.76262
416.71332,1.17826
416.72147,1.48793
416.72961,1.61571
416.73775,0.26324
416.74589,1.83184
416.75403,0.09791
416.76218,0.40209
416.77032,3.39570
416.77846,2.14448
416.78660,0.12797
416.79475,0.41139
416.80289,1.09988
416.81103,1.29184
416.81917,1.24857
416.82732,9.67455
416.83546,0.00152
416.84360,0.45892
416.85174,0.00842
416.85988,4.77587
416.86803,8.36729
416.87617,2.67869
416.88431,2.11986
416.89245,3.86051
416.90060,3.59500
416.90874,0.69460
416.91688,0.37281
416.92502,1.64179
416.93316,0.29098
416.94131,0.81352
416.94945,0.10980
416.95759,3.56385
416.96573,0.54132
416.97388,2.25957
416.98202,3.59644
416.99016,0.08378
416.99830,0.77838
417.00645,7.74098
417.01459,2.97690
417.02273,5.26389
417.03087,2.37577
417.03901,2.87211
417.04716,0.38700
417.05530,0.82862
417.06344,0.18945
417.07158,1.99585
417.07973,3.70166
417.08787,0.46972
417.09601,1.64853
417.10415,2.45151
417.11229,2.43333
417.12044,0.09617
417.12858,0.21355
417.13672,0.34207
417.14486,1.21962
417.15301,1.51777
417.16115,0.48522
417.16929,2.92555
417.17743,1.14072
417.18557,2.30960
417.19372,1.56578
417.20186,0.11766
417.21000,1.11531
417.21814,0.17273
417.22629,2.68378
417.23443,1.09152
417.24257,0.83924
417.25071,3.76505
417.25886,0.62852
417.26700,0.27644
417.27514,1.50014
417.28328,0.28141
417.29142,1.38602
417.29957,1.39464
417.30771,1.07180
417.31585,0.52108
417.32399,1.08472
417.33214,1.92836
417.34028,3.34758
417.34842,1.20249
417.35656,2.77780
417.36470,2.38585
417.37285,3.07656
417.38099,2.41225
417.38913,1.71734
417.39727,0.03347
417.40542,3.21107
417.41356,0.84307
417.42170,0.36857
417.42984,1.17511
417.43799,0.78354
417.44613,3.86247
417.45427,1.46885
417.46241,0.07080
417.47055,4.39175
417.47870,3.89245
417.48684,2.17036
417.49498,0.23944
417.50312,6.06022
417.51127,7.91248
417.51941,1.59130
417.52755,3.59697
417.53569,10.22145
417.54383,0.27294
417.55198,0.82354
417.56012,0.84426
417.56826,5.16597
417.57640,1.57941
417.58455,3.29418
417.59269,2.54049
417.60083,0.05341
417.60897,0.36170
417.61712,4.36960
417.62526,0.91695
417.63340,1.67108
417.64154,3.08840
417.64968,4.44716
417.65783,1.88679
417.66597,0.19040
417.67411,0.84424
417.68225,2.36129
417.69040,0.06495
417.69854,3.25539
417.70668,0.32874
417.71482,1.48843
417.72296,0.46258
417.73111,0.63110
417.73925,1.48385
417.74739,1.20710
417.75553,0.23112
417.76368,2.73923
417.77182,1.13781
417.77996,4.32342
417.78810,0.97807
417.79624,0.97102
417.80439,4.96338
417.81253,2.85524
417.82067,0.00825
417.82881,0.00568
417.83696,5.22456
417.84510,0.52907
417.85324,0.63517
417.86138,1.48017
417.86953,1.12790
417.87767,0.55836
417.88581,2.98570
417.89395,0.03182
417.90209,1.12517
417.91024,3.88264
417.91838,0.09422
417.92652,0.72429
417.93466,1.28476
417.94281,3.13281
417.95095,0.64294
417.95909,0.00395
417.96723,0.39720
417.97537,1.69173
417.98352,0.12325
417.99166,1.81546
417.99980,0.28170
418.00794,1.05572
418.01609,1.08403
418.02423,0.16734
418.03237,0.59354
418.04051,0.82214
418.04866,1.33296
418.05680,0.15263
418.06494,0.63034
418.07308,0.56811
418.08122,0.49838
418.08937,1.51112
418.09751,1.50756
418.10565,0.36582
418.11379,0.08215
418.12194,0.11812
418.13008,2.46748
418.13822,1.12077
418.14636,1.02566
418.15450,0.31851
418.16265,0.34052
418.17079,0.16096
418.17893,2.65150
418.18707,4.91009
418.19522,4.28768
418.20336,0.29444
418.21150,0.31014
418.21964,0.09516
418.22778,0.16703
418.23593,1.12823
418.24407,1.32465
418.25221,1.18472
418.26035,2.11755
418.26850,0.33249
418.27664,0.28742
418.28478,1.30734
418.29292,2.26781
418.30107,2.61200
418.30921,1.06236
418.31735,0.10027
418.32549,4.54428
418.33363,0.73822
418.34178,2.65187
418.34992,3.80431
418.35806,0.74195
418.36620,1.41320
418.37435,0.15590
418.38249,0.39984
418.39063,0.61342
418.39877,2.22673
418.40691,1.22168
418.41506,1.75000
418.42320,3.85116
418.43134,3.20807
418.43948,2.49788
418.44763,1.65640
418.45577,0.45511
418.46391,0.55200
418.47205,1.26447
418.48020,2.46929
418.48834,0.88764
418.49648,0.05212
418.50462,0.09630
418.51276,0.85084
418.52091,0.36491
418.52905,4.93911
418.53719,0.67087
418.54533,1.49545
418.55348,0.00916
418.56162,0.62517
418.56976,11.95378
418.57790,0.20310
418.58604,2.38729
418.59419,0.07464
418.60233,0.87496
418.61047,0.96182
418.61861,0.62583
418.62676,1.37402
418.63490,3.55070
418.64304,0.95022
418.65118,0.84216
418.65933,0.24675
418.66747,0.57036
418.67561,2.33004
418.68375,0.17469
418.69189,1.95236
418.70004,1.84144
418.70818,0.71307
418.71632,1.07958
418.72446,0.10600
418.73261,1.45185
418.74075,1.25660
418.74889,1.93544
418.75703,0.46868
418.76517,0.75291
418.77332,1.51009
418.78146,1.55282
418.78960,0.42610
418.79774,2.24179
418.80589,0.06284
418.81403,1.01856
418.82217,1.07580
418.83031,0.43518
418.83845,0.02792
418.84660,4.57129
418.85474,1.18241
418.86288,1.19030
418.87102,0.25421
418.87917,1.25389
418.88731,2.67014
418.89545,2.49565
418.90359,5.60058
418.91174,2.34218
418.91988,0.81242
418.92802,0.19237
418.93616,1.62872
418.94430,2.33472
418.95245,1.78938
418.96059,4.96301
418.96873,3.48480
418.97687,6.31208
418.98502,0.31387
418.99316,6.34146
419.00130,5.27382
419.00944,2.38051
419.01758,0.29885
419.02573,0.41437
419.03387,0.22034
419.04201,6.00764
419.05015,4.55580
419.05830,1.11995
419.06644,2.07789
419.07458,1.21380
419.08272,2.90842
419.09087,0.21092
419.09901,1.53301
419.10715,1.55009
419.11529,2.23363
419.12343,1.44629
419.13158,1.14827
419.13972,1.40219
419.14786,0.60429
419.15600,1.41708
419.16415,2.16301
419.17229,0.93341
419.18043,0.15419
419.18857,2.18682
419.19671,1.23484
419.20486,0.05699
419.21300,0.16952
419.22114,0.04591
419.22928,6.05977
419.23743,6.66904
419.24557,0.26505
419.25371,4.92057
419.26185,8.33333
419.26999,2.31290
419.27814,0.16510
419.28628,2.38835
419.29442,8.26005
419.30256,8.13770
419.31071,0.18203
419.31885,1.06600
419.32699,6.02883
419.33513,3.12523
419.34328,4.83270
419.35142,1.36275
419.35956,1.34555
419.36770,4.33730
419.37584,0.11711
419.38399,0.24181
419.39213,2.13066
419.40027,3.08443
419.40841,1.35501
419.41656,3.26549
419.42470,2.03862
419.43284,3.53519
419.44098,3.53659
419.44912,0.54981
419.45727,1.76344
419.46541,0.51191
419.47355,2.20462
419.48169,0.32531
419.48984,2.43525
419.49798,0.14082
419.50612,0.79952
419.51426,0.50255
419.52241,1.11584
419.53055,1.56175
419.53869,0.38775
419.54683,0.49359
419.55497,0.45613
419.56312,1.09151
419.57126,0.67673
419.57940,2.61130
419.58754,4.64289
419.59569,0.15825
419.60383,0.79882
419.61197,2.26621
419.62011,12.67889
419.62825,2.84853
419.63640,0.08121
419.64454,4.39169
419.65268,2.66556
419.66082,3.38023
419.66897,7.24233
419.67711,12.80281
419.68525,2.86547
419.69339,0.74111
419.70153,3.21816
419.70968,0.63184
419.71782,0.34405
419.72596,1.71965
419.73410,3.76809
419.74225,6.27185
419.75039,1.82059
419.75853,2.42263
419.76667,1.82789
419.77482,3.33113
419.78296,0.59404
419.79110,0.27089
419.79924,0.84004
419.80738,2.92115
419.81553,2.18778
419.82367,6.07533
419.83181,0.58809
419.83995,5.11186
419.84810,0.03592
419.85624,0.13732
419.86438,0.42265
419.87252,0.94720
419.88066,4.80328
419.88881,0.06027
419.89695,2.15335
419.90509,0.81759
419.91323,3.98544
419.92138,0.96812
419.92952,0.42559
419.93766,0.52355
419.94580,0.48973
419.95395,5.38227
419.96209,0.40235
419.97023,1.20833
419.97837,0.18832
419.98651,3.66349
419.99466,1.05653
420.00280,2.28464
420.01094,0.36935
420.01908,2.33632
420.02723,0.32260
420.03537,2.54431
420.04351,0.54888
420.05165,1.76299
420.05979,5.24831
420.06794,2.09873
420.07608,6.61718
420.08422,4.16417
420.09236,1.29341
420.10051,1.58948
420.10865,1.46785
420.11679,0.44634
420.12493,1.82241
420.13308,1.62186
420.14122,0.25789
420.14936,0.12745
420.15750,2.16973
420.16564,1.89327
420.17379,7.98445
420.18193,1.59934
420.19007,5.22105
420.19821,0.96299
420.20636,0.37549
420.21450,6.82540
420.22264,2.71050
420.23078,4.10196
420.23892,1.21829
420.24707,4.03029
420.25521,1.26528
420.26335,2.30021
420.27149,2.80071
420.27964,4.98307
420.28778,1.54539
420.29592,0.60742
420.30406,1.33659
420.31220,0.05163
420.32035,0.46123
420.32849,0.35803
420.33663,1.34091
420.34477,0.61596
420.35292,1.91986
420.36106,0.14668
420.36920,1.05772
420.37734,1.17240
420.38549,2.86461
420.39363,1.13218
420.40177,0.17998
420.40991,0.31231
420.41805,0.43588
420.42620,0.90844
420.43434,0.05275
420.44248,0.49733
420.45062,2.29585
420.45877,1.32776
420.46691,1.42633
420.47505,0.15260
420.48319,6.47926
420.49133,4.37280
420.49948,0.06446
420.50762,1.93136
420.51576,0.11541
420.52390,2.70297
420.53205,1.46746
420.54019,1.29744
420.54833,1.42749
420.55647,0.68004
420.56462,0.91111
420.57276,1.17809
420.58090,0.57682
420.58904,0.58094
420.59718,0.57128
420.60533,0.58929
420.61347,0.36332
420.62161,0.63981
420.62975,0.09541
420.63790,0.64416
420.64604,3.21417
420.65418,1.36195
420.66232,0.98105
420.67046,1.04130
420.67861,0.22091
420.68675,0.25310
420.69489,0.98914
420.70303,0.90019
420.71118,1.97441
420.71932,1.16455
420.72746,0.19194
420.73560,4.96502
420.74374,0.90819
420.75189,3.57657
420.76003,0.32761
420.76817,2.58802
420.77631,3.74268
420.78446,0.04211
420.79260,3.14469
420.80074,2.15173
420.80888,0.52742
420.81703,1.69392
420.82517,0.23419
420.83331,0.85710
420.84145,0.14005
420.84959,0.28260
420.85774,0.46251
420.86588,2.47650
420.87402,0.46983
420.88216,0.12724
420.89031,0.33559
420.89845,3.89907
420.90659,0.14841
420.91473,1.24028
420.92287,2.47860
420.93102,1.02104
420.93916,2.69972
420.94730,0.54660
420.95544,0.26941
420.96359,0.14293
420.97173,0.77425
420.97987,0.20359
420.98801,0.02395
420.99616,1.12129
421.00430,1.44588
421.01244,2.16876
421.02058,0.97686
421.02872,0.14712
421.03687,0.22657
421.04501,0.89286
421.05315,1.18886
421.06129,1.77845
421.06944,0.19126
421.07758,3.46865
421.08572,0.95077
421.09386,0.30908
421.10200,0.26047
421.11015,0.14908
421.11829,0.51265
421.12643,1.35876
421.13457,2.17108
421.14272,0.04832
421.15086,1.11465
421.15900,1.39475
421.16714,0.38866
421.17529,0.47750
421.18343,0.04614
421.19157,0.15141
421.19971,0.41550
421.20785,2.68382
421.21600,2.76761
421.22414,2.21934
421.23228,0.04672
421.24042,0.01719
421.24857,0.42389
421.25671,0.42881
421.26485,0.22708
421.27299,2.36263
421.28113,0.41626
421.28928,0.46646
421.29742,0.71419
421.30556,0.89809
421.31370,0.23737
421.32185,0.49317
421.32999,0.59604
421.33813,1.15330
421.34627,1.32837
421.35441,1.52672
421.36256,0.02456
421.37070,1.44445
421.37884,0.53083
421.38698,0.62454
421.39513,1.87443
421.40327,1.71623
421.41141,0.50871
421.41955,0.73266
421.42770,0.52549
421.43584,0.73546
421.44398,0.08281
421.45212,1.58516
421.46026,0.54212
421.46841,1.14827
421.47655,0.15739
421.48469,1.02022
421.49283,1.70310
421.50098,0.23366
421.50912,0.76777
421.51726,0.41378
421.52540,1.78788
421.53354,1.61597
421.54169,0.00068
421.54983,0.06336
421.55797,0.02141
421.56611,1.27676
421.57426,0.86151
421.58240,0.29572
421.59054,0.22245
421.59868,3.45018
421.60683,2.28688
421.61497,0.03738
421.62311,0.09763
421.63125,1.19668
421.63939,1.57380
421.64754,0.18954
421.65568,0.85850
421.66382,0.14841
421.67196,0.05269
421.68011,0.25163
421.68825,0.47655
421.69639,0.11168
421.70453,0.39683
421.71267,1.55162
421.72082,0.87965
421.72896,2.29574
421.73710,3.80731
421.74524,1.83487
421.75339,0.58632
421.76153,1.61147
421.76967,0.13572
421.77781,0.83133
421.78595,0.47440
421.79410,0.80207
421.80224,3.06770
421.81038,1.04267
421.81852,0.55387
421.82667,0.05594
421.83481,0.54445
421.84295,0.06714
421.85109,0.50641
421.85924,0.36337
421.86738,0.60048
421.87552,0.29528
421.88366,0.09554
421.89180,0.01962
421.89995,0.64274
421.90809,0.28005
421.91623,0.06800
421.92437,1.24932
421.93252,0.05583
421.94066,0.54492
421.94880,1.92902
421.95694,0.14297
421.96508,4.01296
421.97323,1.11565
421.98137,0.02151
421.98951,2.52288
421.99765,1.50720
422.00580,2.04306
422.01394,0.89511
422.02208,0.09057
422.03022,1.06546
422.03837,2.97493
422.04651,0.36992
422.05465,1.12973
422.06279,0.83934
422.07093,0.80032
422.07908,0.22784
422.08722,2.66287
422.09536,1.77037
422.10350,0.36127
422.11165,0.15712
422.11979,0.71550
422.12793,1.37690
422.13607,1.72898
422.14421,2.94574
422.15236,1.99680
422.16050,0.34828
422.16864,0.32143
422.17678,0.05009
422.18493,3.41514
422.19307,0.18263
422.20121,1.56772
422.20935,0.60866
422.21749,2.21689
422.22564,0.32180
422.23378,1.04094
422.24192,2.88856
422.25006,0.38913
422.25821,3.09215
422.26635,0.90075
422.27449,0.92431
422.28263,1.49301
422.29078,0.11761
422.29892,0.65204
422.30706,0.05278
422.31520,0.12027
422.32334,0.18931
422.33149,5.26287
422.33963,0.96909
422.34777,0.29452
422.35591,0.47519
422.36406,0.13926
422.37220,0.06835
422.38034,0.77076
422.38848,0.18527
422.39662,5.57869
422.40477,2.21835
422.41291,2.04794
422.42105,0.39285
422.42919,1.09362
422.43734,0.90947
422.44548,0.20001
422.45362,1.97822
422.46176,0.11350
422.46991,1.34241
422.47805,0.25652
422.48619,1.88333
422.49433,1.64057
422.50247,3.60732
422.51062,0.10995
422.51876,1.16927
422.52690,3.37198
422.53504,0.34599
422.54319,1.39676
422.55133,2.07470
422.55947,1.02410
422.56761,0.51231
422.57575,0.81719
422.58390,0.73210
422.59204,0.20205
422.60018,0.00969
422.60832,0.19905
422.61647,0.19496
422.62461,0.14280
422.63275,2.25623
422.64089,0.25581
422.64904,0.29792
422.65718,0.14089
422.66532,3.47975
422.67346,0.30429
422.68160,0.11176
422.68975,0.59351
422.69789,2.60941
422.70603,0.56631
422.71417,0.85192
422.72232,1.09149
422.73046,0.03730
422.73860,0.05266
422.74674,0.08431
422.75488,0.03751
422.76303,0.29937
422.77117,0.27358
422.77931,0.63875
422.78745,0.08782
422.79560,1.92474
422.80374,2.62486
422.81188,0.38263
422.82002,0.10416
422.82816,0.37048
422.83631,0.30443
422.84445,0.48981
422.85259,1.66855
422.86073,3.11736
422.86888,1.61917
422.87702,0.76037
422.88516,2.68253
422.89330,0.07135
422.90145,0.49083
422.90959,0.02277
422.91773,1.10660
422.92587,0.28883
422.93401,0.94557
422.94216,2.54417
422.95030,0.33511
422.95844,0.00026
422.96658,3.47576
422.97473,0.36552
422.98287,0.02194
422.99101,0.44452
422.99915,1.59175
423.00729,0.18449
423.01544,1.05489
423.02358,1.12562
423.03172,0.69992
423.03986,2.39005
423.04801,0.23297
423.05615,0.29483
423.06429,0.32962
423.07243,0.61372
423.08058,0.91054
423.08872,0.25424
423.09686,0.94001
423.10500,0.26320
423.11314,0.37813
423.12129,0.04897
423.12943,0.52309
423.13757,0.09827
423.14571,1.28231
423.15386,0.81760
423.16200,0.28825
423.17014,0.38463
423.17828,1.01147
423.18642,0.94038
423.19457,0.35578
423.20271,0.06415
423.21085,1.26762
423.21899,1.58797
423.22714,0.41490
423.23528,1.00573
423.24342,1.22915
423.25156,1.45079
423.25970,3.27096
423.26785,1.52216
423.27599,1.20653
423.28413,1.85592
423.29227,0.98850
423.30042,0.80260
423.30856,1.39618
423.31670,0.18758
423.32484,0.24112
423.33299,0.30899
423.34113,1.72865
423.34927,0.83844
423.35741,2.38332
423.36555,1.90740
423.37370,0.03543
423.38184,0.76685
423.38998,0.44075
423.39812,2.45021
423.40627,0.77576
423.41441,2.80862
423.42255,2.52818
423.43069,0.42726
423.43883,1.16116
423.44698,1.12402
423.45512,0.75203
423.46326,0.30551
423.47140,2.83037
423.47955,0.07718
423.48769,0.95365
423.49583,0.03379
423.50397,0.82159
423.51212,0.98685
423.52026,0.03359
423.52840,0.61407
423.53654,1.09757
423.54468,1.02615
423.55283,1.25415
423.56097,0.12104
423.56911,0.22330
423.57725,0.01984
423.58540,2.05831
423.59354,3.85323
423.60168,1.30800
423.60982,0.92444
423.61796,0.37904
423.62611,0.03480
423.63425,0.14426
423.64239,0.00250
423.65053,0.10339
423.65868,0.59133
423.66682,0.09829
423.67496,1.14129
423.68310,0.33859
423.69125,2.35234
423.69939,0.16015
423.70753,0.57021
423.71567,0.48132
423.72381,0.23494
423.73196,1.43146
423.74010,0.33027
423.74824,0.60133
423.75638,0.81792
423.76453,1.18332
423.77267,0.18818
423.78081,1.00028
423.78895,0.40612
423.79709,3.12205
423.80524,1.60695
423.81338,2.74367
423.82152,0.73284
423.82966,1.16988
423.83781,1.37855
423.84595,0.38801
423.85409,5.75808
423.86223,2.39151
423.87037,0.51349
423.87852,1.91707
423.88666,1.30315
423.89480,2.14744
423.90294,2.39075
423.91109,0.79907
423.91923,1.01499
423.92737,0.28583
423.93551,0.53789
423.94366,0.55645
423.95180,1.04967
423.95994,1.24940
423.96808,0.24753
423.97622,1.74990
423.98437,0.17083
423.99251,1.59504
424.00065,0.49906
424.00879,1.74906
424.01694,1.45820
424.02508,0.55305
424.03322,0.65061
424.04136,1.07903
424.04950,1.97034
424.05765,0.96866
424.06579,2.34705
424.07393,0.39300
424.08207,1.43014
424.09022,1.37963
424.09836,1.70754
424.10650,1.78507
424.11464,0.26443
424.12279,0.56658
424.13093,1.09239
424.13907,1.77414
424.14721,0.80720
424.15535,1.74219
424.16350,1.40923
424.17164,0.80325
424.17978,4.69802
424.18792,1.94388
424.19607,1.39044
424.20421,1.47836
424.21235,0.53064
424.22049,1.08675
424.22863,1.10368
424.23678,2.36567
424.24492,0.53401
424.25306,0.13573
424.26120,1.75063
424.26935,1.59441
424.27749,1.39179
424.28563,0.40171
424.29377,0.95236
424.30191,0.65592
424.31006,0.11524
424.31820,1.30561
424.32634,1.26280
424.33448,0.73653
424.34263,0.35734
424.35077,1.41867
424.35891,0.07923
424.36705,1.73359
424.37520,0.04607
424.38334,0.68771
424.39148,1.86507
424.39962,0.28989
424.40776,1.42785
424.41591,0.58574
424.42405,2.07466
424.43219,2.29263
424.44033,1.27854
424.44848,2.13745
424.45662,0.47090
424.46476,0.71995
424.47290,0.08190
424.48104,0.29382
424.48919,0.59573
424.49733,1.95099
424.50547,1.18457
424.51361,0.42296
424.52176,0.19604
424.52990,1.25253
424.53804,0.29177
424.54618,1.08196
424.55433,1.99021
424.56247,0.62354
424.57061,0.03228
424.57875,2.52517
424.58689,2.98243
424.59504,0.62064
424.60318,0.01467
424.61132,1.00387
424.61946,1.09352
424.62761,1.90825
424.63575,0.77192
424.64389,1.73125
424.65203,0.03198
424.66017,0.25064
424.66832,0.00204
424.67646,0.28713
424.68460,0.35499
424.69274,0.27368
424.70089,0.83434
424.70903,0.51899
424.71717,0.25887
424.72531,0.04666
424.73345,0.35634
424.74160,0.54946
424.74974,0.72124
424.75788,1.26129
424.76602,2.25252
424.77417,0.99812
424.78231,0.35301
424.79045,0.06031
424.79859,0.57292
424.80674,3.26898
424.81488,3.68876
424.82302,0.50833
424.83116,0.80492
424.83930,0.75656
424.84745,0.17512
424.85559,0.91242
424.86373,0.47572
424.87187,0.04707
424.88002,2.92104
424.88816,0.17225
424.89630,1.53022
424.90444,0.51024
424.91258,0.73637
424.92073,0.21370
424.92887,0.28534
424.93701,0.91531
424.94515,0.00496
424.95330,3.92439
424.96144,3.16489
424.96958,0.87677
424.97772,0.30238
424.98587,1.33554
424.99401,0.55447
425.00215,1.18811
425.01029,0.07261
425.01843,0.99814
425.02658,2.00634
425.03472,1.72974
425.04286,1.64856
425.05100,2.11762
425.05915,1.52850
425.06729,2.63787
425.07543,1.54501
425.08357,0.07900
425.09171,1.15099
425.09986,0.40182
425.10800,0.57080
425.11614,0.35926
425.12428,0.75354
425.13243,0.23893
425.14057,0.08846
425.14871,0.26117
425.15685,0.83882
425.16500,0.05132
425.17314,0.03660
425.18128,1.51981
425.18942,0.19595
425.19756,0.32433
425.20571,2.40656
425.21385,0.80313
425.22199,0.01439
425.23013,0.21656
425.23828,0.06195
425.24642,0.49286
425.25456,0.32009
425.26270,1.01486
425.27084,0.27216
425.27899,1.19378
425.28713,1.64476
425.29527,1.00007
425.30341,0.84357
425.31156,1.85428
425.31970,0.07275
425.32784,1.51936
425.33598,0.36039
425.34412,0.82808
425.35227,0.30280
425.36041,0.16023
425.36855,1.28184
425.37669,1.06218
425.38484,1.50694
425.39298,0.34933
425.40112,0.03672
425.40926,0.02008
425.41741,0.01395
425.42555,1.73263
425.43369,0.62875
425.44183,0.31976
425.44997,1.12596
425.45812,1.79226
425.46626,0.46469
425.47440,2.08840
425.48254,4.75829
425.49069,0.83571
425.49883,5.41772
425.50697,0.23050
425.51511,2.67563
425.52325,0.09410
425.53140,1.33865
425.53954,3.21610
425.54768,2.25882
425.55582,0.52174
425.56397,2.34121
425.57211,0.73835
425.58025,0.84726
425.58839,1.00207
425.59654,1.17950
425.60468,3.29513
425.61282,0.52537
425.62096,0.71898
425.62910,0.39585
425.63725,0.78659
425.64539,0.72581
425.65353,0.04817
425.66167,2.78525
425.66982,1.24988
425.67796,0.01590
425.68610,0.12650
425.69424,1.42355
425.70238,0.13458
425.71053,0.67705
425.71867,0.24538
425.72681,0.01196
425.73495,0.25130
425.74310,0.21238
425.75124,0.05931
425.75938,1.39332
425.76752,1.30590
425.77566,0.30724
425.78381,1.27541
425.79195,1.08457
425.80009,0.13675
425.80823,0.13289
425.81638,2.77287
425.82452,0.38467
425.83266,0.94633
425.84080,0.39250
425.84895,0.38949
425.85709,0.83502
425.86523,0.70507
425.87337,0.80982
425.88151,1.46188
425.88966,0.17400
425.89780,0.56621
425.90594,0.11759
425.91408,1.20012
425.92223,0.50551
425.93037,0.63679
425.93851,1.80591
425.94665,0.51291
425.95479,0.25135
425.96294,0.40387
425.97108,0.56569
425.97922,0.41009
425.98736,1.33168
425.99551,0.12453
426.00365,0.43775
426.01179,0.67237
426.01993,0.98730
426.02808,0.00794
426.03622,2.06074
426.04436,0.16204
426.05250,1.48181
426.06064,0.28310
426.06879,2.67264
426.07693,0.03976
426.08507,0.93402
426.09321,0.13754
426.10136,0.28366
426.10950,0.41828
426.11764,0.21413
426.12578,0.66601
426.13392,0.46860
426.14207,0.69887
426.15021,1.82894
426.15835,0.19157
426.16649,0.55584
426.17464,0.53078
426.18278,3.07800
426.19092,0.01874
426.19906,0.92188
426.20721,3.49460
426.21535,0.67204
426.22349,0.93555
426.23163,0.80153
426.23977,0.21958
426.24792,0.26143
426.25606,0.87988
426.26420,3.52372
426.27234,3.58462
426.28049,0.95111
426.28863,1.08769
426.29677,0.49311
426.30491,1.34514
426.31305,1.22923
426.32120,0.68941
426.32934,0.65863
426.33748,0.52213
426.34562,0.83209
426.35377,1.70231
426.36191,0.53490
426.37005,1.34569
426.37819,2.86514
426.38633,0.02046
426.39448,0.23408
426.40262,1.95505
426.41076,0.20674
426.41890,3.34123
426.42705,1.84060
426.43519,0.28531
426.44333,0.24434
426.45147,0.64069
426.45962,1.52317
426.46776,0.08516
426.47590,2.33645
426.48404,0.04455
426.49218,1.16813
426.50033,0.66714
426.50847,0.69118
426.51661,0.97067
426.52475,1.20717
426.53290,3.29410
426.54104,2.99615
426.54918,0.62034
426.55732,1.90131
426.56546,0.04948
426.57361,3.48058
426.58175,2.60342
426.58989,0.46981
426.59803,2.23948
426.60618,0.92428
426.61432,0.04741
426.62246,1.19354
426.63060,2.64136
426.63875,0.35197
426.64689,0.02945
426.65503,0.30136
426.66317,0.47630
426.67131,0.27950
426.67946,0.68726
426.68760,0.34941
426.69574,2.73995
426.70388,2.81946
426.71203,2.69427
426.72017,0.52101
426.72831,1.30750
426.73645,1.95971
426.74459,1.06679
426.75274,1.21740
426.76088,0.08409
426.76902,1.05592
426.77716,0.91405
426.78531,1.18334
426.79345,1.12493
426.80159,0.69436
426.80973,0.34109
426.81787,0.07362
426.82602,0.38838
426.83416,3.69601
426.84230,2.09016
426.85044,1.36501
426.85859,5.81391
426.86673,1.39127
426.87487,1.43522
426.88301,0.87855
426.89116,0.01367
426.89930,1.02297
426.90744,0.37149
426.91558,1.71040
426.92372,1.22340
426.93187,0.05877
426.94001,1.35283
426.94815,4.08050
426.95629,1.65302
426.96444,2.61606
426.97258,0.42724
426.98072,0.17781
426.98886,0.28607
426.99700,0.30148
427.00515,1.66326
427.01329,0.54146
427.02143,5.19665
427.02957,3.86646
427.03772,0.34510
427.04586,2.60773
427.05400,0.02967
427.06214,0.46505
427.07029,0.22258
427.07843,3.30571
427.08657,0.67309
427.09471,0.54246
427.10285,0.11397
427.11100,4.24773
427.11914,0.53413
427.12728,0.26031
427.13542,1.18819
427.14357,3.78578
427.15171,1.02017
427.15985,0.36603
427.16799,1.95151
427.17613,4.78118
427.18428,0.49605
427.19242,0.45817
427.20056,0.00006
427.20870,0.57998
427.21685,2.50256
427.22499,0.08186
427.23313,0.35783
427.24127,1.53186
427.24941,0.24419
427.25756,0.94328
427.26570,0.39382
427.27384,0.42312
427.28198,1.80718
427.29013,2.95403
427.29827,2.15512
427.30641,2.73256
427.31455,3.01893
427.32270,2.12286
427.33084,3.22222
427.33898,0.45798
427.34712,0.42965
427.35526,0.49426
427.36341,1.48523
427.37155,0.59744
427.37969,2.17803
427.38783,1.13774
427.39598,0.36758
427.40412,0.12147
427.41226,0.81750
427.42040,0.92634
427.42854,0.52260
427.43669,0.54662
427.44483,0.87266
427.45297,0.62788
427.46111,0.65064
427.46926,1.26444
427.47740,0.10696
427.48554,0.84340
427.49368,0.40016
427.50183,2.11205
427.50997,0.40271
427.51811,0.49211
427.52625,1.00647
427.53439,1.46391
427.54254,1.16220
427.55068,0.86747
427.55882,1.92200
427.56696,2.19918
427.57511,2.91763
427.58325,0.81943
427.59139,1.24467
427.59953,1.81721
427.60767,0.75972
427.61582,1.59663
427.62396,0.14601
427.63210,2.30622
427.64024,0.33864
427.64839,2.75677
427.65653,0.38079
427.66467,0.10267
427.67281,0.75404
427.68096,0.19802
427.68910,1.48889
427.69724,0.73287
427.70538,0.13207
427.71352,0.70610
427.72167,0.00920
427.72981,0.77134
427.73795,1.30247
427.74609,0.34302
427.75424,0.15246
427.76238,1.27802
427.77052,1.87864
427.77866,1.74725
427.78680,0.17936
427.79495,0.12089
427.80309,0.08098
427.81123,0.87282
427.81937,1.01484
427.82752,0.00394
427.83566,0.21897
427.84380,1.96410
427.85194,2.25871
427.86008,1.66540
427.86823,0.66010
427.87637,1.94998
427.88451,1.95129
427.89265,0.08592
427.90080,1.20053
427.90894,0.22211
427.91708,0.54240
427.92522,1.39335
427.93337,0.46892
427.94151,0.33270
427.94965,3.09696
427.95779,1.30199
427.96593,2.47731
427.97408,0.50654
427.98222,0.10806
427.99036,0.06238
427.99850,0.15073
428.00665,0.83252
428.01479,0.75160
428.02293,0.64903
428.03107,0.49399
428.03921,0.19081
428.04736,1.91627
428.05550,0.33963
428.06364,0.33064
428.07178,0.15140
428.07993,0.02683
428.08807,0.12256
428.09621,1.15369
428.10435,1.36969
428.11250,0.31769
428.12064,3.00732
428.12878,4.27254
428.13692,2.12683
428.14506,0.07304
428.15321,0.86798
428.16135,0.03444
428.16949,0.50208
428.17763,3.47353
428.18578,1.51024
428.19392,3.93304
428.20206,0.69716
428.21020,0.28161
428.21834,1.25308
428.22649,1.23430
428.23463,1.54110
428.24277,2.46975
428.25091,0.02786
428.25906,0.32902
428.26720,0.40972
428.27534,2.20367
428.28348,0.08472
428.29162,0.22069
428.29977,0.11390
428.30791,0.00206
428.31605,0.63943
428.32419,0.09234
428.33234,0.42307
428.34048,0.66644
428.34862,0.80744
428.35676,1.64551
428.36491,1.63734
428.37305,0.79820
428.38119,0.38782
428.38933,0.27021
428.39747,0.75950
428.40562,0.71123
428.41376,0.30882
428.42190,0.26732
428.43004,0.42211
428.43819,2.20001
428.44633,0.40906
428.45447,0.09223
428.46261,1.70392
428.47075,1.83136
428.47890,0.41824
428.48704,0.86563
428.49518,1.05956
428.50332,0.22102
428.51147,0.38062
428.51961,0.03626
428.52775,1.02591
428.53589,0.75991
428.54404,1.82290
428.55218,1.82919
428.56032,1.77378
428.56846,0.44311
428.57660,1.30841
428.58475,0.64980
428.59289,1.32211
428.60103,0.81074
428.60917,0.67477
428.61732,0.58953
428.62546,1.47729
428.63360,2.41905
428.64174,0.49786
428.64988,0.85784
428.65803,0.45842
428.66617,1.77324
428.67431,0.76307
428.68245,0.11869
428.69060,1.41894
428.69874,0.93000
428.70688,0.38515
428.71502,0.30801
428.72317,1.02295
428.73131,0.16683
428.73945,1.06174
428.74759,1.02033
428.75573,3.10580
428.76388,2.69488
428.77202,1.06355
428.78016,0.06008
428.78830,0.45153
428.79645,0.21431
428.80459,0.17966
428.81273,0.16699
428.82087,0.23508
428.82901,0.97025
428.83716,0.66644
428.84530,2.01281
428.85344,0.36818
428.86158,0.55766
428.86973,0.34640
428.87787,1.00307
428.88601,0.25851
428.89415,0.40171
428.90229,0.20517
428.91044,0.86516
428.91858,0.43298
428.92672,0.24862
428.93486,0.06125
428.94301,1.97897
428.95115,0.16321
428.95929,0.21258
428.96743,2.58316
428.97558,0.40983
428.98372,2.72100
428.99186,1.99774
429.00000,0.94024
429.00814,0.44915
429.01629,1.32409
429.02443,1.53635
429.03257,2.68270
429.04071,0.72659
429.04886,0.53703
429.05700,0.33346
429.06514,0.42782
429.07328,2.85931
429.08142,1.11711
429.08957,1.30436
429.09771,1.58864
429.10585,0.36808
429.11399,0.49348
429.12214,0.21148
429.13028,2.65183
429.13842,1.20987
429.14656,0.84040
429.15471,3.69207
429.16285,0.73390
429.17099,1.07174
429.17913,0.15464
429.18727,3.60074
429.19542,0.64688
429.20356,0.02618
429.21170,1.48576
429.21984,1.80390
429.22799,0.37598
429.23613,0.93833
429.24427,0.11924
429.25241,0.51516
429.26055,0.46879
429.26870,1.17588
429.27684,0.22859
429.28498,1.85550
429.29312,1.48989
429.30127,4.77950
429.30941,0.41167
429.31755,0.61799
429.32569,2.75130
429.33383,0.59808
429.34198,2.90171
429.35012,0.78632
429.35826,0.64139
429.36640,0.94444
429.37455,0.05538
429.38269,0.36228
429.39083,0.08290
429.39897,0.93581
429.40712,1.11576
429.41526,1.09849
429.42340,0.12230
429.43154,0.21281
429.43968,1.33212
429.44783,0.94885
429.45597,0.77933
429.46411,1.58066
429.47225,1.31061
429.48040,1.76416
429.48854,2.08607
429.49668,0.11781
429.50482,1.78407
429.51296,0.46314
429.52111,1.28548
429.52925,0.19233
429.53739,0.61407
429.54553,0.06018
429.55368,0.42870
429.56182,1.54526
429.56996,1.12853
429.57810,0.78193
429.58625,3.04733
429.59439,1.58122
429.60253,0.04113
429.61067,0.76946
429.61881,2.42804
429.62696,1.81249
429.63510,0.41484
429.64324,5.94906
429.65138,1.04879
429.65953,1.25731
429.66767,0.00205
429.67581,2.69037
429.68395,0.04933
429.69209,1.96502
429.70024,1.79114
429.70838,0.08788
429.71652,0.58854
429.72466,3.04979
429.73281,0.51000
429.74095,1.31626
429.74909,0.10143
429.75723,0.90328
429.76537,1.94266
429.77352,0.30706
429.78166,1.41496
429.78980,2.52555
429.79794,4.33837
429.80609,0.07076
429.81423,1.65152
429.82237,1.57995
429.83051,0.80294
429.83866,1.08902
429.84680,0.28285
429.85494,0.71076
429.86308,0.61185
429.87122,3.42595
429.87937,2.15372
429.88751,1.11869
429.89565,2.43013
429.90379,0.83547
429.91194,3.68012
429.92008,0.17384
429.92822,4.16152
429.93636,3.11651
429.94450,3.59627
429.95265,1.05454
429.96079,2.61857
429.96893,2.63405
429.97707,0.04250
429.98522,1.29116
429.99336,1.41812
430.00150,4.82517
430.00964,1.34266
430.01779,1.25426
430.02593,3.25992
430.03407,0.42386
430.04221,0.60149
430.05035,0.93101
430.05850,0.15710
430.06664,0.27530
430.07478,6.91612
430.08292,7.93455
430.09107,0.95119
430.09921,4.70544
430.10735,2.97018
430.11549,0.14158
430.12363,5.99958
430.13178,0.04988
430.13992,1.66143
430.14806,3.66863
430.15620,3.74062
430.16435,0.66897
430.17249,4.46260
430.18063,0.38049
430.18877,0.87293
430.19692,1.36349
430.20506,0.10258
430.21320,2.41117
430.22134,0.37774
430.22948,0.80300
430.23763,1.66819
430.24577,0.11455
430.25391,4.14054
430.26205,3.73022
430.27020,4.68907
430.27834,6.37947
430.28648,0.12707
430.29462,4.37812
430.30276,3.75039
430.31091,0.89459
430.31905,0.49824
430.32719,1.85209
430.33533,2.52353
430.34348,4.67043
430.35162,0.04460
430.35976,0.64560
430.36790,1.33927
430.37604,0.01010
430.38419,0.79192
430.39233,2.05048
430.40047,2.22874
430.40861,1.15187
430.41676,2.75387
430.42490,6.69967
430.43304,2.41641
430.44118,3.26166
430.44933,0.82037
430.45747,1.48847
430.46561,0.03466
430.47375,0.92389
430.48189,2.83820
430.49004,3.25275
430.49818,2.78426
430.50632,0.88492
430.51446,0.13845
430.52261,1.84025
430.53075,4.21902
430.53889,0.88710
430.54703,3.14063
430.55517,3.35712
430.56332,2.32760
430.57146,0.36080
430.57960,3.86867
430.58774,1.94363
430.59589,0.57010
430.60403,1.27684
430.61217,0.24869
430.62031,1.05192
430.62846,3.40177
430.63660,3.72825
430.64474,0.01918
430.65288,5.01296
430.66102,0.18545
430.66917,9.52982
430.67731,6.97585
430.68545,1.90685
430.69359,1.22618
430.70174,1.27326
430.70988,1.28882
430.71802,4.15010
430.72616,2.09725
430.73430,4.30778
430.74245,2.58865
430.75059,6.39059
430.75873,0.12702
430.76687,0.08059
430.77502,0.42359
430.78316,2.96502
430.79130,0.48642
430.79944,7.26977
430.80758,7.55073
430.81573,0.30832
430.82387,1.11489
430.83201,0.50329
430.84015,0.94444
430.84830,2.41789
430.85644,0.96542
430.86458,8.13611
430.87272,1.10868
430.88087,2.87046
430.88901,0.55431
430.89715,4.84494
430.90529,0.44048
430.91343,4.09365
430.92158,1.60602
430.92972,2.48499
430.93786,15.18530
430.94600,1.04972
430.95415,3.25146
430.96229,0.05642
430.97043,0.15023
430.97857,0.64781
430.98671,0.41211
430.99486,0.93230
431.00300,0.50169
431.01114,1.11195
431.01928,1.39523
431.02743,1.62398
431.03557,0.29437
431.04371,4.92372
431.05185,1.34247
431.06000,0.57155
431.06814,0.42073
431.07628,0.23240
431.08442,0.66315
431.09256,4.90232
431.10071,7.25661
431.10885,1.17172
431.11699,1.70124
431.12513,3.81292
431.13328,2.45441
431.14142,1.19676
431.14956,1.32797
431.15770,2.91365
431.16584,2.74273
431.17399,1.49287
431.18213,1.51816
431.19027,3.88529
431.19841,1.14631
431.20656,2.50356
431.21470,2.58993
431.22284,1.53459
431.23098,0.70457
431.23913,6.34409
431.24727,1.29515
431.25541,0.50070
431.26355,5.60166
431.27169,0.73775
431.27984,3.68475
431.28798,3.26149
431.29612,2.69235
431.30426,2.95344
431.31241,0.76072
431.32055,0.49743
431.32869,0.37865
431.33683,0.68675
431.34497,10.44240
431.35312,0.69063
431.36126,3.87941
431.36940,1.04233
431.37754,0.67793
431.38569,0.75773
431.39383,0.47899
431.40197,0.01600
431.41011,0.36946
431.41825,0.67428
431.42640,1.54527
431.43454,3.50112
431.44268,1.91699
431.45082,2.65120
431.45897,2.51868
431.46711,0.61188
431.47525,0.12459
431.48339,1.78423
431.49154,1.00242
431.49968,0.71663
431.50782,1.66642
431.51596,0.35710
431.52410,0.32915
431.53225,2.82424
431.54039,0.14709
431.54853,2.24868
431.55667,0.60335
431.56482,1.24801
431.57296,0.50588
431.58110,0.02608
431.58924,1.16802
431.59738,1.54982
431.60553,0.17524
431.61367,0.14747
431.62181,0.10567
431.62995,0.22163
431.63810,0.73727
431.64624,2.75242
431.65438,1.52628
431.66252,1.01826
431.67067,0.65223
431.67881,2.31283
431.68695,0.85386
431.69509,0.97639
431.70323,1.88199
431.71138,2.00230
431.71952,1.14507
431.72766,0.06048
431.73580,0.29495
431.74395,0.36844
431.75209,0.03441
431.76023,6.05395
431.76837,0.23791
431.77651,1.99729
431.78466,2.55930
431.79280,1.49643
431.80094,0.19058
431.80908,0.16619
431.81723,1.12507
431.82537,0.30725
431.83351,4.17096
431.84165,1.81130
431.84979,1.56087
431.85794,1.44644
431.86608,0.28124
431.87422,4.35488
431.88236,1.27280
431.89051,0.52854
431.89865,1.89069
431.90679,0.17903
431.91493,0.66670
431.92308,1.06173
431.93122,0.77421
431.93936,0.18376
431.94750,2.25103
431.95564,1.45447
431.96379,0.65024
431.97193,0.13852
431.98007,1.05180
431.98821,0.89720
431.99636,0.08149
432.00450,1.13306
432.01264,0.46645
432.02078,0.98737
432.02892,1.41901
432.03707,0.30490
432.04521,0.75543
432.05335,0.79807
432.06149,0.15866
432.06964,1.48763
432.07778,1.22514
432.08592,0.47922
432.09406,0.08949
432.10221,1.59620
432.11035,0.26360
432.11849,4.01366
432.12663,0.22596
432.13477,0.33615
432.14292,0.25454
432.15106,0.71809
432.15920,2.37649
432.16734,1.07748
432.17549,0.14201
432.18363,0.23828
432.19177,1.00114
432.19991,0.43345
432.20805,0.55716
432.21620,0.16584
432.22434,3.23382
432.23248,0.62548
432.24062,0.82796
432.24877,0.29444
432.25691,0.60929
432.26505,0.31518
432.27319,0.08822
432.28133,0.15278
432.28948,0.01936
432.29762,0.39318
432.30576,0.09305
432.31390,0.25039
432.32205,0.65280
432.33019,0.27273
432.33833,1.10796
432.34647,0.93080
432.35462,0.67998
432.36276,0.29256
432.37090,0.07688
432.37904,0.05430
432.38718,0.15692
432.39533,0.13791
432.40347,1.50480
432.41161,2.45969
432.41975,0.29769
432.42790,1.49127
432.43604,0.04125
432.44418,0.89542
432.45232,0.83447
432.46046,0.50992
432.46861,0.37571
432.47675,0.29002
432.48489,0.00724
432.49303,0.26769
432.50118,0.47363
432.50932,0.05870
432.51746,0.63556
432.52560,1.68745
432.53375,0.53824
432.54189,1.36615
432.55003,0.57094
432.55817,1.97255
432.56631,0.82765
432.57446,0.31077
432.58260,0.58134
432.59074,1.64792
432.59888,0.86249
432.60703,0.48114
432.61517,0.13305
432.62331,0.84718
432.63145,4.00101
432.63959,2.89021
432.64774,1.56415
432.65588,1.77507
432.66402,2.83594
432.67216,0.56493
432.68031,2.10383
432.68845,2.94887
432.69659,0.08261
432.70473,0.70888
432.71288,1.12574
432.72102,2.24993
432.72916,0.47110
432.73730,0.43125
432.74544,0.58699
432.75359,0.81812
432.76173,0.26511
432.76987,1.06194
432.77801,0.44451
432.78616,0.48575
432.79430,0.37729
432.80244,0.20988
432.81058,0.47073
432.81872,0.95608
432.82687,0.44781
432.83501,0.35678
432.84315,0.00656
432.85129,1.47929
432.85944,1.77408
432.86758,0.10974
432.87572,0.33018
432.88386,0.57972
432.89200,3.11597
432.90015,1.48998
432.90829,3.23331
432.91643,0.09103
432.92457,0.85247
432.93272,0.27052
432.94086,1.77753
432.94900,3.26838
432.95714,0.37619
432.96529,0.53115
432.97343,1.98675
432.98157,1.53006
432.98971,2.13768
432.99785,1.04056
433.00600,1.48472
433.01414,0.59198
433.02228,0.23521
433.03042,2.21316
433.03857,1.60649
433.04671,1.39812
433.05485,1.83195
433.06299,0.80519
433.07113,0.26025
433.07928,0.96602
433.08742,0.28848
433.09556,1.79630
433.10370,0.38545
433.11185,0.04334
433.11999,0.48333
433.12813,1.28375
433.13627,0.14958
433.14442,0.00261
433.15256,0.25895
433.16070,0.01997
433.16884,0.74645
433.17698,0.17629
433.18513,0.46747
433.19327,1.41763
433.20141,0.42676
433.20955,0.15652
433.21770,1.02601
433.22584,1.53653
433.23398,0.00223
433.24212,0.99394
433.25026,2.65246
433.25841,0.52425
433.26655,0.29685
433.27469,0.24209
433.28283,1.41152
433.29098,0.41717
433.29912,0.85235
433.30726,2.96632
433.31540,2.17206
433.32354,1.08992
433.33169,0.15668
433.33983,0.32589
433.34797,1.13612
433.35611,0.49100
433.36426,0.05416
433.37240,1.34103
433.38054,1.42455
433.38868,3.36889
433.39683,2.26333
433.40497,0.77082
433.41311,1.24942
433.42125,2.05406
433.42939,2.61533
433.43754,1.92076
433.44568,0.84915
433.45382,0.57235
433.46196,0.73863
433.47011,1.83346
433.47825,0.83571
433.48639,1.08954
433.49453,0.08326
433.50267,1.26769
433.51082,2.73294
433.51896,2.39371
433.52710,0.89622
433.53524,0.76141
433.54339,2.16305
433.55153,1.09817
433.55967,1.55189
433.56781,0.79466
433.57596,0.28438
433.58410,2.88055
433.59224,0.14515
433.60038,0.25037
433.60852,3.21444
433.61667,0.71883
433.62481,0.57468
433.63295,2.28396
433.64109,0.20221
433.64924,1.64712
433.65738,1.25437
433.66552,0.25858
433.67366,6.33624
433.68180,3.03186
433.68995,1.19317
433.69809,0.29077
433.70623,1.07683
433.71437,0.01611
433.72252,0.05205
433.73066,0.01194
433.73880,0.96580
433.74694,0.01313
433.75509,2.01235
433.76323,0.31843
433.77137,0.00865
433.77951,1.23212
433.78765,0.08756
433.79580,0.24577
433.80394,0.56811
433.81208,0.04514
433.82022,2.43968
433.82837,0.07804
433.83651,0.32396
433.84465,0.27553
433.85279,0.22880
433.86093,0.02389
433.86908,2.99375
433.87722,1.16208
433.88536,0.90740
433.89350,0.29249
433.90165,3.00091
433.90979,0.13864
433.91793,0.36622
433.92607,1.35664
433.93421,2.56833
433.94236,1.56103
433.95050,0.40014
433.95864,0.28869
433.96678,1.74228
433.97493,0.10273
433.98307,3.24486
433.99121,0.17548
433.99935,1.74380
434.00750,1.73739
434.01564,0.50687
434.02378,0.77555
434.03192,0.20491
434.04006,0.21888
434.04821,0.66671
434.05635,0.25645
434.06449,0.57375
434.07263,0.25822
434.08078,0.08012
434.08892,0.11549
434.09706,1.37676
434.10520,0.09473
434.11334,0.57867
434.12149,2.44374
434.12963,0.65325
434.13777,1.22602
434.14591,2.86078
434.15406,0.43756
434.16220,0.25486
434.17034,0.38287
434.17848,0.57573
434.18663,2.23116
434.19477,0.89180
434.20291,0.41110
434.21105,0.24289
434.21919,0.82369
434.22734,0.52439
434.23548,0.35210
434.24362,2.18183
434.25176,0.39348
434.25991,0.16696
434.26805,0.42575
434.27619,1.58445
434.28433,1.02076
434.29247,0.79361
434.30062,0.82778
434.30876,0.59044
434.31690,0.25605
434.32504,1.01065
434.33319,0.99042
434.34133,0.64426
434.34947,0.00636
434.35761,0.17064
434.36575,2.69750
434.37390,0.60261
434.38204,0.41121
434.39018,0.61210
434.39832,0.88944
434.40647,0.60837
434.41461,0.40963
434.42275,2.03208
434.43089,0.30444
434.43904,1.27166
434.44718,1.09937
434.45532,0.42641
434.46346,0.57393
434.47160,0.85134
434.47975,1.52876
434.48789,3.88428
434.49603,0.99348
434.50417,0.59013
434.51232,0.74619
434.52046,3.50514
434.52860,0.35271
434.53674,0.23286
434.54488,0.18140
434.55303,5.24130
434.56117,1.06188
434.56931,0.47439
434.57745,2.98886
434.58560,0.49914
434.59374,0.65494
434.60188,0.08004
434.61002,0.71757
434.61817,1.91785
434.62631,0.20849
434.63445,0.53653
434.64259,0.14117
434.65073,0.80694
434.65888,2.18626
434.66702,2.18244
434.67516,2.52817
434.68330,0.71447
434.69145,0.88314
434.69959,0.28609
434.70773,0.06249
434.71587,0.44821
434.72401,1.95347
434.73216,0.29925
434.74030,0.43009
434.74844,0.17718
434.75658,0.68798
434.76473,0.30705
434.77287,1.49709
434.78101,0.02667
434.78915,0.43437
434.79729,0.20201
434.80544,0.32888
434.81358,0.03108
434.82172,0.11095
434.82986,0.64420
434.83801,0.84516
434.84615,1.32941
434.85429,1.68995
434.86243,0.76225
434.87058,1.29871
434.87872,1.06471
434.88686,0.51869
434.89500,0.31328
434.90314,1.19786
434.91129,0.50734
434.91943,0.19675
434.92757,1.11219
434.93571,1.59200
434.94386,0.32993
434.95200,0.25364
434.96014,0.41489
434.96828,0.86484
434.97642,0.40143
434.98457,2.17599
434.99271,0.34913
435.00085,0.26607
435.00899,0.13359
435.01714,1.11985
435.02528,1.11969
435.03342,2.89359
435.04156,1.10151
435.04971,0.07717
435.05785,1.52342
435.06599,1.69023
435.07413,1.47246
435.08227,0.22022
435.09042,4.96932
435.09856,0.95378
435.10670,0.90892
435.11484,0.37780
435.12299,1.49196
435.13113,5.08073
435.13927,0.26513
435.14741,2.30159
435.15555,1.10171
435.16370,0.41828
435.17184,0.09933
435.17998,0.85577
435.18812,0.03004
435.19627,1.35023
435.20441,0.25948
435.21255,1.42182
435.22069,0.13054
435.22884,0.52634
435.23698,2.18714
435.24512,1.10273
435.25326,1.13641
435.26140,1.64370
435.26955,2.34458
435.27769,2.18598
435.28583,1.01155
435.29397,0.48868
435.30212,0.24737
435.31026,0.10157
435.31840,0.05353
435.32654,0.32379
435.33468,1.39236
435.34283,1.15046
435.35097,0.10928
435.35911,0.36178
435.36725,0.70083
435.37540,0.29968
435.38354,0.76045
435.39168,0.15409
435.39982,0.43274
435.40796,0.81374
435.41611,0.05269
435.42425,0.72138
435.43239,0.28929
435.44053,0.80282
435.44868,0.57746
435.45682,0.07958
435.46496,0.64784
435.47310,1.86166
435.48125,0.01857
435.48939,0.81671
435.49753,0.28808
435.50567,0.22861
435.51381,0.66665
435.52196,4.74829
435.53010,1.17493
435.53824,1.90266
435.54638,0.63919
435.55453,0.01871
435.56267,0.03840
435.57081,0.76292
435.57895,0.47974
435.58709,0.02255
435.59524,1.47726
435.60338,1.73901
435.61152,1.21653
435.61966,0.54463
435.62781,0.24205
435.63595,1.92278
435.64409,0.48047
435.65223,0.04248
435.66038,0.66079
435.66852,0.10541
435.67666,0.19858
435.68480,0.71711
435.69294,0.92458
435.70109,0.91254
435.70923,0.15790
435.71737,0.16684
435.72551,0.61053
435.73366,0.03567
435.74180,0.51938
435.74994,1.10327
435.75808,0.32271
435.76622,0.76643
435.77437,0.21084
435.78251,0.15846
435.79065,0.73993
435.79879,1.55148
435.80694,0.13108
435.81508,0.92468
435.82322,0.91674
435.83136,0.96099
435.83950,1.40304
435.84765,0.74014
435.85579,0.49409
435.86393,1.14734
435.87207,0.26623
435.88022,1.33940
435.88836,0.14466
435.89650,0.25988
435.90464,0.34641
435.91279,0.16535
435.92093,2.52110
435.92907,1.04991
435.93721,2.41324
435.94535,0.52649
435.95350,1.08623
435.96164,0.69826
435.96978,0.98153
435.97792,0.19564
435.98607,0.10978
435.99421,1.73596
436.00235,0.10128
436.01049,1.10977
436.01863,0.79221
436.02678,0.65135
436.03492,0.42527
436.04306,0.93727
436.05120,0.56600
436.05935,0.47861
436.06749,1.18050
436.07563,1.58921
436.08377,1.66383
436.09192,0.29289
436.10006,0.53053
436.10820,1.27612
436.11634,1.56604
436.12448,0.70387
436.13263,0.52849
436.14077,0.61236
436.14891,0.18438
436.15705,0.45686
436.16520,0.28163
436.17334,0.06003
436.18148,0.76019
436.18962,1.26884
436.19776,0.94659
436.20591,0.19923
436.21405,0.79219
436.22219,0.71825
436.23033,2.02370
436.23848,1.43996
436.24662,0.53849
436.25476,0.97567
436.26290,0.61889
436.27105,0.79350
436.27919,0.63727
436.28733,0.38567
436.29547,0.70171
436.30361,1.60172
436.31176,1.95064
436.31990,0.25104
436.32804,0.20648
436.33618,0.87851
436.34433,0.06649
436.35247,2.35415
436.36061,0.16651
436.36875,0.50495
436.37689,0.87195
436.38504,1.52506
436.39318,0.54307
436.40132,0.67063
436.40946,1.20481
436.41761,0.49725
436.42575,0.97179
436.43389,0.63787
436.44203,1.21789
436.45017,0.26919
436.45832,0.98061
436.46646,0.22008
436.47460,0.51228
436.48274,0.95086
436.49089,1.67866
436.49903,0.01897
436.50717,0.80450
436.51531,2.46486
436.52346,0.22218
436.53160,2.14014
436.53974,0.39715
436.54788,0.83037
436.55602,3.09234
436.56417,0.08272
436.57231,0.02413
436.58045,1.95986
436.58859,1.34345
436.59674,0.75980
436.60488,0.19297
436.61302,0.44785
436.62116,0.46490
436.62930,1.02891
436.63745,0.75154
436.64559,2.09274
436.65373,1.35710
436.66187,2.61283
436.67002,0.28631
436.67816,1.13483
436.68630,3.28977
436.69444,0.89467
436.70259,0.05706
436.71073,0.11291
436.71887,1.02718
436.72701,0.05267
436.73515,0.54606
436.74330,0.39195
436.75144,0.05210
436.75958,0.56384
436.76772,0.42383
436.77587,0.00803
436.78401,0.14469
436.79215,0.34567
436.80029,0.23994
436.80843,0.37550
436.81658,0.58420
436.82472,0.59610
436.83286,1.25386
436.84100,0.24978
436.84915,0.78178
436.85729,0.41763
436.86543,0.68068
436.87357,1.33655
436.88171,0.40321
436.88986,0.04547
436.89800,0.00915
436.90614,1.26051
436.91428,1.43122
436.92243,0.39295
436.93057,0.38940
436.93871,1.65728
436.94685,0.36723
436.95500,0.02866
436.96314,0.73891
436.97128,0.30108
436.97942,0.46151
436.98756,1.12188
436.99571,0.19297
437.00385,0.09395
437.01199,0.81944
437.02013,2.04751
437.02828,0.14880
437.03642,0.17674
437.04456,1.62286
437.05270,1.92535
437.06084,1.34896
437.06899,3.03053
437.07713,3.23923
437.08527,0.09600
437.09341,1.51451
437.10156,1.03192
437.10970,0.07606
437.11784,0.21339
437.12598,0.61613
437.13413,1.40154
437.14227,0.05222
437.15041,1.09363
437.15855,0.08930
437.16669,2.06266
437.17484,0.81005
437.18298,0.02408
437.19112,0.60654
437.19926,0.93478
437.20741,1.79067
437.21555,1.31587
437.22369,1.21253
437.23183,0.35198
437.23997,0.00782
437.24812,1.11720
437.25626,1.12464
437.26440,0.47705
437.27254,0.83680
437.28069,3.93539
437.28883,1.15413
437.29697,1.47262
437.30511,0.02825
437.31325,0.07532
437.32140,0.50511
437.32954,0.38852
437.33768,1.51010
437.34582,0.70323
437.35397,0.61698
437.36211,1.08769
437.37025,0.18377
437.37839,0.01759
437.38654,2.41415
437.39468,0.22894
437.40282,2.92522
437.41096,0.78600
437.41910,0.34105
437.42725,0.47397
437.43539,1.45804
437.44353,0.45751
437.45167,0.00064
437.45982,0.15199
437.46796,0.91921
437.47610,1.76413
437.48424,0.67474
437.49238,0.03513
437.50053,0.72318
437.50867,0.29156
437.51681,0.17638
437.52495,0.58376
437.53310,1.11127
437.54124,0.11854
437.54938,0.50148
437.55752,2.82110
437.56567,0.42617
437.57381,0.43372
437.58195,0.29585
437.59009,0.01428
437.59823,1.30832
437.60638,0.23112
437.61452,1.88279
437.62266,0.46575
437.63080,0.57316
437.63895,1.96495
437.64709,2.17597
437.65523,0.43864
437.66337,0.21790
437.67151,2.93076
437.67966,0.13109
437.68780,1.01192
437.69594,4.83942
437.70408,1.20657
437.71223,0.06226
437.72037,0.87544
437.72851,0.41139
437.73665,1.57494
437.74480,2.83537
437.75294,1.00663
437.76108,2.17828
437.76922,0.38755
437.77736,1.19189
437.78551,0.17435
437.79365,2.45558
437.80179,0.19072
437.80993,0.98224
437.81808,0.71775
437.82622,1.21216
437.83436,1.39209
437.84250,2.25971
437.85064,1.25960
437.85879,0.06680
437.86693,0.56016
437.87507,0.15129
437.88321,0.87620
437.89136,0.32799
437.89950,0.39209
437.90764,0.88572
437.91578,0.45869
437.92392,0.61747
437.93207,1.80032
437.94021,1.00914
437.94835,2.69359
437.95649,0.97277
437.96464,0.46073
437.97278,0.57430
437.98092,1.23408
437.98906,0.81214
437.99721,9.25131
438.00535,0.07406
438.01349,1.63439
438.02163,0.32407
438.02977,0.47816
438.03792,0.42375
438.04606,1.53633
438.05420,1.63929
438.06234,1.07375
438.07049,0.21912
438.07863,0.04020
438.08677,1.27336
438.09491,1.69923
438.10305,0.56942
438.11120,1.26778
438.11934,1.00317
438.12748,0.84351
438.13562,1.23375
438.14377,2.51985
438.15191,0.60217
438.16005,1.07680
438.16819,0.97860
438.17634,1.98355
438.18448,0.71014
438.19262,7.66124
438.20076,0.36341
438.20890,1.99089
438.21705,0.18697
438.22519,1.35698
438.23333,1.73704
438.24147,0.38174
438.24962,5.28576
438.25776,1.43768
438.26590,0.67490
438.27404,4.63681
438.28218,1.81180
438.29033,1.06765
438.29847,2.24407
438.30661,4.00078
438.31475,2.85802
438.32290,0.21634
438.33104,0.66001
438.33918,0.55351
438.34732,0.23408
438.35546,0.08398
438.36361,0.21010
438.37175,1.05667
438.37989,1.13409
438.38803,0.14487
438.39618,1.73763
438.40432,0.88097
438.41246,1.30522
438.42060,0.36752
438.42875,0.57726
438.43689,0.35705
438.44503,0.75470
438.45317,0.00983
438.46131,0.04586
438.46946,0.97217
438.47760,0.64315
438.48574,0.27563
438.49388,0.22234
438.50203,0.21514
438.51017,1.26630
438.51831,4.76556
438.52645,2.32401
438.53459,0.19123
438.54274,1.78230
438.55088,0.28154
438.55902,1.72499
438.56716,0.80156
438.57531,1.31108
438.58345,1.18049
438.59159,0.65631
438.59973,0.25641
438.60788,1.72323
438.61602,4.38162
438.62416,0.04931
438.63230,0.67804
438.64044,0.19779
438.64859,1.84428
438.65673,0.57518
438.66487,0.73644
438.67301,0.22732
438.68116,3.23494
438.68930,1.17640
438.69744,0.50728
438.70558,0.97947
438.71372,0.46526
438.72187,0.71302
438.73001,0.44855
438.73815,0.40719
438.74629,0.17346
438.75444,1.47520
438.76258,0.95468
438.77072,1.67581
438.77886,3.79480
438.78701,1.86302
438.79515,4.24962
438.80329,0.58149
438.81143,0.87217
438.81957,0.62447
438.82772,2.62331
438.83586,1.01764
438.84400,0.75214
438.85214,2.50090
438.86029,0.05531
438.86843,0.35880
438.87657,0.41506
438.88471,2.92068
438.89285,3.40368
438.90100,2.52492
438.90914,1.35366
438.91728,0.27369
438.92542,0.58696
438.93357,1.19127
438.94171,0.01149
438.94985,0.08148
438.95799,1.52429
438.96613,0.04723
438.97428,5.32473
438.98242,0.43711
438.99056,1.61282
438.99870,2.23885
439.00685,0.23828
439.01499,0.60498
439.02313,1.13655
439.03127,0.38616
439.03942,1.18389
439.04756,0.88083
439.05570,0.02942
439.06384,1.31313
439.07198,1.20660
439.08013,2.27703
439.08827,1.10702
439.09641,0.01928
439.10455,0.17902
439.11270,0.32952
439.12084,1.46412
439.12898,0.47624
439.13712,0.78390
439.14526,0.85993
439.15341,0.44124
439.16155,1.64451
439.16969,0.67480
439.17783,1.44604
439.18598,0.07939
439.19412,1.34777
439.20226,5.08794
439.21040,0.04230
439.21855,0.46106
439.22669,2.44229
439.23483,0.57144
439.24297,0.64508
439.25111,0.51090
439.25926,0.08237
439.26740,0.20493
439.27554,3.91174
439.28368,1.33975
439.29183,4.18111
439.29997,0.89390
439.30811,0.24764
439.31625,1.33381
439.32439,0.94198
439.33254,1.93037
439.34068,0.46427
439.34882,1.13317
439.35696,2.11960
439.36511,0.99833
439.37325,0.97363
439.38139,0.49180
439.38953,0.25079
439.39767,0.73181
439.40582,2.14285
439.41396,3.14151
439.42210,0.04593
439.43024,0.69400
439.43839,0.19684
439.44653,1.02166
439.45467,0.03034
439.46281,0.78525
439.47096,0.14881
439.47910,1.68666
439.48724,0.74981
439.49538,0.25051
439.50352,1.87725
439.51167,7.67379
439.51981,0.63056
439.52795,0.16230
439.53609,0.72807
439.54424,0.46520
439.55238,1.33676
439.56052,2.67254
439.56866,0.60442
439.57680,0.38387
439.58495,1.03387
439.59309,0.43286
439.60123,0.58632
439.60937,0.28833
439.61752,1.42020
439.62566,1.95758
439.63380,2.53452
439.64194,2.12959
439.65009,0.02550
439.65823,0.09915
439.66637,2.94981
439.67451,3.85893
439.68265,0.65899
439.69080,1.90118
439.69894,0.60462
439.70708,0.67954
439.71522,2.32210
439.72337,0.66715
439.73151,0.51613
439.73965,1.76817
439.74779,3.20854
439.75593,0.05122
439.76408,1.61570
439.77222,1.96468
439.78036,2.63436
439.78850,0.07129
439.79665,0.07224
439.80479,0.01493
439.81293,0.86643
439.82107,2.61782
439.82921,2.79024
439.83736,0.78724
439.84550,1.77196
439.85364,0.62422
439.86178,0.79694
439.86993,0.98442
439.87807,1.75941
439.88621,2.06848
439.89435,0.31276
439.90250,0.40022
439.91064,1.43620
439.91878,3.35058
439.92692,2.60263
439.93506,1.32189
439.94321,2.28796
439.95135,1.32485
439.95949,0.25549
439.96763,3.08892
439.97578,0.33219
439.98392,2.25706
439.99206,2.15281
440.00020,1.93926
440.00834,0.83093
440.01649,0.05624
440.02463,4.15116
440.03277,1.18112
440.04091,0.38826
440.04906,1.59348
440.05720,3.54969
440.06534,0.80456
440.07348,0.97250
440.08163,0.18018
440.08977,0.08443
440.09791,4.14415
440.10605,0.14794
440.11419,4.18328
440.12234,2.47820
440.13048,2.43969
440.13862,1.50840
440.14676,0.80938
440.15491,0.25799
440.16305,2.43551
440.17119,0.70011
440.17933,0.57990
440.18747,2.56375
440.19562,0.04979
440.20376,1.47512
440.21190,0.48181
440.22004,0.17850
440.22819,0.79202
440.23633,1.57636
440.24447,1.99404
440.25261,3.89088
440.26076,1.19189
440.26890,0.36353
440.27704,0.55402
440.28518,0.31451
440.29332,0.93450
440.30147,1.96645
440.30961,0.78711
440.31775,1.05180
440.32589,0.30775
440.33404,3.18636
440.34218,2.34299
440.35032,4.40536
440.35846,0.92888
440.36660,1.90700
440.37475,0.01518
440.38289,0.81062
440.39103,4.67441
440.39917,1.02007
440.40732,1.41590
440.41546,2.67103
440.42360,1.36601
440.43174,0.56696
440.43988,1.96257
440.44803,0.43744
440.45617,0.79504
440.46431,1.52556
440.47245,0.49338
440.48060,0.12451
440.48874,2.41443
440.49688,1.88857
440.50502,1.14797
440.51317,0.11194
440.52131,3.58181
440.52945,1.22834
440.53759,0.51883
440.54573,0.77379
440.55388,0.10437
440.56202,0.99463
440.57016,2.43075
440.57830,1.25737
440.58645,0.85653
440.59459,0.83117
440.60273,0.19549
440.61087,0.61622
440.61901,0.78904
440.62716,2.58169
440.63530,4.33479
440.64344,2.03283
440.65158,1.31401
440.65973,0.11219
440.66787,0.28841
440.67601,0.97792
440.68415,0.34163
440.69230,3.31897
440.70044,0.33293
440.70858,6.56131
440.71672,0.83955
440.72486,0.03622
440.73301,3.18774
440.74115,0.54789
440.74929,1.00039
440.75743,0.87603
440.76558,0.64680
440.77372,1.00984
440.78186,1.90113
440.79000,3.05787
440.79814,0.92152
440.80629,0.12410
440.81443,0.61859
440.82257,4.43362
440.83071,3.06598
440.83886,0.12217
440.84700,0.59502
440.85514,5.98351
440.86328,2.96255
440.87142,0.02738
440.87957,6.86516
440.88771,0.95454
440.89585,5.49465
440.90399,3.41289
440.91214,0.74834
440.92028,9.02777
440.92842,0.19277
440.93656,0.13106
440.94471,0.41189
440.95285,1.16042
440.96099,2.42753
440.96913,0.93163
440.97727,1.43081
440.98542,6.69500
440.99356,5.18406
441.00170,1.77088
441.00984,2.33795
441.01799,0.27620
441.02613,1.62879
441.03427,1.09134
441.04241,1.55783
441.05055,0.60440
441.05870,0.16151
441.06684,2.21985
441.07498,0.66193
441.08312,1.39123
441.09127,2.29171
441.09941,0.01769
441.10755,1.14971
441.11569,1.22075
441.12384,0.27417
441.13198,1.41214
441.14012,2.50975
441.14826,1.14498
441.15640,0.97114
441.16455,0.05112
441.17269,0.15826
441.18083,1.40622
441.18897,0.67990
441.19712,2.51554
441.20526,0.24792
441.21340,1.47974
441.22154,2.50997
441.22968,0.61935
441.23783,0.85853
441.24597,0.37241
441.25411,1.55563
441.26225,1.23041
441.27040,0.04102
441.27854,0.20344
441.28668,3.23725
441.29482,0.77564
441.30297,0.41074
441.31111,1.44511
441.31925,1.64892
441.32739,0.00744
441.33553,0.65440
441.34368,5.63866
441.35182,0.19819
441.35996,0.40307
441.36810,0.51591
441.37625,0.71840
441.38439,2.42960
441.39253,0.20396
441.40067,0.04975
441.40881,0.31582
441.41696,0.37685
441.42510,1.39044
441.43324,0.49472
441.44138,0.60681
441.44953,1.00972
441.45767,1.81015
441.46581,2.14941
441.47395,1.90341
441.48209,1.71273
441.49024,2.50809
441.49838,2.90944
441.50652,0.77090
441.51466,0.88353
441.52281,0.50548
441.53095,0.70178
441.53909,0.18062
441.54723,1.76599
441.55538,0.18130
441.56352,0.61574
441.57166,0.00093
441.57980,0.44889
441.58794,0.08129
441.59609,1.01692
441.60423,0.35911
441.61237,1.08362
441.62051,1.45082
441.62866,1.76847
441.63680,0.22917
441.64494,0.31596
441.65308,0.54529
441.66122,0.30872
441.66937,1.12741
441.67751,1.59360
441.68565,1.36739
441.69379,2.32899
441.70194,0.43965
441.71008,0.82418
441.71822,0.82982
441.72636,1.36123
441.73451,0.87454
441.74265,0.66476
441.75079,0.29469
441.75893,0.56019
441.76707,0.29343
441.77522,0.65392
441.78336,0.23101
441.79150,0.05391
441.79964,1.09656
441.80779,0.21549
441.81593,0.58362
441.82407,0.86020
441.83221,0.14428
441.84035,0.10296
441.84850,0.08727
441.85664,1.33243
441.86478,0.11729
441.87292,0.78754
441.88107,0.40873
441.88921,1.49941
441.89735,2.96647
441.90549,0.81997
441.91363,1.46309
441.92178,1.97461
441.92992,7.90819
441.93806,0.51189
441.94620,3.72126
441.95435,0.43104
441.96249,0.09769
441.97063,2.32204
441.97877,0.44243
441.98692,1.61171
441.99506,1.86954
442.00320,0.02444
442.01134,1.59177
442.01948,0.54447
442.02763,2.82653
442.03577,0.35626
442.04391,0.62768
442.05205,1.74167
442.06020,0.17930
442.06834,1.58024
442.07648,5.19521
442.08462,0.86016
442.09276,0.44648
442.10091,5.12713
442.10905,0.19174
442.11719,4.33572
442.12533,2.62263
442.13348,2.72095
442.14162,2.96046
442.14976,1.04984
442.15790,1.95516
442.16605,0.50939
442.17419,2.76752
442.18233,0.10332
442.19047,0.37339
442.19861,0.70863
442.20676,8.07196
442.21490,1.89670
442.22304,0.68795
442.23118,0.80018
442.23933,1.84646
442.24747,0.41255
442.25561,0.19680
442.26375,2.69421
442.27189,0.06851
442.28004,1.78195
442.28818,1.88322
442.29632,0.62628
442.30446,0.00933
442.31261,0.49238
442.32075,1.95704
442.32889,3.14101
442.33703,0.80923
442.34517,0.74780
442.35332,0.48418
442.36146,2.85167
442.36960,0.29439
442.37774,0.87278
442.38589,0.03599
442.39403,1.88569
442.40217,1.14963
442.41031,1.25724
442.41846,0.77376
442.42660,0.59726
442.43474,1.25518
442.44288,1.62397
442.45102,2.50885
442.45917,5.37115
442.46731,0.64713
442.47545,5.03243
442.48359,0.52839
442.49174,1.61903
442.49988,0.05388
442.50802,0.36704
442.51616,0.73376
442.52430,0.65956
442.53245,0.40654
442.54059,1.42715
442.54873,0.90137
442.55687,0.73157
442.56502,1.23644
442.57316,3.05892
442.58130,4.92302
442.58944,1.45240
442.59759,0.59024
442.60573,0.32648
442.61387,3.92610
442.62201,2.51924
442.63015,0.96259
442.63830,2.85966
442.64644,4.70465
442.65458,1.89850
442.66272,0.44991
442.67087,0.18508
442.67901,1.99008
442.68715,2.14331
442.69529,0.01777
442.70343,1.25800
442.71158,2.48871
442.71972,0.96211
442.72786,0.00759
442.73600,0.32333
442.74415,3.77513
442.75229,1.35005
442.76043,1.12027
442.76857,2.77994
442.77672,3.73728
442.78486,0.61278
442.79300,0.95905
442.80114,0.18416
442.80928,0.23791
442.81743,0.25331
442.82557,0.27423
442.83371,3.08880
442.84185,0.65141
442.85000,1.01862
442.85814,6.16390
442.86628,2.36212
442.87442,0.57615
442.88256,1.89435
442.89071,0.67074
442.89885,0.40862
442.90699,0.88273
442.91513,3.58548
442.92328,0.74541
442.93142,3.67431
442.93956,0.90657
442.94770,0.21799
442.95584,0.76506
442.96399,1.76145
442.97213,0.08253
442.98027,0.36995
442.98841,1.73665
442.99656,0.76992
443.00470,4.04581
443.01284,0.81820
443.02098,5.04139
443.02913,5.67971
443.03727,0.22391
443.04541,1.84942
443.05355,0.24189
443.06169,0.00818
443.06984,3.94141
443.07798,0.93191
443.08612,0.90791
443.09426,1.52059
443.10241,1.00830
443.11055,2.58294
443.11869,0.65293
443.12683,0.07008
443.13497,1.06549
443.14312,2.04615
443.15126,0.52553
443.15940,0.38498
443.16754,1.09283
443.17569,2.21936
443.18383,0.15555
443.19197,0.61660
443.20011,0.38870
443.20826,2.02597
443.21640,0.56567
443.22454,0.19670
443.23268,1.74725
443.24082,0.79314
443.24897,0.18457
443.25711,0.31329
443.26525,1.97557
443.27339,4.98111
443.28154,0.38782
443.28968,0.83964
443.29782,0.32734
443.30596,5.91283
443.31410,0.45404
443.32225,2.84531
443.33039,0.12110
443.33853,2.39190
443.34667,0.95738
443.35482,0.07793
443.36296,0.10364
443.37110,0.71930
443.37924,0.34471
443.38738,0.16344
443.39553,0.52664
443.40367,0.79473
443.41181,0.09806
443.41995,0.04587
443.42810,0.83551
443.43624,1.15810
443.44438,1.26407
443.45252,0.21034
443.46067,0.63567
443.46881,1.29718
443.47695,2.76578
443.48509,0.70218
443.49323,1.90142
443.50138,3.74341
443.50952,0.35235
443.51766,2.28231
443.52580,2.15064
443.53395,1.13006
443.54209,1.23794
443.55023,0.17705
443.55837,0.55109
443.56651,4.31458
443.57466,0.26172
443.58280,0.45610
443.59094,0.48105
443.59908,1.28967
443.60723,1.57553
443.61537,2.03101
443.62351,0.05172
443.63165,1.72957
443.63980,2.23206
443.64794,1.07731
443.65608,0.52198
443.66422,2.49732
443.67236,0.64376
443.68051,4.23575
443.68865,0.82005
443.69679,0.41937
443.70493,2.82986
443.71308,2.08485
443.72122,0.61146
443.72936,3.11633
443.73750,6.27044
443.74564,0.13523
443.75379,0.18959
443.76193,2.16188
443.77007,0.20924
443.77821,1.67607
443.78636,2.47816
443.79450,1.04336
443.80264,3.30158
443.81078,2.07796
443.81893,0.65708
443.82707,1.14491
443.83521,0.08450
443.84335,0.60381
443.85149,0.45537
443.85964,0.60479
443.86778,0.35877
443.87592,2.75035
443.88406,0.37794
443.89221,1.03871
443.90035,0.23908
443.90849,0.76365
443.91663,0.91715
443.92477,0.75011
443.93292,1.61889
443.94106,0.16180
443.94920,1.44290
443.95734,1.37599
443.96549,2.98876
443.97363,1.61486
443.98177,1.91208
443.98991,1.04000
443.99805,0.04561
444.00620,0.55962
444.01434,0.11900
444.02248,0.33798
444.03062,3.16464
444.03877,2.81842
444.04691,2.61599
444.05505,1.76062
444.06319,2.66137
444.07134,0.48128
444.07948,0.06866
444.08762,1.64385
444.09576,1.42544
444.10390,0.35491
444.11205,0.44756
444.12019,0.27719
444.12833,0.03496
444.13647,2.28323
444.14462,0.04095
444.15276,2.63812
444.16090,4.66119
444.16904,6.00935
444.17718,2.84397
444.18533,0.89696
444.19347,1.19746
444.20161,0.07914
444.20975,0.13901
444.21790,0.18000
444.22604,0.69577
444.23418,0.11116
444.24232,1.58611
444.25047,0.02148
444.25861,1.03131
444.26675,1.32571
444.27489,0.48514
444.28303,1.36215
444.29118,0.45081
444.29932,2.67574
444.30746,2.29238
444.31560,1.50075
444.32375,0.90696
444.33189,0.12330
444.34003,1.70646
444.34817,0.14223
444.35631,0.35400
444.36446,0.16888
444.37260,0.03562
444.38074,0.58075
444.38888,1.39514
444.39703,0.41433
444.40517,0.07203
444.41331,0.84318
444.42145,1.19583
444.42959,0.26881
444.43774,0.35723
444.44588,0.66454
444.45402,0.09482
444.46216,2.32810
444.47031,1.58220
444.47845,0.58292
444.48659,0.07548
444.49473,1.13424
444.50288,0.04991
444.51102,0.24618
444.51916,3.35843
444.52730,6.43498
444.53544,1.62260
444.54359,2.89313
444.55173,1.13703
444.55987,1.52080
444.56801,0.46784
444.57616,2.64961
444.58430,0.37306
444.59244,0.83421
444.60058,6.03872
444.60872,1.37364
444.61687,1.39493
444.62501,1.52052
444.63315,0.03284
444.64129,0.71353
444.64944,1.66670
444.65758,0.33057
444.66572,0.73293
444.67386,3.49278
444.68201,0.04158
444.69015,0.16033
444.69829,0.94997
444.70643,0.27830
444.71457,2.25527
444.72272,0.32481
444.73086,0.28354
444.73900,1.54112
444.74714,1.06576
444.75529,0.22069
444.76343,0.01650
444.77157,0.23774
444.77971,1.88844
444.78785,1.72651
444.79600,0.14058
444.80414,0.08104
444.81228,1.06096
444.82042,0.58547
444.82857,0.25218
444.83671,2.76361
444.84485,1.37787
444.85299,0.11623
444.86113,2.53897
444.86928,0.08684
444.87742,0.71951
444.88556,0.47463
444.89370,0.37359
444.90185,3.20671
444.90999,0.31719
444.91813,1.61152
444.92627,0.12608
444.93442,0.94210
444.94256,0.72293
444.95070,3.75977
444.95884,1.46940
444.96698,0.66673
444.97513,1.09358
444.98327,0.46546
444.99141,0.44346
444.99955,0.96741
445.00770,1.55422
445.01584,1.14647
445.02398,5.57384
445.03212,0.49826
445.04026,2.00328
445.04841,0.74666
445.05655,1.93530
445.06469,0.33372
445.07283,1.98077
445.08098,0.15073
445.08912,0.49903
445.09726,1.99270
445.10540,0.47000
445.11355,0.67736
445.12169,4.80071
445.12983,0.96606
445.13797,0.98289
445.14611,0.40319
445.15426,1.12596
445.16240,2.27210
445.17054,0.02728
445.17868,1.26331
445.18683,0.49916
445.19497,2.51291
445.20311,0.81126
445.21125,1.06573
445.21939,0.52647
445.22754,1.47466
445.23568,0.60971
445.24382,0.47698
445.25196,1.25374
445.26011,0.14143
445.26825,1.16252
445.27639,0.25116
445.28453,0.85305
445.29268,0.29157
445.30082,2.03116
445.30896,2.77589
445.31710,0.24262
445.32524,4.15046
445.33339,0.42881
445.34153,4.18042
445.34967,0.50190
445.35781,1.38307
445.36596,0.50153
445.37410,0.73263
445.38224,1.98863
445.39038,0.94300
445.39852,0.73675
445.40667,0.15672
445.41481,2.62618
445.42295,1.52798
445.43109,0.16426
445.43924,1.10405
445.44738,0.91803
445.45552,0.94597
445.46366,0.36239
445.47180,0.14684
445.47995,0.46755
445.48809,3.44638
445.49623,1.16684
445.50437,0.16404
445.51252,3.03033
445.52066,1.89418
445.52880,0.92725
445.53694,1.47883
445.54509,1.22276
445.55323,0.52216
445.56137,0.22499
445.56951,2.67970
445.57765,0.19076
445.58580,1.02636
445.59394,0.24369
445.60208,0.02297
445.61022,0.03213
445.61837,0.54238
445.62651,1.91833
445.63465,0.83436
445.64279,4.00970
445.65093,2.34853
445.65908,2.70316
445.66722,0.11917
445.67536,0.36670
445.68350,1.50236
445.69165,0.14603
445.69979,0.77796
445.70793,1.16544
445.71607,0.93040
445.72422,2.48169
445.73236,0.62170
445.74050,0.48044
445.74864,1.36537
445.75678,1.08081
445.76493,0.50909
445.77307,1.51296
445.78121,0.08743
445.78935,0.69526
445.79750,2.76853
445.80564,2.76198
445.81378,0.91323
445.82192,2.26490
445.83006,1.45843
445.83821,1.26081
445.84635,1.66585
445.85449,0.81640
445.86263,0.57040
445.87078,0.16350
445.87892,2.36924
445.88706,2.41034
445.89520,0.49611
445.90334,0.11113
445.91149,1.69308
445.91963,0.81779
445.92777,0.07867
445.93591,0.77375
445.94406,0.38792
445.95220,1.34441
445.96034,0.40879
445.96848,1.14006
445.97663,0.56099
445.98477,2.78737
445.99291,0.38853
446.00105,0.37333
446.00919,0.56222
446.01734,0.10002
446.02548,0.73043
446.03362,0.33023
446.04176,1.25855
446.04991,1.27960
446.05805,2.04461
446.06619,0.87632
446.07433,1.29120
446.08247,0.17938
446.09062,1.19174
446.09876,0.30590
446.10690,1.11616
446.11504,0.09268
446.12319,1.23634
446.13133,0.05784
446.13947,0.37768
446.14761,0.87121
446.15576,1.36971
446.16390,0.93354
446.17204,0.30076
446.18018,0.41196
446.18832,0.70437
446.19647,1.38044
446.20461,1.47931
446.21275,0.18128
446.22089,1.95675
446.22904,0.96856
446.23718,1.20254
446.24532,0.29019
446.25346,0.41113
446.26160,0.24073
446.26975,3.12752
446.27789,0.70477
446.28603,2.39737
446.29417,1.87649
446.30232,2.92712
446.31046,0.94633
446.31860,0.66078
446.32674,2.78335
446.33489,1.28584
446.34303,1.70298
446.35117,0.79109
446.35931,0.95400
446.36745,0.22374
446.37560,0.33882
446.38374,1.30120
446.39188,0.02698
446.40002,0.24297
446.40817,0.06388
446.41631,0.30499
446.42445,1.41585
446.43259,1.39287
446.44073,0.35598
446.44888,0.21250
446.45702,0.49006
446.46516,0.47810
446.47330,0.61301
446.48145,0.97901
446.48959,0.26361
446.49773,0.00234
446.50587,0.49403
446.51401,0.48454
446.52216,1.01973
446.53030,0.33952
446.53844,0.40724
446.54658,0.30566
446.55473,0.08046
446.56287,0.72068
446.57101,2.22761
446.57915,1.09206
446.58730,1.71108
446.59544,0.38280
446.60358,1.37189
446.61172,0.36408
446.61986,0.97028
446.62801,0.91595
446.63615,1.16550
446.64429,0.52806
446.65243,0.27246
446.66058,0.21410
446.66872,2.32624
446.67686,1.68107
446.68500,1.19204
446.69314,0.02850
446.70129,0.10362
446.70943,0.03028
446.71757,0.17112
446.72571,0.47588
446.73386,0.50417
446.74200,0.27186
446.75014,0.39111
446.75828,0.26741
446.76643,1.28364
446.77457,0.69657
446.78271,0.71816
446.79085,1.08189
446.79899,0.51401
446.80714,0.67824
446.81528,0.89299
446.82342,0.21890
446.83156,1.03832
446.83971,0.85275
446.84785,0.04656
446.85599,1.48348
446.86413,0.71674
446.87227,1.50390
446.88042,1.23358
446.88856,1.33807
446.89670,0.92054
446.90484,0.40678
446.91299,0.32003
446.92113,2.10255
446.92927,0.55463
446.93741,0.02000
446.94555,0.37400
446.95370,0.06390
446.96184,0.55815
446.96998,0.24751
446.97812,0.44163
446.98627,0.06828
446.99441,0.69333
447.00255,0.99023
447.01069,1.64856
447.01884,1.69187
447.02698,0.73643
447.03512,1.03648
447.04326,0.25783
447.05140,2.58245
447.05955,0.54771
447.06769,0.37729
447.07583,0.89219
447.08397,1.97268
447.09212,0.79758
447.10026,0.09601
447.10840,0.63676
447.11654,3.17759
447.12468,1.27036
447.13283,0.37306
447.14097,0.04547
447.14911,1.02946
447.15725,0.19626
447.16540,2.59048
447.17354,2.06126
447.18168,0.25678
447.18982,2.09996
447.19797,0.57922
447.20611,0.60642
447.21425,1.41219
447.22239,1.79367
447.23053,1.85416
447.23868,0.31377
447.24682,6.67939
447.25496,2.17924
447.26310,0.18605
447.27125,1.00935
447.27939,0.40553
447.28753,0.76836
447.29567,2.27759
447.30381,0.50413
447.31196,0.67835
447.32010,1.20494
447.32824,0.33739
447.33638,1.56805
447.34453,2.21749
447.35267,1.42894
447.36081,0.78870
447.36895,1.03341
447.37709,1.14349
447.38524,1.87074
447.39338,1.99379
447.40152,0.13740
447.40966,1.06179
447.41781,0.53268
447.42595,5.13720
447.43409,1.68808
447.44223,0.79401
447.45038,1.69489
447.45852,2.90453
447.46666,1.43514
447.47480,1.61311
447.48294,0.50237
447.49109,0.79885
447.49923,3.34735
447.50737,0.86398
447.51551,0.63689
447.52366,1.94794
447.53180,2.21604
447.53994,0.36553
447.54808,0.31723
447.55622,0.34753
447.56437,0.29953
447.57251,0.35392
447.58065,0.95261
447.58879,0.17278
447.59694,0.52716
447.60508,1.42492
447.61322,3.51572
447.62136,0.48195
447.62951,0.10590
447.63765,0.01854
447.64579,1.04339
447.65393,1.09686
447.66207,0.19267
447.67022,1.84428
447.67836,0.97658
447.68650,0.76815
447.69464,0.65628
447.70279,2.34765
447.71093,0.90279
447.71907,0.42119
447.72721,0.77716
447.73535,2.89200
447.74350,0.20641
447.75164,2.84579
447.75978,1.57191
447.76792,0.33724
447.77607,1.37458
447.78421,0.15570
447.79235,2.22295
447.80049,0.13769
447.80864,0.95973
447.81678,0.46466
447.82492,0.34328
447.83306,0.20933
447.84120,1.60647
447.84935,0.34893
447.85749,0.02382
447.86563,0.05341
447.87377,0.49966
447.88192,1.11015
447.89006,0.59661
447.89820,1.88612
447.90634,2.09650
447.91448,1.25830
447.92263,0.54898
447.93077,0.39521
447.93891,0.32479
447.94705,1.06025
447.95520,0.18906
447.96334,0.18447
447.97148,1.05596
447.97962,0.83352
447.98776,1.26048
447.99591,1.11095
448.00405,1.44696
448.01219,0.26392
448.02033,0.48262
448.02848,1.66422
448.03662,0.92022
448.04476,0.87149
448.05290,0.33230
448.06105,0.22042
448.06919,0.56455
448.07733,0.16622
448.08547,0.00462
448.09361,4.50270
448.10176,4.71570
448.10990,0.09960
448.11804,0.25976
448.12618,0.03632
448.13433,0.34512
448.14247,0.07153
448.15061,1.15285
448.15875,1.35647
448.16689,0.23654
448.17504,0.95409
448.18318,0.99330
448.19132,5.16197
448.19946,2.15193
448.20761,1.66576
448.21575,1.19253
448.22389,0.53959
448.23203,0.69157
448.24018,0.30894
448.24832,0.45381
448.25646,0.03742
448.26460,4.27159
448.27274,1.52135
448.28089,0.11004
448.28903,0.06235
448.29717,0.27999
448.30531,1.45360
448.31346,0.75085
448.32160,0.41754
448.32974,0.08248
448.33788,0.32022
448.34602,0.70286
448.35417,0.08301
448.36231,0.77887
448.37045,1.04856
448.37859,0.43203
448.38674,2.34697
448.39488,0.31484
448.40302,0.73857
448.41116,1.94226
448.41930,3.90347
448.42745,0.03326
448.43559,0.79495
448.44373,0.53037
448.45187,0.45060
448.46002,0.47842
448.46816,0.16311
448.47630,1.19757
448.48444,0.62624
448.49259,0.61164
448.50073,0.11154
448.50887,4.02108
448.51701,1.15573
448.52515,0.28306
448.53330,0.22487
448.54144,1.04234
448.54958,0.24208
448.55772,1.05414
448.56587,0.88226
448.57401,0.72681
448.58215,0.11958
448.59029,0.55770
448.59843,0.08322
448.60658,1.19387
448.61472,0.22408
448.62286,0.68004
448.63100,0.01476
448.63915,0.09565
448.64729,0.91322
448.65543,0.51703
448.66357,0.06202
448.67172,0.04924
448.67986,0.44359
448.68800,0.34617
448.69614,0.17736
448.70428,0.86321
448.71243,0.04067
448.72057,0.04587
448.72871,0.95271
448.73685,0.01717
448.74500,0.80097
448.75314,0.08471
448.76128,1.18853
448.76942,1.12095
448.77756,2.55746
448.78571,0.35710
448.79385,1.48701
448.80199,0.62382
448.81013,0.80759
448.81828,1.24347
448.82642,1.80978
448.83456,0.90102
448.84270,0.25435
448.85084,0.31438
448.85899,4.26294
448.86713,0.19518
448.87527,2.16483
448.88341,5.01820
448.89156,2.96824
448.89970,0.88435
448.90784,1.36616
448.91598,2.36639
448.92413,1.19127
448.93227,0.35237
448.94041,0.74589
448.94855,1.29106
448.95669,0.20763
448.96484,1.48964
448.97298,2.17527
448.98112,0.73319
448.98926,0.14852
448.99741,0.54583
449.00555,1.47336
449.01369,1.59305
449.02183,2.06619
449.02997,1.03010
449.03812,0.50999
449.04626,0.67159
449.05440,0.19049
449.06254,0.18274
449.07069,0.22175
449.07883,0.95074
449.08697,0.27453
449.09511,1.62080
449.10326,0.29722
449.11140,0.93938
449.11954,2.60125
449.12768,1.70149
449.13582,1.12994
449.14397,0.52575
449.15211,0.62265
449.16025,0.85498
449.16839,0.03283
449.17654,0.37664
449.18468,0.81681
449.19282,0.17038
449.20096,0.98310
449.20910,0.94645
449.21725,1.65567
449.22539,1.37963
449.23353,0.04215
449.24167,2.24019
449.24982,0.32531
449.25796,1.23681
449.26610,0.64769
449.27424,0.08651
449.28239,0.05341
449.29053,0.81928
449.29867,0.27687
449.30681,0.53508
449.31495,2.33058
449.32310,1.66706
449.33124,4.23297
449.33938,0.19518
449.34752,3.67541
449.35567,0.19321
449.36381,0.71872
449.37195,0.63407
449.38009,1.75447
449.38823,1.18801
449.39638,0.20589
449.40452,1.49506
449.41266,2.86630
449.42080,3.01774
449.42895,0.94214
449.43709,0.28564
449.44523,2.35964
449.45337,0.56272
449.46151,0.20230
449.46966,1.46308
449.47780,1.91688
449.48594,0.48637
449.49408,0.01473
449.50223,2.41994
449.51037,0.57486
449.51851,1.99075
449.52665,0.86453
449.53480,1.30423
449.54294,0.02252
449.55108,0.73132
449.55922,0.49267
449.56736,3.76048
449.57551,0.32668
449.58365,3.29900
449.59179,0.05610
449.59993,1.03621
449.60808,0.01622
449.61622,0.82854
449.62436,0.81688
449.63250,0.96811
449.64064,1.99339
449.64879,2.80273
449.65693,0.28883
449.66507,2.51823
449.67321,0.30793
449.68136,0.12753
449.68950,0.32052
449.69764,0.19629
449.70578,0.13061
449.71393,0.19369
449.72207,0.36851
449.73021,0.27504
449.73835,1.78773
449.74649,1.27584
449.75464,1.37763
449.76278,0.38872
449.77092,0.40599
449.77906,2.11172
449.78721,1.71318
449.79535,1.37868
449.80349,1.35634
449.81163,1.77041
449.81977,0.15710
449.82792,0.03701
449.83606,1.80069
449.84420,1.22512
449.85234,0.24268
449.86049,0.57748
449.86863,0.22337
449.87677,0.17973
449.88491,0.34839
449.89305,0.43157
449.90120,0.54879
449.90934,0.86127
449.91748,1.72003
449.92562,2.14289
449.93377,0.45223
449.94191,1.06637
449.95005,1.29526
449.95819,4.23657
449.96634,1.70731
449.97448,1.58044
449.98262,2.02554
449.99076,1.31036
449.99890,0.56306
450.00705,2.91422
450.01519,0.64345
450.02333,0.90567
450.03147,0.34786
450.03962,0.71515
450.04776,3.28312
450.05590,0.91496
450.06404,0.68938
450.07218,0.88265
450.08033,0.43348
450.08847,0.25498
450.09661,1.17161
450.10475,0.57042
450.11290,0.48882
450.12104,0.22070
450.12918,0.23781
450.13732,0.28219
450.14547,0.05946
450.15361,0.44854
450.16175,0.00719
450.16989,1.94216
450.17803,0.06442
450.18618,2.52686
450.19432,0.07746
450.20246,0.17493
450.21060,0.26782
450.21875,0.38227
450.22689,0.17327
450.23503,0.43073
450.24317,2.56213
450.25131,1.30672
450.25946,0.97160
450.26760,0.46893
450.27574,0.77234
450.28388,2.37547
450.29203,0.20824
450.30017,3.13266
450.30831,1.65630
450.31645,1.08668
450.32460,0.51162
450.33274,1.01719
450.34088,0.05803
450.34902,0.17275
450.35716,0.16478
450.36531,0.30763
450.37345,0.02571
450.38159,1.90812
450.38973,2.23440
450.39788,0.73678
450.40602,2.22629
450.41416,1.21768
450.42230,0.26795
450.43044,0.34445
450.43859,2.03550
450.44673,0.56325
450.45487,0.00501
450.46301,0.53433
450.47116,0.01149
450.47930,0.20796
450.48744,1.21098
450.49558,1.51896
450.50372,2.25266
450.51187,2.39042
450.52001,0.04759
450.52815,0.90096
450.53629,0.92692
450.54444,1.03808
450.55258,1.91438
450.56072,0.38538
450.56886,2.45233
450.57701,0.82915
450.58515,1.35964
450.59329,0.34582
450.60143,0.40497
450.60957,0.02703
450.61772,0.87060
450.62586,0.77307
450.63400,0.62155
450.64214,1.70578
450.65029,2.31061
450.65843,1.52368
450.66657,0.14889
450.67471,0.08739
450.68285,0.07375
450.69100,1.50952
450.69914,0.64336
450.70728,0.34233
450.71542,3.68289
450.72357,1.25465
450.73171,4.35087
450.73985,0.09486
450.74799,0.57047
450.75614,1.99051
450.76428,0.02432
450.77242,1.69891
450.78056,0.75363
450.78870,0.07416
450.79685,1.76374
450.80499,1.90567
450.81313,0.32527
450.82127,2.31916
450.82942,0.74088
450.83756,0.76598
450.84570,1.62083
450.85384,0.16571
450.86198,2.50077
450.87013,1.61627
450.87827,1.02444
450.88641,1.79535
450.89455,1.23802
450.90270,1.48591
450.91084,1.37161
450.91898,0.01026
450.92712,0.22734
450.93526,0.16544
450.94341,0.75284
450.95155,0.69450
450.95969,0.64976
450.96783,0.95715
450.97598,1.72893
450.98412,1.21005
450.99226,5.75348
451.00040,2.15994
451.00855,0.28597
451.01669,1.66681
451.02483,1.14023
451.03297,3.21453
451.04111,0.48221
451.04926,0.49135
451.05740,1.99548
451.06554,0.08249
451.07368,2.67185
451.08183,0.53952
451.08997,0.86428
451.09811,0.23052
451.10625,0.42636
451.11439,0.12111
451.12254,1.50076
451.13068,0.77577
451.13882,0.58247
451.14696,0.67554
451.15511,0.02973
451.16325,0.66089
451.17139,1.06399
451.17953,0.61043
451.18768,1.84750
451.19582,2.67961
451.20396,1.49157
451.21210,0.57572
451.22024,0.17223
451.22839,3.36473
451.23653,0.82536
451.24467,2.05277
451.25281,0.22406
451.26096,4.95847
451.26910,0.22799
451.27724,0.81448
451.28538,0.67576
451.29352,1.71552
451.30167,1.24151
451.30981,0.06591
451.31795,1.65347
451.32609,0.22534
451.33424,1.30078
451.34238,0.88846
451.35052,0.15243
451.35866,0.38419
451.36680,0.44447
451.37495,0.26602
451.38309,0.20546
451.39123,0.02085
451.39937,0.02798
451.40752,0.09910
451.41566,0.24718
451.42380,3.45393
451.43194,1.69366
451.44009,0.27371
451.44823,0.00113
451.45637,0.98936
451.46451,1.18821
451.47265,0.21119
451.48080,1.15019
451.48894,1.90320
451.49708,0.17743
451.50522,0.68964
451.51337,0.03534
451.52151,0.53997
451.52965,0.19096
451.53779,1.44887
451.54593,2.18706
451.55408,0.27737
451.56222,0.69654
451.57036,0.69170
451.57850,0.28365
451.58665,1.09624
451.59479,0.13413
451.60293,0.28865
451.61107,0.65862
451.61922,0.10539
451.62736,1.08206
451.63550,0.26218
451.64364,3.68497
451.65178,0.24962
451.65993,1.61937
451.66807,0.20133
451.67621,1.71954
451.68435,0.58786
451.69250,0.44769
451.70064,0.78755
451.70878,0.06495
451.71692,0.25854
451.72506,0.10529
451.73321,0.33529
451.74135,1.02544
451.74949,1.10420
451.75763,1.07508
451.76578,0.00935
451.77392,0.19684
451.78206,5.45896
451.79020,2.34412
451.79835,0.07136
451.80649,0.09795
451.81463,0.17068
451.82277,0.74601
451.83091,0.22437
451.83906,2.36193
451.84720,0.40131
451.85534,0.24903
451.86348,0.24086
451.87163,1.39275
451.87977,1.28074
451.88791,1.71397
451.89605,0.19706
451.90419,0.81937
451.91234,0.18803
451.92048,0.57283
451.92862,0.28059
451.93676,0.14264
451.94491,0.58152
451.95305,2.04365
451.96119,0.86640
451.96933,1.08372
451.97747,1.60175
451.98562,2.19441
451.99376,0.04606
452.00190,0.03589
452.01004,0.55419
452.01819,0.50079
452.02633,0.19096
452.03447,0.44621
452.04261,0.71681
452.05076,0.07928
452.05890,1.15983
452.06704,0.25953
452.07518,0.26672
452.08332,0.00495
452.09147,2.75681
452.09961,1.45861
452.10775,0.56619
452.11589,0.11079
452.12404,0.55220
452.13218,2.40773
452.14032,0.86597
452.14846,2.53772
452.15660,2.05045
452.16475,0.18266
452.17289,0.40465
452.18103,0.29343
452.18917,0.59918
452.19732,0.84114
452.20546,2.23271
452.21360,0.29750
452.22174,1.85314
452.22989,0.19391
452.23803,0.44860
452.24617,0.74995
452.25431,2.05311
452.26245,2.63343
452.27060,1.62686
452.27874,0.31220
452.28688,0.20015
452.29502,0.28637
452.30317,0.34443
452.31131,2.11593
452.31945,0.66652
452.32759,0.37153
452.33573,0.38229
452.34388,0.60859
452.35202,0.97670
452.36016,1.36574
452.36830,0.30976
452.37645,0.35356
452.38459,2.30906
452.39273,1.03020
452.40087,1.77901
452.40901,1.40680
452.41716,1.15835
452.42530,3.65025
452.43344,0.92641
452.44158,1.20215
452.44973,0.13082
452.45787,0.85851
452.46601,0.65342
452.47415,0.61884
452.48230,0.90542
452.49044,4.18007
452.49858,0.24350
452.50672,3.99516
452.51486,1.36959
452.52301,1.63153
452.53115,0.35199
452.53929,1.65723
452.54743,0.20957
452.55558,2.04516
452.56372,1.28234
452.57186,0.99240
452.58000,3.01784
452.58814,0.62248
452.59629,2.04878
452.60443,2.84649
452.61257,0.14320
452.62071,3.54224
452.62886,1.27960
452.63700,0.47094
452.64514,0.37747
452.65328,0.29307
452.66143,0.64323
452.66957,1.78095
452.67771,3.04827
452.68585,1.46920
452.69399,0.72335
452.70214,0.38741
452.71028,3.53837
452.71842,3.60392
452.72656,0.14218
452.73471,1.74666
452.74285,1.05462
452.75099,4.31703
452.75913,3.69912
452.76727,2.40007
452.77542,1.03501
452.78356,0.17237
452.79170,0.05181
452.79984,1.47465
452.80799,1.08720
452.81613,0.51018
452.82427,0.13267
452.83241,0.00873
452.84056,1.47937
452.84870,1.14174
452.85684,0.25777
452.86498,1.45907
452.87312,0.48475
452.88127,0.08358
452.88941,2.43609
452.89755,1.77819
452.90569,0.93716
452.91384,0.56134
452.92198,0.10188
452.93012,0.41724
452.93826,2.82122
452.94640,0.98015
452.95455,1.65346
452.96269,0.18698
452.97083,1.26600
452.97897,2.59475
452.98712,0.41687
452.99526,0.57993
453.00340,0.80895
453.01154,0.45025
453.01968,1.53477
453.02783,1.57611
453.03597,1.21282
453.04411,3.89060
453.05225,0.56485
453.06040,1.07094
453.06854,0.24822
453.07668,0.06415
453.08482,3.39427
453.09297,0.06134
453.10111,2.70151
453.10925,2.01696
453.11739,1.08198
453.12553,0.76428
453.13368,3.30183
453.14182,1.28749
453.14996,0.61902
453.15810,1.09170
453.16625,3.59285
453.17439,1.21614
453.18253,0.16916
453.19067,0.90986
453.19881,1.41147
453.20696,0.34267
453.21510,0.48054
453.22324,0.51313
453.23138,1.50479
453.23953,0.47775
453.24767,1.59650
453.25581,1.87153
453.26395,1.45288
453.27210,0.40839
453.28024,0.48404
453.28838,0.88175
453.29652,1.45195
453.30466,0.14026
453.31281,0.85303
453.32095,1.27910
453.32909,0.23018
453.33723,0.33408
453.34538,0.13458
453.35352,0.13895
453.36166,1.48668
453.36980,0.91324
453.37794,0.04771
453.38609,1.42277
453.39423,1.18886
453.40237,0.26248
453.41051,1.13768
453.41866,1.05180
453.42680,0.80138
453.43494,0.55349
453.44308,0.76530
453.45122,0.26245
453.45937,0.59582
453.46751,0.46335
453.47565,2.95703
453.48379,0.40881
453.49194,1.07382
453.50008,0.17615
453.50822,3.25897
453.51636,0.81435
453.52451,0.68756
453.53265,2.05924
453.54079,0.19815
453.54893,1.52280
453.55707,0.11320
453.56522,0.89293
453.57336,0.79452
453.58150,0.48050
453.58964,1.26399
453.59779,0.96926
453.60593,0.92261
453.61407,1.77517
453.62221,0.77549
453.63035,4.47323
453.63850,0.14189
453.64664,2.25989
453.65478,3.91467
453.66292,0.19223
453.67107,0.11282
453.67921,0.04498
453.68735,1.71597
453.69549,1.22272
453.70364,0.29458
453.71178,3.42087
453.71992,2.55740
453.72806,2.79839
453.73620,0.09401
453.74435,3.86967
453.75249,2.09397
453.76063,0.50717
453.76877,0.26597
453.77692,0.36409
453.78506,1.34397
453.79320,0.70369
453.80134,0.17056
453.80948,1.30951
453.81763,1.22064
453.82577,0.06351
453.83391,0.44243
453.84205,1.01517
453.85020,3.08436
453.85834,3.89992
453.86648,0.69900
453.87462,3.85026
453.88276,2.05541
453.89091,0.75264
453.89905,1.30020
453.90719,1.20429
453.91533,0.68942
453.92348,3.84534
453.93162,1.07291
453.93976,0.00898
453.94790,2.13256
453.95605,0.80699
453.96419,1.69590
453.97233,1.08114
453.98047,1.53844
453.98861,2.09324
453.99676,0.23135
454.00490,1.04014
454.01304,0.86515
454.02118,1.73933
454.02933,5.46966
454.03747,2.61971
454.04561,0.03018
454.05375,0.54380
454.06189,2.39866
454.07004,3.18121
454.07818,0.51688
454.08632,0.21691
454.09446,0.76366
454.10261,0.20235
454.11075,0.75591
454.11889,0.49587
454.12703,2.43457
454.13518,0.76469
454.14332,0.26360
454.15146,0.27862
454.15960,0.57186
454.16774,1.81762
454.17589,0.87257
454.18403,0.23104
454.19217,0.23154
454.20031,0.16104
454.20846,0.39285
454.21660,0.13187
454.22474,0.28784
454.23288,0.01784
454.24102,0.18813
454.24917,1.74774
454.25731,0.98578
454.26545,0.32501
454.27359,0.27145
454.28174,0.05140
454.28988,1.32572
454.29802,1.60009
454.30616,1.21147
454.31431,0.04496
454.32245,1.27564
454.33059,0.10885
454.33873,2.78542
454.34687,0.68766
454.35502,0.05626
454.36316,0.14246
454.37130,2.84630
454.37944,0.97691
454.38759,0.59115
454.39573,0.07249
454.40387,1.02606
454.41201,0.55229
454.42015,0.57309
454.42830,0.87168
454.43644,1.74012
454.44458,1.05543
454.45272,0.42470
454.46087,0.56178
454.46901,0.03505
454.47715,0.16916
454.48529,0.34301
454.49343,1.50155
454.50158,2.36234
454.50972,0.25087
454.51786,0.46648
454.52600,1.75714
454.53415,1.96489
454.54229,0.51804
454.55043,0.83056
454.55857,0.58201
454.56672,1.72999
454.57486,0.02286
454.58300,0.12753
454.59114,1.20806
454.59928,2.59603
454.60743,0.92633
454.61557,0.00044
454.62371,0.82433
454.63185,1.94485
454.64000,0.63728
454.64814,0.14097
454.65628,0.66946
454.66442,0.76074
454.67256,2.57711
454.68071,0.78224
454.68885,0.03484
454.69699,2.93199
454.70513,1.39414
454.71328,0.12170
454.72142,0.10802
454.72956,0.64959
454.73770,0.73852
454.74585,1.86152
454.75399,3.91144
454.76213,1.00666
454.77027,0.08983
454.77841,0.05184
454.78656,1.48974
454.79470,2.05427
454.80284,0.10167
454.81098,1.93148
454.81913,0.05962
454.82727,2.94752
454.83541,0.01874
454.84355,0.71261
454.85169,3.66095
454.85984,2.12542
454.86798,0.29488
454.87612,0.77535
454.88426,0.05787
454.89241,0.04736
454.90055,1.05054
454.90869,1.14152
454.91683,0.41968
454.92497,0.10377
454.93312,0.15788
454.94126,0.63772
454.94940,4.09722
454.95754,0.73640
454.96569,1.11166
454.97383,2.75862
454.98197,0.64892
454.99011,0.49443
454.99826,0.65851
455.00640,0.10743
455.01454,3.01199
455.02268,2.08163
455.03082,1.62145
455.03897,0.76797
455.04711,1.62827
455.05525,0.01161
455.06339,0.90338
455.07154,0.11730
455.07968,0.35458
455.08782,1.23408
455.09596,0.81999
455.10410,0.11202
455.11225,0.57774
455.12039,0.24130
455.12853,2.95197
455.13667,0.33376
455.14482,2.15509
455.15296,0.17243
455.16110,0.08703
455.16924,0.35929
455.17739,0.00033
455.18553,1.21482
455.19367,0.44266
455.20181,0.90076
455.20995,1.99069
455.21810,0.87542
455.22624,0.35543
455.23438,1.65074
455.24252,2.84858
455.25067,0.93944
455.25881,0.75334
455.26695,0.98881
455.27509,0.06829
455.28323,0.14182
455.29138,0.68662
455.29952,0.52242
455.30766,0.11993
455.31580,0.40295
455.32395,1.26923
455.33209,0.18133
455.34023,1.57961
455.34837,1.85254
455.35652,3.47348
455.36466,0.21919
455.37280,3.44009
455.38094,1.74280
455.38908,0.16480
455.39723,0.69693
455.40537,2.52860
455.41351,0.52650
455.42165,1.59322
455.42980,0.30449
455.43794,1.90189
455.44608,0.47056
455.45422,2.29756
455.46236,0.75418
455.47051,0.02493
455.47865,1.51699
455.48679,1.92319
455.49493,0.17496
455.50308,0.43873
455.51122,1.86769
455.51936,0.85332
455.52750,0.12870
455.53564,0.82224
455.54379,0.23934
455.55193,0.08271
455.56007,2.45286
455.56821,0.39468
455.57636,0.80806
455.58450,1.07533
455.59264,0.82329
455.60078,0.63222
455.60893,1.76547
455.61707,1.88821
455.62521,0.77143
455.63335,0.21989
455.64149,0.17006
455.64964,0.38911
455.65778,1.66882
455.66592,2.41339
455.67406,0.51650
455.68221,1.11963
455.69035,0.53686
455.69849,0.36056
455.70663,1.22891
455.71477,1.51314
455.72292,0.76734
455.73106,0.33161
455.73920,0.09163
455.74734,0.89926
455.75549,0.98365
455.76363,0.79679
455.77177,2.37789
455.77991,0.07430
455.78806,0.22263
455.79620,0.21859
455.80434,0.35749
455.81248,1.18347
455.82062,1.08587
455.82877,0.33385
455.83691,0.00943
455.84505,1.63415
455.85319,0.42179
455.86134,0.63115
455.86948,0.25553
455.87762,0.55696
455.88576,1.72827
455.89390,1.28068
455.90205,2.72688
455.91019,2.14121
455.91833,0.14509
455.92647,0.41833
455.93462,1.47403
455.94276,0.13316
455.95090,0.09789
455.95904,0.03973
455.96718,1.08478
455.97533,1.83628
455.98347,0.70593
455.99161,0.06360
455.99975,0.09978
456.00790,0.02751
456.01604,0.24415
456.02418,0.07740
456.03232,1.86367
456.04047,0.10707
456.04861,0.28500
456.05675,1.19602
456.06489,2.17359
456.07303,0.36747
456.08118,0.71046
456.08932,3.24717
456.09746,1.08727
456.10560,0.20259
456.11375,0.32992
456.12189,0.69569
456.13003,2.12209
456.13817,0.89446
456.14631,1.09851
456.15446,0.12167
456.16260,0.10495
456.17074,2.23541
456.17888,0.48591
456.18703,0.17330
456.19517,0.27707
456.20331,0.57186
456.21145,2.18113
456.21960,2.26381
456.22774,0.50203
456.23588,0.20445
456.24402,0.67127
456.25216,0.36176
456.26031,0.61931
456.26845,1.69530
456.27659,0.80750
456.28473,1.22425
456.29288,0.90550
456.30102,0.32303
456.30916,1.39476
456.31730,5.24543
456.32544,1.42549
456.33359,0.45386
456.34173,1.86000
456.34987,0.49161
456.35801,0.14026
456.36616,0.21921
456.37430,0.34375
456.38244,0.46291
456.39058,0.47425
456.39872,0.28948
456.40687,0.35139
456.41501,0.06374
456.42315,0.05968
456.43129,1.66816
456.43944,0.66473
456.44758,1.66572
456.45572,4.10139
456.46386,0.03502
456.47201,0.36406
456.48015,0.15590
456.48829,0.13367
456.49643,1.08441
456.50457,0.21160
456.51272,2.13246
456.52086,0.01434
456.52900,0.35456
456.53714,1.97138
456.54529,0.89718
456.55343,0.46355
456.56157,0.75150
456.56971,1.46011
456.57785,0.22202
456.58600,1.27726
456.59414,0.79498
456.60228,0.65691
456.61042,0.89226
456.61857,0.38502
456.62671,0.84122
456.63485,0.54838
456.64299,1.07815
456.65114,0.56205
456.65928,0.17622
456.66742,1.51613
456.67556,1.16532
456.68370,1.21840
456.69185,0.63451
456.69999,2.00128
456.70813,1.24979
456.71627,0.05847
456.72442,0.17047
456.73256,0.11460
456.74070,0.91654
456.74884,0.25964
456.75698,0.18754
456.76513,0.15861
456.77327,0.22321
456.78141,0.07473
456.78955,0.06732
456.79770,0.63389
456.80584,1.10538
456.81398,0.67694
456.82212,0.01942
456.83027,1.61023
456.83841,0.82933
456.84655,0.14711
456.85469,0.07280
456.86283,0.15757
456.87098,0.02805
456.87912,1.10274
456.88726,1.15465
456.89540,0.41048
456.90355,0.31594
456.91169,0.01885
456.91983,0.56344
456.92797,2.94446
456.93611,0.33109
456.94426,0.07899
456.95240,0.73197
456.96054,0.03074
456.96868,0.47424
456.97683,0.24638
456.98497,0.42762
456.99311,0.80167
457.00125,0.28178
457.00939,0.24535
457.01754,0.13765
457.02568,0.28349
457.03382,0.22406
457.04196,0.08578
457.05011,0.13103
457.05825,2.31707
457.06639,0.52816
457.07453,0.13692
457.08268,0.59198
457.09082,1.55313
457.09896,0.20968
457.10710,0.10022
457.11524,0.43215
457.12339,1.59920
457.13153,3.48835
457.13967,2.78355
457.14781,0.31828
457.15596,0.77922
457.16410,0.11568
457.17224,0.23535
457.18038,0.82430
457.18852,1.22423
457.19667,0.77944
457.20481,0.84176
457.21295,0.34243
457.22109,0.59000
457.22924,0.65713
457.23738,1.73470
457.24552,0.73648
457.25366,0.14704
457.26181,0.25681
457.26995,0.83794
457.27809,0.51651
457.28623,2.77845
457.29437,0.37372
457.30252,0.08181
457.31066,0.28533
457.31880,2.83424
457.32694,1.80006
457.33509,0.03750
457.34323,0.28709
457.35137,0.11345
457.35951,1.11162
457.36765,0.21396
457.37580,1.37661
457.38394,0.72015
457.39208,0.77216
457.40022,0.25356
457.40837,0.02257
457.41651,0.21654
457.42465,0.68072
457.43279,0.13381
457.44093,0.34566
457.44908,1.34150
457.45722,0.30203
457.46536,0.10691
457.47350,0.78251
457.48165,1.16372
457.48979,3.10891
457.49793,0.96044
457.50607,0.89551
457.51422,0.10106
457.52236,0.37188
457.53050,0.43061
457.53864,1.01317
457.54678,2.16595
457.55493,0.44785
457.56307,0.14052
457.57121,3.47985
457.57935,1.19170
457.58750,0.53574
457.59564,0.41004
457.60378,0.11853
457.61192,3.50068
457.62006,1.37940
457.62821,4.22802
457.63635,0.58596
457.64449,0.88581
457.65263,1.43003
457.66078,0.50483
457.66892,0.35565
457.67706,0.69384
457.68520,4.09561
457.69335,0.64592
457.70149,0.69301
457.70963,0.20207
457.71777,0.30759
457.72591,1.60366
457.73406,0.51637
457.74220,0.14450
457.75034,0.80935
457.75848,0.41793
457.76663,2.27643
457.77477,1.04679
457.78291,1.81343
457.79105,4.29239
457.79919,2.23127
457.80734,0.20495
457.81548,0.86406
457.82362,2.49670
457.83176,0.34553
457.83991,0.82630
457.84805,0.93422
457.85619,0.57462
457.86433,2.11317
457.87248,1.17697
457.88062,0.77378
457.88876,0.33555
457.89690,0.22694
457.90504,0.15595
457.91319,0.08451
457.92133,1.43283
457.92947,0.25208
457.93761,0.18778
457.94576,0.85301
457.95390,0.33074
457.96204,1.28856
457.97018,0.20289
457.97832,0.73299
457.98647,0.88968
457.99461,0.10699
458.00275,3.88822
458.01089,0.17274
458.01904,2.37740
458.02718,0.41996
458.03532,1.45367
458.04346,0.24416
458.05160,0.03057
458.05975,0.63511
458.06789,0.04752
458.07603,0.47456
458.08417,0.55486
458.09232,0.38929
458.10046,4.06428
458.10860,1.76924
458.11674,1.27422
458.12489,0.36334
458.13303,2.49382
458.14117,0.59903
458.14931,0.05485
458.15745,0.23041
458.16560,0.32519
458.17374,2.17081
458.18188,1.41082
458.19002,2.04125
458.19817,1.41381
458.20631,3.20089
458.21445,1.03415
458.22259,0.35227
458.23073,1.00000
458.23888,0.85086
458.24702,0.11622
458.25516,0.61969
458.26330,0.26913
458.27145,2.24897
458.27959,1.66401
458.28773,1.19790
458.29587,0.10617
458.30402,0.67909
458.31216,0.44065
458.32030,0.03342
458.32844,0.28552
458.33658,0.53195
458.34473,2.39911
458.35287,0.16259
458.36101,0.31479
458.36915,0.39807
458.37730,0.52457
458.38544,0.31695
458.39358,1.06938
458.40172,1.03264
458.40986,0.29919
458.41801,0.78093
458.42615,0.36972
458.43429,0.81993
458.44243,2.72849
458.45058,2.03064
458.45872,0.21687
458.46686,1.44978
458.47500,2.16772
458.48314,1.05428
458.49129,0.03382
458.49943,0.79298
458.50757,0.38715
458.51571,2.70501
458.52386,0.10679
458.53200,1.31651
458.54014,2.03443
458.54828,0.11408
458.55643,2.35490
458.56457,3.30692
458.57271,0.66298
458.58085,0.18193
458.58899,0.97279
458.59714,2.32954
458.60528,0.17541
458.61342,0.58803
458.62156,3.42101
458.62971,0.90346
458.63785,0.51134
458.64599,0.04567
458.65413,2.58579
458.66227,2.90683
458.67042,2.33703
458.67856,3.05480
458.68670,1.72909
458.69484,1.12975
458.70299,0.02036
458.71113,3.81178
458.71927,1.26716
458.72741,2.12657
458.73556,0.03804
458.74370,0.18021
458.75184,2.37005
458.75998,1.58474
458.76812,4.81679
458.77627,0.94491
458.78441,0.10191
458.79255,0.34627
458.80069,0.43153
458.80884,0.53305
458.81698,0.55241
458.82512,0.53337
458.83326,0.10744
458.84140,0.00902
458.84955,1.16104
458.85769,2.07878
458.86583,2.81023
458.87397,1.10074
458.88212,0.55755
458.89026,0.55800
458.89840,0.97757
458.90654,0.80661
458.91468,0.32035
458.92283,0.89954
458.93097,0.11065
458.93911,1.47370
458.94725,1.48468
458.95540,0.21739
458.96354,1.35998
458.97168,1.01896
458.97982,0.08182
458.98797,1.47942
458.99611,3.26728
459.00425,1.71513
459.01239,2.82994
459.02053,0.58160
459.02868,1.52435
459.03682,0.49375
459.04496,0.82111
459.05310,3.32896
459.06125,0.97639
459.06939,0.15881
459.07753,0.52720
459.08567,1.42403
459.09381,2.91517
459.10196,0.97129
459.11010,1.69048
459.11824,0.20164
459.12638,0.38514
459.13453,1.85215
459.14267,0.98609
459.15081,0.67213
459.15895,1.85457
459.16710,0.71300
459.17524,0.56548
459.18338,0.10544
459.19152,0.24188
459.19966,0.96449
459.20781,1.07465
459.21595,0.05320
459.22409,0.16270
459.23223,1.06869
459.24038,0.55666
459.24852,4.41838
459.25666,0.24079
459.26480,0.04374
459.27294,0.28857
459.28109,1.83950
459.28923,1.55259
459.29737,0.53204
459.30551,0.36515
459.31366,7.35088
459.32180,0.47300
459.32994,0.12456
459.33808,1.15011
459.34623,1.78396
459.35437,0.49188
459.36251,0.24583
459.37065,0.31036
459.37879,2.06516
459.38694,0.05264
459.39508,0.47027
459.40322,0.78615
459.41136,0.51715
459.41951,1.21150
459.42765,0.48930
459.43579,2.40675
459.44393,0.84895
459.45207,1.59514
459.46022,0.64266
459.46836,3.63096
459.47650,0.43342
459.48464,0.02932
459.49279,2.04534
459.50093,1.25715
459.50907,1.94037
459.51721,0.91849
459.52535,1.08429
459.53350,0.07069
459.54164,0.83316
459.54978,0.76738
459.55792,1.95710
459.56607,0.78267
459.57421,0.29236
459.58235,0.40610
459.59049,1.47967
459.59864,0.10195
459.60678,2.47969
459.61492,0.30039
459.62306,0.54759
459.63120,1.54329
459.63935,0.60933
459.64749,0.21083
459.65563,0.60158
459.66377,0.22274
459.67192,0.24649
459.68006,2.05253
459.68820,3.11544
459.69634,4.04774
459.70448,3.85653
459.71263,2.03502
459.72077,1.38551
459.72891,0.62331
459.73705,4.06398
459.74520,0.72786
459.75334,1.13383
459.76148,2.93194
459.76962,2.94822
459.77777,1.03562
459.78591,0.83983
459.79405,3.90035
459.80219,1.16370
459.81033,0.50184
459.81848,5.59404
459.82662,2.04346
459.83476,0.96220
459.84290,0.42449
459.85105,2.00333
459.85919,2.88318
459.86733,0.94753
459.87547,0.49606
459.88361,0.04566
459.89176,2.88353
459.89990,0.70173
459.90804,0.19995
459.91618,0.73068
459.92433,1.96785
459.93247,0.61864
459.94061,0.45669
459.94875,0.14155
459.95689,0.33956
459.96504,0.17604
459.97318,0.78553
459.98132,0.92607
459.98946,2.13657
459.99761,0.56958
460.00575,0.49123
460.01389,0.54951
460.02203,0.33914
460.03018,0.56899
460.03832,1.40358
460.04646,0.75818
460.05460,2.27111
460.06274,0.93828
460.07089,1.19590
460.07903,1.39237
460.08717,1.26643
460.09531,6.28104
460.10346,0.37253
460.11160,0.15305
460.11974,0.10609
460.12788,3.50086
460.13602,1.08535
460.14417,0.42465
460.15231,3.00771
460.16045,0.40689
460.16859,1.27819
460.17674,2.07885
460.18488,0.15537
460.19302,1.08418
460.20116,0.07537
460.20931,3.11833
460.21745,0.88889
460.22559,0.04601
460.23373,0.57149
460.24187,1.36600
460.25002,2.12899
460.25816,0.36789
460.26630,1.38420
460.27444,2.59687
460.28259,0.20700
460.29073,0.90230
460.29887,0.42760
460.30701,1.00780
460.31515,0.98260
460.32330,0.05761
460.33144,1.58158
460.33958,2.54301
460.34772,2.57968
460.35587,0.04615
460.36401,0.68508
460.37215,0.28147
460.38029,1.19831
460.38844,0.49888
460.39658,0.14179
460.40472,1.81674
460.41286,1.13531
460.42100,0.30598
460.42915,0.66066
460.43729,0.29206
460.44543,1.21442
460.45357,0.86598
460.46172,1.52043
460.46986,0.25532
460.47800,2.06627
460.48614,1.72657
460.49428,0.24234
460.50243,2.32094
460.51057,0.56176
460.51871,0.28327
460.52685,0.48721
460.53500,0.27904
460.54314,0.89606
460.55128,0.17099
460.55942,0.13170
460.56756,0.14503
460.57571,0.16797
460.58385,1.56264
460.59199,3.21711
460.60013,0.78904
460.60828,2.22237
460.61642,0.35501
460.62456,0.05424
460.63270,0.46851
460.64085,0.99909
460.64899,4.00217
460.65713,0.60791
460.66527,1.28360
460.67341,1.18321
460.68156,3.15571
460.68970,6.38256
460.69784,0.01999
460.70598,0.02626
460.71413,2.37365
460.72227,0.08654
460.73041,0.12917
460.73855,2.81013
460.74669,3.51931
460.75484,1.74141
460.76298,0.96448
460.77112,0.51495
460.77926,1.45795
460.78741,0.55608
460.79555,0.53782
460.80369,1.00620
460.81183,1.15521
460.81998,0.04667
460.82812,0.48360
460.83626,1.01033
460.84440,0.78924
460.85254,1.30241
460.86069,1.28335
460.86883,2.01411
460.87697,0.37827
460.88511,1.04168
460.89326,0.08234
460.90140,0.67598
460.90954,0.08512
460.91768,1.03994
460.92582,0.83238
460.93397,0.43407
460.94211,1.52504
460.95025,0.67260
460.95839,0.68281
460.96654,0.50470
460.97468,0.84729
460.98282,1.38098
460.99096,0.31331
460.99910,0.67093
461.00725,3.06773
461.01539,0.84124
461.02353,0.92225
461.03167,0.42806
461.03982,0.43668
461.04796,0.43070
461.05610,0.32865
461.06424,0.86215
461.07239,0.54527
461.08053,0.52340
461.08867,0.30382
461.09681,1.49021
461.10495,0.01822
461.11310,0.49725
461.12124,0.66548
461.12938,0.15715
461.13752,2.05415
461.14567,1.86842
461.15381,0.69399
461.16195,1.30908
461.17009,1.43623
461.17823,0.16201
461.18638,1.91242
461.19452,0.03038
461.20266,2.88400
461.21080,0.04226
461.21895,1.54710
461.22709,0.55234
461.23523,0.93675
461.24337,0.00719
461.25152,3.17598
461.25966,2.98862
461.26780,2.21134
461.27594,2.24304
461.28408,0.37226
461.29223,0.20934
461.30037,0.16986
461.30851,1.08730
461.31665,1.02378
461.32480,0.94064
461.33294,0.03047
461.34108,1.42384
461.34922,0.27076
461.35736,1.06424
461.36551,0.52387
461.37365,1.31554
461.38179,2.10558
461.38993,0.60603
461.39808,0.06323
461.40622,0.02608
461.41436,1.98011
461.42250,0.52612
461.43064,0.31148
461.43879,0.44632
461.44693,0.57141
461.45507,0.50855
461.46321,0.72856
461.47136,0.23402
461.47950,0.00814
461.48764,0.23433
461.49578,0.90253
461.50393,0.90218
461.51207,1.73703
461.52021,0.21128
461.52835,0.02274
461.53649,0.92530
461.54464,0.24693
461.55278,0.29693
461.56092,1.01432
461.56906,0.05276
461.57721,0.37739
461.58535,1.97911
461.59349,0.31805
461.60163,0.41097
461.60977,0.15220
461.61792,0.54163
461.62606,0.76867
461.63420,0.07800
461.64234,3.24996
461.65049,0.38452
461.65863,3.01793
461.66677,0.01187
461.67491,0.77527
461.68306,0.07744
461.69120,0.04945
461.69934,0.34967
461.70748,1.64216
461.71562,1.38530
461.72377,0.07961
461.73191,0.26378
461.74005,0.52626
461.74819,0.90462
461.75634,0.16391
461.76448,1.09576
461.77262,0.90394
461.78076,0.68293
461.78890,0.12383
461.79705,1.63248
461.80519,0.04825
461.81333,0.55623
461.82147,0.63446
461.82962,4.39420
461.83776,0.84904
461.84590,1.39394
461.85404,0.30480
461.86219,1.56269
461.87033,1.32140
461.87847,0.31436
461.88661,0.56758
461.89475,0.32198
461.90290,2.58036
461.91104,0.26830
461.91918,1.70991
461.92732,0.22033
461.93547,0.16468
461.94361,0.35929
461.95175,0.16584
461.95989,1.12519
461.96803,0.94846
461.97618,0.51621
461.98432,0.00507
461.99246,0.42061
462.00060,1.47234
462.00875,0.85449
462.01689,1.04632
462.02503,2.05313
462.03317,0.75031
462.04131,0.55206
462.04946,0.70384
462.05760,0.24309
462.06574,1.59432
462.07388,3.14188
462.08203,0.07040
462.09017,0.30767
462.09831,0.17809
462.10645,0.04855
462.11460,0.52510
462.12274,0.07226
462.13088,0.00011
462.13902,0.17448
462.14716,0.52602
462.15531,0.08085
462.16345,0.16036
462.17159,3.89579
462.17973,1.61140
462.18788,0.07532
462.19602,0.04781
462.20416,0.64916
462.21230,0.35382
462.22044,1.11613
462.22859,0.85712
462.23673,0.50276
462.24487,0.72733
462.25301,2.22556
462.26116,0.95988
462.26930,0.24067
462.27744,0.09963
462.28558,0.80261
462.29373,0.40411
462.30187,0.96191
462.31001,0.32880
462.31815,0.67068
462.32629,0.88194
462.33444,0.64363
462.34258,0.06428
462.35072,0.13584
462.35886,1.06792
462.36701,0.05242
462.37515,0.29818
462.38329,0.26665
462.39143,0.58541
462.39957,0.15629
462.40772,0.56433
462.41586,0.50638
462.42400,0.05352
462.43214,0.63432
462.44029,0.07934
462.44843,1.25725
462.45657,0.18743
462.46471,1.36153
462.47285,2.66176
462.48100,0.27414
462.48914,1.13743
462.49728,0.11952
462.50542,1.49881
462.51357,2.98591
462.52171,0.64460
462.52985,0.65658
462.53799,3.44653
462.54614,1.60069
462.55428,3.50895
462.56242,2.78941
462.57056,0.00017
462.57870,0.16643
462.58685,0.17023
462.59499,0.00438
462.60313,0.09788
462.61127,0.61241
462.61942,0.35992
462.62756,0.84156
462.63570,1.24824
462.64384,1.91325
462.65198,1.17366
462.66013,0.28219
462.66827,0.10206
462.67641,1.10680
462.68455,3.82400
462.69270,0.13277
462.70084,0.74563
462.70898,0.12309
462.71712,0.18495
462.72527,1.84504
462.73341,0.87275
462.74155,0.02545
462.74969,0.52698
462.75783,0.16269
462.76598,2.72447
462.77412,0.07770
462.78226,0.75110
462.79040,0.41149
462.79855,1.85977
462.80669,1.50297
462.81483,2.28813
462.82297,0.50452
462.83111,0.04540
462.83926,1.74602
462.84740,0.59291
462.85554,0.32111
462.86368,1.38033
462.87183,1.43541
462.87997,0.47539
462.88811,0.10050
462.89625,0.10733
462.90440,1.82923
462.91254,0.10916
462.92068,1.65764
462.92882,1.12034
462.93696,2.13712
462.94511,1.04292
462.95325,3.29137
462.96139,1.24163
462.96953,1.29909
462.97768,0.42491
462.98582,1.70761
462.99396,0.08166
463.00210,0.31763
463.01024,2.96117
463.01839,0.71563
463.02653,0.60330
463.03467,0.09101
463.04281,1.57176
463.05096,0.86369
463.05910,1.10572
463.06724,1.14550
463.07538,0.10948
463.08352,0.93123
463.09167,2.27370
463.09981,2.38392
463.10795,0.45587
463.11609,0.71154
463.12424,0.68567
463.13238,1.43608
463.14052,2.37071
463.14866,0.65793
463.15681,0.70457
463.16495,2.34245
463.17309,0.16564
463.18123,0.84758
463.18937,2.81459
463.19752,0.07757
463.20566,0.85283
463.21380,0.63648
463.22194,2.11699
463.23009,0.18298
463.23823,1.70342
463.24637,2.00521
463.25451,0.15713
463.26265,0.44477
463.27080,0.73585
463.27894,1.33907
463.28708,0.86772
463.29522,2.20909
463.30337,0.97688
463.31151,1.34594
463.31965,0.13071
463.32779,1.53985
463.33594,2.22557
463.34408,0.17923
463.35222,0.65239
463.36036,0.61704
463.36850,1.84815
463.37665,0.14368
463.38479,0.32564
463.39293,0.13037
463.40107,0.07890
463.40922,0.64561
463.41736,0.11711
463.42550,1.60774
463.43364,0.23247
463.44178,0.53204
463.44993,0.85924
463.45807,0.43374
463.46621,0.13335
463.47435,0.86522
463.48250,0.87204
463.49064,0.60044
463.49878,0.09798
463.50692,0.01089
463.51506,0.62937
463.52321,0.39818
463.53135,0.60482
463.53949,1.34400
463.54763,0.89152
463.55578,0.03021
463.56392,0.32721
463.57206,0.82939
463.58020,1.13512
463.58835,0.83588
463.59649,0.99774
463.60463,0.86659
463.61277,1.13850
463.62091,0.26069
463.62906,1.03465
463.63720,0.47682
463.64534,1.72817
463.65348,0.56175
463.66163,1.60424
463.66977,2.33028
463.67791,0.83094
463.68605,0.01793
463.69419,0.32243
463.70234,1.71273
463.71048,0.23634
463.71862,0.83752
463.72676,0.30107
463.73491,0.88719
463.74305,0.16790
463.75119,0.13659
463.75933,0.45058
463.76748,1.71992
463.77562,1.29300
463.78376,1.84183
463.79190,0.30794
463.80004,1.71204
463.80819,0.42985
463.81633,0.88294
463.82447,1.77048
463.83261,3.27653
463.84076,0.59668
463.84890,3.91308
463.85704,0.26252
463.86518,0.07254
463.87332,1.03485
463.88147,1.54308
463.88961,0.64605
463.89775,0.11291
463.90589,0.45655
463.91404,2.41307
463.92218,1.73620
463.93032,0.83646
463.93846,0.16485
463.94660,0.71615
463.95475,1.03355
463.96289,0.54604
463.97103,0.72670
463.97917,0.18896
463.98732,0.91387
463.99546,0.88083
464.00360,0.63255
464.01174,0.41292
464.01989,0.25641
464.02803,1.01367
464.03617,2.26348
464.04431,3.07707
464.05245,0.00538
464.06060,2.69417
464.06874,0.49144
464.07688,0.61727
464.08502,0.11548
464.09317,2.41164
464.10131,0.09967
464.10945,0.38812
464.11759,0.13574
464.12573,0.17031
464.13388,0.36109
464.14202,0.46787
464.15016,0.22486
464.15830,1.23347
464.16645,0.14405
464.17459,0.43328
464.18273,0.76394
464.19087,0.11138
464.19902,0.36698
464.20716,0.83852
464.21530,0.04083
464.22344,0.36765
464.23158,0.41018
464.23973,0.76687
464.24787,0.19167
464.25601,0.10166
464.26415,1.58272
464.27230,1.80079
464.28044,0.56299
464.28858,0.85181
464.29672,0.58429
464.30486,0.13309
464.31301,0.56753
464.32115,1.64904
464.32929,0.99848
464.33743,0.08154
464.34558,1.69705
464.35372,1.55576
464.36186,1.12703
464.37000,5.93667
464.37815,0.11342
464.38629,1.31163
464.39443,0.94428
464.40257,1.65291
464.41071,0.72263
464.41886,0.76209
464.42700,3.52936
464.43514,2.15513
464.44328,0.24134
464.45143,0.82871
464.45957,0.25533
464.46771,1.04532
464.47585,0.71880
464.48399,1.34923
464.49214,1.52498
464.50028,1.63817
464.50842,2.08022
464.51656,0.25615
464.52471,0.09952
464.53285,0.04651
464.54099,0.77426
464.54913,0.56378
464.55727,0.03132
464.56542,1.20144
464.57356,0.15611
464.58170,0.15364
464.58984,0.03325
464.59799,2.15411
464.60613,0.04455
464.61427,2.73844
464.62241,0.27879
464.63056,0.63144
464.63870,2.28628
464.64684,2.26432
464.65498,3.88879
464.66312,0.79719
464.67127,0.32731
464.67941,0.44423
464.68755,0.29219
464.69569,2.29871
464.70384,1.43394
464.71198,3.99974
464.72012,0.42937
464.72826,1.14650
464.73640,0.41772
464.74455,0.20774
464.75269,1.17172
464.76083,1.19094
464.76897,0.39506
464.77712,1.51155
464.78526,0.62902
464.79340,1.82069
464.80154,2.08932
464.80969,0.96465
464.81783,1.03815
464.82597,1.15766
464.83411,1.32149
464.84225,1.82984
464.85040,0.32772
464.85854,1.11187
464.86668,0.61269
464.87482,0.19350
464.88297,0.01492
464.89111,0.95250
464.89925,1.59854
464.90739,1.25454
464.91553,0.16023
464.92368,0.11328
464.93182,0.00243
464.93996,0.18811
464.94810,2.29179
464.95625,0.53050
464.96439,0.77087
464.97253,1.71527
464.98067,1.10888
464.98881,1.20481
464.99696,2.32730
465.00510,1.22579
465.01324,0.43408
465.02138,0.34214
465.02953,0.32181
465.03767,0.79931
465.04581,2.44846
465.05395,0.02114
465.06210,0.76250
465.07024,0.88078
465.07838,0.05512
465.08652,0.27751
465.09466,0.24078
465.10281,0.35806
465.11095,1.96484
465.11909,0.91091
465.12723,1.08765
465.13538,1.36919
465.14352,0.19643
465.15166,0.98010
465.15980,0.77254
465.16794,0.45046
465.17609,0.40245
465.18423,0.35767
465.19237,0.93268
465.20051,1.15663
465.20866,0.71358
465.21680,1.69317
465.22494,1.80708
465.23308,0.19958
465.24123,0.36704
465.24937,0.08594
465.25751,0.70270
465.26565,0.09747
465.27379,0.84872
465.28194,5.07450
465.29008,0.66302
465.29822,3.10684
465.30636,2.37075
465.31451,1.76527
465.32265,0.37459
465.33079,3.40473
465.33893,0.85084
465.34707,1.31850
465.35522,4.60155
465.36336,1.29315
465.37150,2.17132
465.37964,0.58294
465.38779,0.90219
465.39593,0.47527
465.40407,0.29597
465.41221,2.52995
465.42036,0.93473
465.42850,0.25022
465.43664,0.35024
465.44478,4.66553
465.45292,1.05887
465.46107,1.35398
465.46921,0.60719
465.47735,1.54390
465.48549,3.74427
465.49364,0.14332
465.50178,2.18976
465.50992,1.70939
465.51806,2.64691
465.52620,0.12114
465.53435,1.20624
465.54249,0.45527
465.55063,0.42402
465.55877,3.56270
465.56692,1.05242
465.57506,0.68853
465.58320,0.64693
465.59134,0.02500
465.59948,0.98585
465.60763,0.07788
465.61577,2.76934
465.62391,0.00103
465.63205,1.07127
465.64020,0.72582
465.64834,0.49207
465.65648,0.36392
465.66462,2.14126
465.67277,0.23060
465.68091,0.76724
465.68905,0.08702
465.69719,0.72654
465.70533,0.31834
465.71348,1.77792
465.72162,3.32085
465.72976,0.83978
465.73790,1.57764
465.74605,0.65796
465.75419,1.54118
465.76233,0.83703
465.77047,0.28509
465.77861,0.23248
465.78676,0.67603
465.79490,0.21025
465.80304,1.38493
465.81118,0.30745
465.81933,0.67656
465.82747,0.19231
465.83561,0.04389
465.84375,1.26336
465.85190,0.96787
465.86004,0.26742
465.86818,1.68227
465.87632,0.88869
465.88446,1.91319
465.89261,0.53785
465.90075,0.34383
465.90889,4.85929
465.91703,4.94573
465.92518,0.08504
465.93332,1.12245
465.94146,1.03710
465.94960,0.48155
465.95774,2.86210
465.96589,2.64519
465.97403,2.11679
465.98217,1.69155
465.99031,0.72250
465.99846,0.51479
466.00660,2.13928
466.01474,0.06870
466.02288,3.67339
466.03102,0.54462
466.03917,0.46529
466.04731,2.79354
466.05545,0.26058
466.06359,0.68534
466.07174,1.45064
466.07988,0.22280
466.08802,1.42001
466.09616,0.95287
466.10431,1.40446
466.11245,0.16869
466.12059,0.13224
466.12873,2.53350
466.13687,0.17419
466.14502,1.05133
466.15316,2.01821
466.16130,2.01222
466.16944,0.58692
466.17759,0.54982
466.18573,0.24417
466.19387,0.16146
466.20201,0.35716
466.21015,1.42496
466.21830,2.59765
466.22644,1.37524
466.23458,0.27426
466.24272,0.00426
466.25087,1.49982
466.25901,0.44439
466.26715,1.95098
466.27529,0.51052
466.28344,1.29218
466.29158,2.17880
466.29972,2.91742
466.30786,0.95927
466.31600,1.13343
466.32415,0.14413
466.33229,0.44113
466.34043,3.55475
466.34857,1.05675
466.35672,1.61161
466.36486,1.71216
466.37300,0.77627
466.38114,0.58150
466.38928,1.26782
466.39743,5.02007
466.40557,5.93900
466.41371,0.55075
466.42185,1.32193
466.43000,1.42465
466.43814,1.82347
466.44628,0.92266
466.45442,0.41504
466.46256,0.76194
466.47071,2.06006
466.47885,0.10076
466.48699,1.17554
466.49513,1.33530
466.50328,1.48279
466.51142,0.87514
466.51956,0.20502
466.52770,0.33269
466.53585,0.20452
466.54399,1.33969
466.55213,2.05892
466.56027,0.86697
466.56841,0.07669
466.57656,0.00919
466.58470,0.44911
466.59284,2.52572
466.60098,0.00650
466.60913,2.72967
466.61727,1.20919
466.62541,1.77176
466.63355,0.59199
466.64169,2.21143
466.64984,1.16131
466.65798,1.02747
466.66612,0.08984
466.67426,1.04131
466.68241,0.19210
466.69055,0.28227
466.69869,0.27540
466.70683,0.01755
466.71498,1.17240
466.72312,2.32470
466.73126,0.26974
466.73940,2.74661
466.74754,1.16853
466.75569,3.21307
466.76383,0.44997
466.77197,0.05694
466.78011,0.41726
466.78826,1.38938
466.79640,1.31906
466.80454,0.63305
466.81268,4.01133
466.82082,1.19369
466.82897,1.61346
466.83711,0.22748
466.84525,0.99505
466.85339,0.03902
466.86154,1.25395
466.86968,1.12323
466.87782,1.68254
466.88596,0.69980
466.89411,1.44138
466.90225,0.10634
466.91039,2.68024
466.91853,2.26105
466.92667,0.46715
466.93482,0.05965
466.94296,0.53358
466.95110,0.97403
466.95924,0.13505
466.96739,1.93698
466.97553,2.37449
466.98367,0.55578
466.99181,0.00055
466.99995,3.57767
467.00810,5.39823
467.01624,2.88890
467.02438,0.61656
467.03252,0.60238
467.04067,1.06146
467.04881,0.32879
467.05695,0.93230
467.06509,0.32560
467.07323,1.29969
467.08138,2.66316
467.08952,2.38259
467.09766,0.41114
467.10580,0.52354
467.11395,0.26289
467.12209,1.93939
467.13023,1.98800
467.13837,2.77127
467.14652,0.03360
467.15466,2.18957
467.16280,2.97665
467.17094,0.10127
467.17908,0.26682
467.18723,0.58279
467.19537,0.11359
467.20351,0.46939
467.21165,0.16836
467.21980,1.31348
467.22794,0.48063
467.23608,0.07838
467.24422,0.40937
467.25236,0.20065
467.26051,0.44604
467.26865,1.11457
467.27679,1.28919
467.28493,0.40275
467.29308,1.06359
467.30122,0.67993
467.30936,0.02045
467.31750,0.52994
467.32565,0.14350
467.33379,0.37208
467.34193,0.03529
467.35007,2.72311
467.35821,5.54233
467.36636,0.66804
467.37450,0.58474
467.38264,0.63599
467.39078,1.23850
467.39893,0.91393
467.40707,0.14058
467.41521,0.68868
467.42335,1.81540
467.43149,2.02127
467.43964,0.25763
467.44778,0.72342
467.45592,0.61666
467.46406,1.78153
467.47221,1.88903
467.48035,0.76724
467.48849,0.32446
467.49663,0.21048
467.50477,0.18090
467.51292,0.31114
467.52106,0.08736
467.52920,0.49188
467.53734,0.56795
467.54549,0.99853
467.55363,0.86809
467.56177,0.36647
467.56991,1.10022
467.57806,0.07263
467.58620,1.09880
467.59434,0.31616
467.60248,0.77114
467.61062,1.26572
467.61877,1.24949
467.62691,1.53650
467.63505,0.08282
467.64319,1.01639
467.65134,0.00891
467.65948,1.08869
467.66762,1.84249
467.67576,0.22816
467.68390,0.32507
467.69205,0.25173
467.70019,0.53101
467.70833,0.21537
467.71647,3.11309
467.72462,0.58019
467.73276,0.25618
467.74090,0.08341
467.74904,0.21553
467.75719,2.45867
467.76533,0.44285
467.77347,0.72746
467.78161,0.58092
467.78975,0.68055
467.79790,1.05255
467.80604,2.57742
467.81418,1.13733
467.82232,1.81501
467.83047,1.01337
467.83861,0.30461
467.84675,0.46669
467.85489,0.05749
467.86303,0.24478
467.87118,0.20094
467.87932,0.61314
467.88746,0.21403
467.89560,0.34310
467.90375,1.02604
467.91189,0.13711
467.92003,1.69631
467.92817,0.16212
467.93632,0.10226
467.94446,0.71947
467.95260,0.14717
467.96074,1.91242
467.96888,2.22593
467.97703,0.78212
467.98517,0.48368
467.99331,3.99977
468.00145,1.24036
468.00960,0.62966
468.01774,2.18600
468.02588,0.01469
468.03402,1.01579
468.04216,1.54774
468.05031,0.07783
468.05845,0.23719
468.06659,0.74620
468.07473,0.36395
468.08288,1.01409
468.09102,0.86661
468.09916,2.55025
468.10730,0.73610
468.11544,0.42145
468.12359,1.16444
468.13173,0.18938
468.13987,0.16531
468.14801,0.02721
468.15616,1.23845
468.16430,3.07804
468.17244,0.84003
468.18058,0.32501
468.18873,2.04597
468.19687,1.01920
468.20501,0.50009
468.21315,0.88649
468.22129,0.02391
468.22944,0.02612
468.23758,0.81821
468.24572,3.77773
468.25386,0.46825
468.26201,0.76921
468.27015,0.32584
468.27829,1.73867
468.28643,1.04557
468.29457,3.14474
468.30272,0.99258
468.31086,1.20672
468.31900,0.13622
468.32714,1.13238
468.33529,0.32716
468.34343,1.04251
468.35157,1.36759
468.35971,0.26084
468.36786,0.48540
468.37600,0.61112
468.38414,1.16466
468.39228,1.94507
468.40042,1.11204
468.40857,1.79510
468.41671,0.45379
468.42485,1.46363
468.43299,2.62328
468.44114,0.20188
468.44928,2.33548
468.45742,0.34269
468.46556,0.28647
468.47370,4.00778
468.48185,0.27608
468.48999,1.14542
468.49813,0.47195
468.50627,0.32390
468.51442,0.71705
468.52256,4.47118
468.53070,1.45190
468.53884,0.10244
468.54698,1.63021
468.55513,0.18307
468.56327,3.69936
468.57141,5.08166
468.57955,1.84265
468.58770,0.45910
468.59584,1.55149
468.60398,1.93593
468.61212,5.17675
468.62027,1.00299
468.62841,0.42690
468.63655,1.12408
468.64469,0.16935
468.65283,1.61723
468.66098,0.09810
468.66912,0.63996
468.67726,0.81800
468.68540,0.17366
468.69355,0.01184
468.70169,0.49759
468.70983,0.27119
468.71797,0.62178
468.72611,4.00039
468.73426,2.39495
468.74240,1.87914
468.75054,1.96737
468.75868,0.24254
468.76683,0.40201
468.77497,0.23898
468.78311,0.30300
468.79125,0.68511
468.79940,0.67804
468.80754,0.52741
468.81568,0.45221
468.82382,0.12443
468.83196,0.51592
468.84011,1.23628
468.84825,1.54190
468.85639,2.71669
468.86453,0.10968
468.87268,1.45181
468.88082,0.28439
468.88896,0.38124
468.89710,0.23448
468.90524,1.74499
468.91339,0.05413
468.92153,0.99363
468.92967,1.95954
468.93781,0.68178
468.94596,0.23510
468.95410,2.38932
468.96224,0.96506
468.97038,0.10471
468.97852,0.19785
468.98667,0.64216
468.99481,0.93974
469.00295,0.33476
469.01109,0.48184
469.01924,0.50313
469.02738,1.55257
469.03552,6.30257
469.04366,0.06590
469.05181,0.20651
469.05995,0.47944
469.06809,0.01203
469.07623,1.58618
469.08437,0.69216
469.09252,0.33576
469.10066,1.04277
469.10880,0.43436
469.11694,1.26805
469.12509,0.40489
469.13323,0.24920
469.14137,1.75226
469.14951,0.08943
469.15765,0.59890
469.16580,0.16432
469.17394,0.64780
469.18208,0.24791
469.19022,0.31800
469.19837,1.24603
469.20651,0.09394
469.21465,0.03082
469.22279,3.35414
469.23094,0.98755
469.23908,0.07100
469.24722,0.09122
469.25536,0.41610
469.26350,0.06361
469.27165,0.15496
469.27979,0.38440
469.28793,0.31105
469.29607,0.12597
469.30422,0.27547
469.31236,1.10193
469.32050,1.84528
469.32864,2.00455
469.33678,0.26518
469.34493,1.69591
469.35307,0.10528
469.36121,3.01218
469.36935,0.02815
469.37750,1.06171
469.38564,0.40271
469.39378,1.14116
469.40192,2.83701
469.41007,0.92379
469.41821,0.51250
469.42635,0.56816
469.43449,0.83003
469.44263,1.34747
469.45078,0.12717
469.45892,0.97993
469.46706,0.92404
469.47520,1.25138
469.48335,0.79430
469.49149,0.35988
469.49963,0.48866
469.50777,0.39865
469.51591,0.78441
469.52406,0.86153
469.53220,2.21031
469.54034,0.85803
469.54848,0.04216
469.55663,1.05102
469.56477,0.40950
469.57291,1.44405
469.58105,3.91208
469.58919,0.72796
469.59734,1.33056
469.60548,3.36608
469.61362,0.10791
469.62176,0.36169
469.62991,2.37484
469.63805,0.85322
469.64619,3.83056
469.65433,1.65963
469.66248,0.64410
469.67062,1.56446
469.67876,0.22825
469.68690,0.45640
469.69504,1.51277
469.70319,1.27503
469.71133,0.92278
469.71947,0.16588
469.72761,0.14207
469.73576,0.99039
469.74390,0.36402
469.75204,0.10118
469.76018,0.03755
469.76832,0.80175
469.77647,0.53229
469.78461,0.99670
469.79275,0.09367
469.80089,0.46076
469.80904,0.36225
469.81718,3.13553
469.82532,0.00711
469.83346,1.38875
469.84161,0.38595
469.84975,0.89551
469.85789,0.29395
469.86603,0.15418
469.87417,0.68824
469.88232,3.05876
469.89046,0.44876
469.89860,0.99397
469.90674,0.53627
469.91489,0.41655
469.92303,0.18440
469.93117,1.12482
469.93931,0.85233
469.94745,1.05127
469.95560,0.05091
469.96374,0.24115
469.97188,1.06651
469.98002,0.33189
469.98817,1.43724
469.99631,0.88921
470.00445,1.46133
470.01259,0.08100
470.02073,0.22654
470.02888,0.06261
470.03702,0.43795
470.04516,0.12597
470.05330,0.60470
470.06145,0.12385
470.06959,2.08009
470.07773,0.49205
470.08587,0.45553
470.09402,0.04555
470.10216,0.30076
470.11030,2.68988
470.11844,0.39608
470.12658,1.06843
470.13473,0.07247
470.14287,1.39341
470.15101,0.03130
470.15915,0.32563
470.16730,0.26860
470.17544,5.25820
470.18358,1.37849
470.19172,0.35229
470.19986,1.87968
470.20801,1.14936
470.21615,1.66379
470.22429,0.44844
470.23243,4.39636
470.24058,0.81380
470.24872,0.24767
470.25686,0.94709
470.26500,0.92677
470.27315,0.54488
470.28129,1.38009
470.28943,0.98198
470.29757,0.93130
470.30571,0.32748
470.31386,0.01974
470.32200,0.03389
470.33014,0.13219
470.33828,0.17211
470.34643,1.20990
470.35457,0.11355
470.36271,0.92560
470.37085,0.10128
470.37899,0.81966
470.38714,0.07446
470.39528,0.12209
470.40342,0.33753
470.41156,0.63259
470.41971,0.13939
470.42785,0.83203
470.43599,0.28910
470.44413,1.20767
470.45228,0.55216
470.46042,1.63666
470.46856,1.04806
470.47670,0.00288
470.48484,1.40344
470.49299,2.07000
470.50113,0.83262
470.50927,3.41162
470.51741,2.40989
470.52556,0.06837
470.53370,1.49586
470.54184,1.79377
470.54998,1.92552
470.55812,0.20583
470.56627,3.93054
470.57441,3.31602
470.58255,0.80236
470.59069,0.43684
470.59884,0.43610
470.60698,1.16009
470.61512,0.19364
470.62326,0.50182
470.63140,0.72391
470.63955,0.72294
470.64769,2.18484
470.65583,0.90185
470.66397,1.01545
470.67212,0.71112
470.68026,1.41212
470.68840,0.50597
470.69654,0.15213
470.70469,0.76083
470.71283,1.13080
470.72097,0.31916
470.72911,0.11874
470.73725,1.21470
470.74540,0.36200
470.75354,0.83134
470.76168,0.26893
470.76982,2.32360
470.77797,1.27216
470.78611,0.17828
470.79425,0.47909
470.80239,0.61782
470.81053,0.58386
470.81868,0.47040
470.82682,1.16372
470.83496,0.36443
470.84310,2.15709
470.85125,0.65894
470.85939,2.08968
470.86753,1.42438
470.87567,1.93053
470.88382,1.13888
470.89196,0.34769
470.90010,0.21698
470.90824,1.53398
470.91638,1.35314
470.92453,1.88710
470.93267,0.62457
470.94081,1.82237
470.94895,0.07015
470.95710,0.70783
470.96524,1.71072
470.97338,3.07714
470.98152,2.09800
470.98966,1.00129
470.99781,1.69151
471.00595,0.85870
471.01409,2.45004
471.02223,0.36574
471.03038,1.39965
471.03852,0.53948
471.04666,0.54122
471.05480,1.34017
471.06294,0.56886
471.07109,0.22824
471.07923,3.77856
471.08737,3.40015
471.09551,0.49757
471.10366,2.37135
471.11180,0.63605
471.11994,0.41492
471.12808,0.64468
471.13623,0.14156
471.14437,0.18083
471.15251,0.17305
471.16065,2.43759
471.16879,7.00916
471.17694,1.00154
471.18508,2.27395
471.19322,0.30445
471.20136,0.10798
471.20951,1.88894
471.21765,3.37410
471.22579,1.55785
471.23393,0.38817
471.24207,0.01806
471.25022,1.29632
471.25836,1.92950
471.26650,3.83919
471.27464,1.69415
471.28279,0.86314
471.29093,0.14172
471.29907,0.72908
471.30721,0.10473
471.31536,0.37256
471.32350,2.26562
471.33164,0.63095
471.33978,1.31870
471.34792,0.02221
471.35607,1.51293
471.36421,1.19783
471.37235,0.98466
471.38049,0.03542
471.38864,0.07789
471.39678,0.22706
471.40492,0.27020
471.41306,0.72039
471.42120,1.05567
471.42935,1.74504
471.43749,0.57589
471.44563,0.48159
471.45377,0.12583
471.46192,1.82713
471.47006,0.62965
471.47820,1.48937
471.48634,5.54213
471.49448,6.06779
471.50263,3.17354
471.51077,0.78783
471.51891,0.27353
471.52705,0.94565
471.53520,0.44039
471.54334,1.98548
471.55148,0.53253
471.55962,0.73682
471.56777,0.63472
471.57591,0.27164
471.58405,1.42315
471.59219,0.35983
471.60033,0.79628
471.60848,1.68563
471.61662,0.24786
471.62476,0.11255
471.63290,0.98612
471.64105,0.11087
471.64919,0.83762
471.65733,0.46537
471.66547,0.10201
471.67361,2.06028
471.68176,0.38067
471.68990,1.77515
471.69804,1.01085
471.70618,1.04378
471.71433,0.60761
471.72247,0.02426
471.73061,0.56478
471.73875,0.38228
471.74690,2.20814
471.75504,0.22761
471.76318,1.27590
471.77132,2.46315
471.77946,0.23910
471.78761,1.08098
471.79575,0.46777
471.80389,1.05792
471.81203,0.55045
471.82018,2.50572
471.82832,0.86817
471.83646,0.98131
471.84460,0.18963
471.85274,1.31062
471.86089,1.15438
471.86903,1.19114
471.87717,0.91006
471.88531,0.60637
471.89346,0.18998
471.90160,0.61490
471.90974,0.44429
471.91788,0.05663
471.92603,1.66141
471.93417,0.33001
471.94231,0.77141
471.95045,0.15866
471.95859,0.10825
471.96674,2.41014
471.97488,0.46609
471.98302,0.40595
471.99116,2.45284
471.99931,2.57394
472.00745,2.17897
472.01559,0.21077
472.02373,0.06705
472.03187,2.16760
472.04002,1.84967
472.04816,1.65740
472.05630,0.76695
472.06444,0.65099
472.07259,0.90788
472.08073,0.46249
472.08887,0.24880
472.09701,1.88579
472.10515,1.37531
472.11330,0.48864
472.12144,0.06562
472.12958,1.54312
472.13772,1.42679
472.14587,0.44585
472.15401,0.84331
472.16215,0.41920
472.17029,0.10038
472.17844,0.40366
472.18658,1.57019
472.19472,0.28362
472.20286,0.14481
472.21100,0.40641
472.21915,0.66243
472.22729,0.78616
472.23543,0.19455
472.24357,0.11545
472.25172,0.51376
472.25986,0.11032
472.26800,1.81138
472.27614,2.77372
472.28428,0.32694
472.29243,0.80604
472.30057,0.08438
472.30871,2.62219
472.31685,0.43489
472.32500,1.01754
472.33314,0.86135
472.34128,1.44672
472.34942,0.14485
472.35757,1.10930
472.36571,0.87167
472.37385,0.45259
472.38199,0.78429
472.39013,1.14314
472.39828,3.26596
472.40642,4.48027
472.41456,0.78410
472.42270,0.20003
472.43085,0.39741
472.43899,0.21039
472.44713,1.61658
472.45527,0.24652
472.46341,1.52191
472.47156,0.04306
472.47970,0.08752
472.48784,2.53948
472.49598,0.82840
472.50413,1.18596
472.51227,1.07292
472.52041,0.70701
472.52855,2.94964
472.53669,1.95977
472.54484,0.12579
472.55298,1.59521
472.56112,3.34594
472.56926,2.02278
472.57741,1.05187
472.58555,0.32367
472.59369,0.38485
472.60183,0.86597
472.60998,0.18606
472.61812,0.10659
472.62626,1.25137
472.63440,0.60082
472.64254,0.60627
472.65069,0.73871
472.65883,0.34634
472.66697,1.34338
472.67511,0.92597
472.68326,0.60306
472.69140,0.65111
472.69954,0.13088
472.70768,0.63254
472.71582,1.05763
472.72397,0.18264
472.73211,0.25305
472.74025,0.21893
472.74839,0.74713
472.75654,0.95881
472.76468,0.06140
472.77282,0.81389
472.78096,0.16293
472.78911,1.60295
472.79725,0.93363
472.80539,3.06025
472.81353,0.94007
472.82167,5.92131
472.82982,1.79819
472.83796,0.56407
472.84610,0.01731
472.85424,0.55761
472.86239,0.33906
472.87053,0.53139
472.87867,2.21253
472.88681,0.72160
472.89495,3.33447
472.90310,0.76685
472.91124,0.49506
472.91938,2.53030
472.92752,1.99127
472.93567,2.24421
472.94381,1.69601
472.95195,1.05062
472.96009,0.16964
472.96824,0.42965
472.97638,1.18589
472.98452,0.08256
472.99266,1.45956
473.00080,2.59384
473.00895,5.33124
473.01709,0.07038
473.02523,0.02061
473.03337,0.04404
473.04152,0.12659
473.04966,0.12656
473.05780,0.08678
473.06594,0.41638
473.07408,2.59089
473.08223,0.86629
473.09037,0.12421
473.09851,0.43466
473.10665,0.21824
473.11480,0.97740
473.12294,0.75028
473.13108,4.69619
473.13922,0.97635
473.14736,2.44451
473.15551,0.64482
473.16365,0.08558
473.17179,1.74052
473.17993,0.01381
473.18808,1.13792
473.19622,0.86251
473.20436,0.56712
473.21250,2.68038
473.22065,1.75960
473.22879,0.94867
473.23693,1.19860
473.24507,0.77766
473.25321,0.60509
473.26136,2.05705
473.26950,0.38070
473.27764,0.06737
473.28578,0.16473
473.29393,0.34120
473.30207,0.13263
473.31021,0.40784
473.31835,0.45877
473.32649,1.95476
473.33464,2.08143
473.34278,0.49570
473.35092,1.90773
473.35906,4.18042
473.36721,2.35672
473.37535,0.82771
473.38349,2.86296
473.39163,4.51711
473.39978,0.91721
473.40792,0.44099
473.41606,1.16669
473.42420,0.46100
473.43234,0.61149
473.44049,0.44139
473.44863,1.77371
473.45677,0.37202
473.46491,0.82410
473.47306,0.94595
473.48120,0.67796
473.48934,0.89234
473.49748,1.74436
473.50562,1.05043
473.51377,1.15075
473.52191,0.61470
473.53005,0.37070
473.53819,0.08996
473.54634,0.07794
473.55448,1.78046
473.56262,0.56067
473.57076,0.60023
473.57890,0.53759
473.58705,0.54973
473.59519,0.61702
473.60333,2.28781
473.61147,0.17322
473.61962,0.35723
473.62776,0.01419
473.63590,0.24355
473.64404,1.02467
473.65219,0.09955
473.66033,1.10623
473.66847,1.23691
473.67661,0.11671
473.68475,0.83045
473.69290,5.40627
473.70104,2.57285
473.70918,0.73735
473.71732,1.92606
473.72547,0.73593
473.73361,0.26332
473.74175,1.34184
473.74989,2.54425
473.75803,0.32989
473.76618,0.07358
473.77432,0.47619
473.78246,2.46886
473.79060,2.68418
473.79875,3.86976
473.80689,0.55477
473.81503,0.04734
473.82317,0.00842
473.83132,0.43524
473.83946,0.33221
473.84760,1.01566
473.85574,1.18148
473.86388,0.31779
473.87203,0.44108
473.88017,0.60126
473.88831,0.70178
473.89645,0.29239
473.90460,0.72228
473.91274,0.19979
473.92088,1.02747
473.92902,1.08367
473.93716,3.90079
473.94531,0.60337
473.95345,0.82116
473.96159,0.79308
473.96973,2.24243
473.97788,2.13806
473.98602,0.57087
473.99416,2.11044
474.00230,0.41518
474.01044,0.25517
474.01859,0.54646
474.02673,2.31668
474.03487,0.63672
474.04301,0.90675
474.05116,1.53906
474.05930,1.71766
474.06744,0.29480
474.07558,0.17813
474.08373,0.02628
474.09187,3.18753
474.10001,1.28713
474.10815,0.27302
474.11629,0.08225
474.12444,0.70917
474.13258,1.08252
474.14072,0.15382
474.14886,0.07687
474.15701,0.12687
474.16515,0.01210
474.17329,0.22485
474.18143,0.08390
474.18957,3.36557
474.19772,1.02694
474.20586,0.24919
474.21400,0.09735
474.22214,0.26102
474.23029,1.83429
474.23843,0.65576
474.24657,1.76702
474.25471,0.25786
474.26286,1.81336
474.27100,1.61702
474.27914,1.41832
474.28728,2.14147
474.29542,1.65401
474.30357,1.10682
474.31171,1.63327
474.31985,0.62480
474.32799,0.95654
474.33614,0.01893
474.34428,0.36665
474.35242,0.29018
474.36056,0.30841
474.36870,1.33117
474.37685,0.09677
474.38499,0.33540
474.39313,0.81137
474.40127,0.89718
474.40942,2.05164
474.41756,6.19992
474.42570,2.40117
474.43384,1.31532
474.44199,0.37431
474.45013,0.46793
474.45827,0.61765
474.46641,0.83232
474.47455,0.10037
474.48270,1.05675
474.49084,0.17066
474.49898,0.55546
474.50712,0.72031
474.51527,2.35628
474.52341,1.01994
474.53155,0.88211
474.53969,0.81114
474.54783,0.69713
474.55598,1.04844
474.56412,1.07406
474.57226,1.11744
474.58040,1.67139
474.58855,0.89069
474.59669,3.00448
474.60483,0.99593
474.61297,2.35992
474.62111,1.61693
474.62926,2.08581
474.63740,2.44067
474.64554,0.02937
474.65368,0.01932
474.66183,0.82711
474.66997,0.58563
474.67811,1.06233
474.68625,0.28985
474.69440,2.93712
474.70254,0.37655
474.71068,0.34108
474.71882,3.01878
474.72696,0.20739
474.73511,0.20645
474.74325,2.99454
474.75139,4.29807
474.75953,3.47533
474.76768,1.35319
474.77582,0.58053
474.78396,0.50725
474.79210,0.30446
474.80024,2.60893
474.80839,1.86243
474.81653,0.26570
474.82467,0.12069
474.83281,4.08816
474.84096,3.62806
474.84910,0.08480
474.85724,0.92578
474.86538,1.03550
474.87353,0.41652
474.88167,0.65744
474.88981,1.11340
474.89795,0.43194
474.90609,0.07176
474.91424,1.44405
474.92238,2.43324
474.93052,0.43259
474.93866,0.30222
474.94681,0.51219
474.95495,0.04555
474.96309,1.02627
474.97123,0.16162
474.97937,0.66805
474.98752,1.10120
474.99566,0.15394
475.00380,0.18482
475.01194,2.68763
475.02009,0.11006
475.02823,3.70278
475.03637,3.54019
475.04451,0.13676
475.05265,0.83873
475.06080,0.94343
475.06894,0.60591
475.07708,0.01575
475.08522,0.13550
475.09337,0.36221
475.10151,1.52079
475.10965,0.54009
475.11779,0.16003
475.12594,0.40784
475.13408,0.06594
475.14222,1.08105
475.15036,0.16067
475.15850,0.15555
475.16665,2.95743
475.17479,0.44239
475.18293,2.20542
475.19107,0.48878
475.19922,0.20010
475.20736,0.96076
475.21550,0.26123
475.22364,1.28285
475.23178,0.50808
475.23993,1.34957
475.24807,0.51850
475.25621,0.21857
475.26435,0.06330
475.27250,1.92136
475.28064,0.16783
475.28878,0.46831
475.29692,0.91478
475.30507,2.32077
475.31321,0.05588
475.32135,2.64214
475.32949,0.49994
475.33763,1.34268
475.34578,0.52785
475.35392,0.31407
475.36206,0.64882
475.37020,0.77843
475.37835,3.06912
475.38649,2.86977
475.39463,0.93637
475.40277,0.11744
475.41091,0.77383
475.41906,3.00964
475.42720,0.22666
475.43534,0.18850
475.44348,2.55126
475.45163,0.20565
475.45977,2.30469
475.46791,0.08776
475.47605,0.18732
475.48420,1.39707
475.49234,1.71863
475.50048,2.00147
475.50862,0.46064
475.51676,0.01153
475.52491,3.98717
475.53305,2.99225
475.54119,0.51189
475.54933,3.28060
475.55748,2.15005
475.56562,2.20511
475.57376,0.54836
475.58190,0.46185
475.59004,0.36649
475.59819,0.13815
475.60633,0.77290
475.61447,0.63638
475.62261,0.39658
475.63076,1.39779
475.63890,0.91490
475.64704,0.01910
475.65518,0.45696
475.66332,1.12265
475.67147,0.04872
475.67961,0.18797
475.68775,1.21928
475.69589,1.68730
475.70404,2.18071
475.71218,1.94587
475.72032,0.66590
475.72846,0.48493
475.73661,0.19127
475.74475,1.55297
475.75289,1.97304
475.76103,2.34056
475.76917,0.05230
475.77732,0.48554
475.78546,1.42860
475.79360,0.32609
475.80174,0.22573
475.80989,3.58524
475.81803,1.65012
475.82617,2.59037
475.83431,0.09473
475.84245,1.19707
475.85060,1.85169
475.85874,0.04898
475.86688,0.08367
475.87502,0.98990
475.88317,0.09950
475.89131,1.06847
475.89945,0.85598
475.90759,0.97026
475.91574,0.72068
475.92388,2.72781
475.93202,0.66026
475.94016,0.24821
475.94830,0.02854
475.95645,0.77694
475.96459,3.45865
475.97273,1.56711
475.98087,0.86325
475.98902,0.32618
475.99716,1.03849
476.00530,1.96175
476.01344,0.05621
476.02158,0.29703
476.02973,2.90135
476.03787,3.56079
476.04601,0.12120
476.05415,0.00967
476.06230,0.32359
476.07044,0.91651
476.07858,0.03107
476.08672,0.56062
476.09486,1.41154
476.10301,4.66303
476.11115,4.29753
476.11929,0.82365
476.12743,1.06083
476.13558,0.43464
476.14372,1.30932
476.15186,0.02688
476.16000,0.02289
476.16815,1.43591
476.17629,2.10155
476.18443,0.56376
476.19257,0.10628
476.20071,0.50556
476.20886,1.52012
476.21700,1.56348
476.22514,0.97585
476.23328,2.85572
476.24143,2.39329
476.24957,1.87730
476.25771,0.69052
476.26585,1.86062
476.27399,3.60366
476.28214,1.92261
476.29028,0.19171
476.29842,0.13588
476.30656,0.37232
476.31471,0.32987
476.32285,0.29773
476.33099,2.52254
476.33913,2.12079
476.34728,0.19885
476.35542,0.08045
476.36356,0.70110
476.37170,0.43990
476.37984,1.40354
476.38799,0.13074
476.39613,0.61526
476.40427,0.03199
476.41241,0.18784
476.42056,3.25770
476.42870,0.96421
476.43684,3.24859
476.44498,0.20269
476.45312,0.85152
476.46127,0.19530
476.46941,0.81790
476.47755,0.23881
476.48569,0.68695
476.49384,3.29820
476.50198,0.07822
476.51012,1.18548
476.51826,0.73235
476.52640,0.82958
476.53455,0.24646
476.54269,0.53788
476.55083,0.99754
476.55897,0.24190
476.56712,2.11524
476.57526,2.10911
476.58340,0.67651
476.59154,6.64910
476.59969,2.21546
476.60783,0.30869
476.61597,0.32796
476.62411,0.10676
476.63225,1.04345
476.64040,0.70352
476.64854,0.57505
476.65668,4.03305
476.66482,1.67629
476.67297,0.06171
476.68111,1.84016
476.68925,0.10372
476.69739,0.02350
476.70553,0.26353
476.71368,0.21581
476.72182,0.11113
476.72996,2.50143
476.73810,0.48590
476.74625,0.50133
476.75439,0.02458
476.76253,0.18687
476.77067,2.02415
476.77882,0.44125
476.78696,0.28572
476.79510,0.08558
476.80324,0.56800
476.81138,2.17047
476.81953,1.45304
476.82767,0.40594
476.83581,0.39071
476.84395,0.31748
476.85210,1.30247
476.86024,0.96321
476.86838,1.10696
476.87652,1.53196
476.88466,0.47380
476.89281,0.81956
476.90095,0.17713
476.90909,0.89252
476.91723,0.20393
476.92538,1.20608
476.93352,0.13499
476.94166,1.17877
476.94980,1.68082
476.95795,0.77384
476.96609,0.25188
476.97423,0.35806
476.98237,1.00698
476.99051,0.27378
476.99866,0.32718
477.00680,0.25568
477.01494,2.47163
477.02308,0.07506
477.03123,1.51827
477.03937,0.36447
477.04751,2.93161
477.05565,0.70230
477.06379,0.13759
477.07194,0.50675
477.08008,0.12307
477.08822,1.35220
477.09636,3.58253
477.10451,1.32121
477.11265,1.04615
477.12079,0.33841
477.12893,1.09489
477.13707,0.07925
477.14522,0.08541
477.15336,0.13913
477.16150,2.10008
477.16964,0.51931
477.17779,0.62777
477.18593,0.24152
477.19407,0.86577
477.20221,0.07580
477.21036,0.51088
477.21850,0.79190
477.22664,0.23198
477.23478,0.40647
477.24292,2.00905
477.25107,0.44836
477.25921,0.20246
477.26735,0.51468
477.27549,1.76284
477.28364,0.31081
477.29178,0.24463
477.29992,0.61647
477.30806,0.00532
477.31620,2.07774
477.32435,2.21825
477.33249,1.07360
477.34063,0.61837
477.34877,0.56593
477.35692,0.19657
477.36506,1.32629
477.37320,0.28696
477.38134,0.12143
477.38949,1.34177
477.39763,2.05050
477.40577,0.13378
477.41391,0.44546
477.42205,0.49951
477.43020,0.07279
477.43834,0.58948
477.44648,0.19347
477.45462,0.10187
477.46277,0.83925
477.47091,1.49932
477.47905,0.83144
477.48719,0.71646
477.49533,0.42205
477.50348,3.59222
477.51162,1.59212
477.51976,0.68544
477.52790,0.32567
477.53605,0.08881
477.54419,0.65143
477.55233,1.45670
477.56047,0.63927
477.56861,0.90698
477.57676,0.16920
477.58490,1.07420
477.59304,0.02390
477.60118,1.53865
477.60933,1.19889
477.61747,0.26846
477.62561,0.23862
477.63375,0.13378
477.64190,0.62593
477.65004,0.43011
477.65818,0.00540
477.66632,0.36768
477.67446,1.23584
477.68261,0.53436
477.69075,0.42467
477.69889,2.61556
477.70703,0.23389
477.71518,0.29814
477.72332,0.51634
477.73146,2.56252
477.73960,1.41935
477.74774,2.34075
477.75589,3.60499
477.76403,1.38812
477.77217,0.03072
477.78031,0.14988
477.78846,0.21941
477.79660,0.72673
477.80474,0.13516
477.81288,0.04296
477.82103,1.33596
477.82917,0.12572
477.83731,0.36691
477.84545,0.76515
477.85359,0.12046
477.86174,0.12446
477.86988,0.44299
477.87802,0.48667
477.88616,1.29564
477.89431,1.09585
477.90245,6.32114
477.91059,4.09057
477.91873,0.20262
477.92687,0.88669
477.93502,0.07891
477.94316,2.29318
477.95130,0.49831
477.95944,2.02185
477.96759,2.18532
477.97573,0.56508
477.98387,1.07074
477.99201,1.15713
478.00016,0.55476
478.00830,0.26559
478.01644,0.38407
478.02458,0.05431
478.03272,1.67498
478.04087,0.88759
478.04901,0.75456
478.05715,1.51024
478.06529,1.58045
478.07344,0.69954
478.08158,0.36580
478.08972,0.11472
478.09786,1.27352
478.10600,0.76496
478.11415,0.23563
478.12229,1.36019
478.13043,2.84218
478.13857,2.31658
478.14672,1.80124
478.15486,0.47588
478.16300,0.31873
478.17114,0.47978
478.17928,0.59937
478.18743,0.22223
478.19557,1.32258
478.20371,0.01997
478.21185,1.06725
478.22000,0.10361
478.22814,0.56599
478.23628,0.14202
478.24442,1.94656
478.25257,0.46745
478.26071,0.66691
478.26885,0.01969
478.27699,0.45714
478.28513,0.80809
478.29328,2.42737
478.30142,0.74280
478.30956,2.30862
478.31770,1.58357
478.32585,1.15104
478.33399,0.09750
478.34213,0.20325
478.35027,0.71946
478.35841,1.41211
478.36656,0.07958
478.37470,0.64391
478.38284,2.63126
478.39098,0.90148
478.39913,0.58651
478.40727,0.08787
478.41541,3.59231
478.42355,0.10214
478.43170,0.45531
478.43984,0.44030
478.44798,0.99136
478.45612,0.22696
478.46426,3.14998
478.47241,2.14553
478.48055,0.52837
478.48869,0.89298
478.49683,1.02844
478.50498,1.51133
478.51312,0.49394
478.52126,0.01538
478.52940,2.63055
478.53754,0.17967
478.54569,0.94268
478.55383,1.13229
478.56197,0.09218
478.57011,1.13577
478.57826,0.36295
478.58640,0.94796
478.59454,0.36263
478.60268,0.18824
478.61082,0.89020
478.61897,1.46478
478.62711,0.99968
478.63525,1.06180
478.64339,1.49660
478.65154,0.62244
478.65968,0.57868
478.66782,0.22574
478.67596,0.51524
478.68411,0.69794
478.69225,2.29981
478.70039,0.95498
478.70853,1.17227
478.71667,0.60842
478.72482,0.45325
478.73296,0.38156
478.74110,1.32938
478.74924,0.97008
478.75739,1.08895
478.76553,1.03334
478.77367,0.39178
478.78181,0.89062
478.78995,0.71882
478.79810,0.50844
478.80624,0.41064
478.81438,0.93703
478.82252,0.96570
478.83067,0.83528
478.83881,0.61403
478.84695,0.66479
478.85509,0.35734
478.86324,0.54307
478.87138,0.63516
478.87952,0.59505
478.88766,0.49605
478.89580,1.63409
478.90395,0.11005
478.91209,1.61521
478.92023,0.65435
478.92837,0.36181
478.93652,0.74718
478.94466,0.75252
478.95280,0.29752
478.96094,1.59285
478.96908,0.61812
478.97723,1.07346
478.98537,1.45744
478.99351,0.30013
479.00165,0.48823
479.00980,1.54940
479.01794,0.03072
479.02608,1.56309
479.03422,1.00004
479.04236,2.47878
479.05051,0.16896
479.05865,1.05334
479.06679,1.20569
479.07493,0.55051
479.08308,0.91458
479.09122,2.73314
479.09936,0.05803
479.10750,1.94414
479.11565,1.33274
479.12379,0.52642
479.13193,2.43148
479.14007,1.03308
479.14821,0.63398
479.15636,1.20945
479.16450,0.33889
479.17264,0.46209
479.18078,0.14306
479.18893,0.93700
479.19707,0.12034
479.20521,0.87104
479.21335,0.40292
479.22149,1.05043
479.22964,0.24473
479.23778,0.64088
479.24592,0.71444
479.25406,0.50218
479.26221,2.16524
479.27035,0.02879
479.27849,1.19363
479.28663,0.00976
479.29478,3.44655
479.30292,0.93777
479.31106,0.65854
479.31920,2.00519
479.32734,1.40480
479.33549,1.76395
479.34363,1.39504
479.35177,0.57269
479.35991,0.10339
479.36806,1.58671
479.37620,0.39385
479.38434,0.55300
479.39248,3.92342
479.40062,2.14519
479.40877,0.10321
479.41691,0.57152
479.42505,0.39506
479.43319,3.66028
479.44134,1.08847
479.44948,0.04989
479.45762,0.80762
479.46576,1.95365
479.47391,1.04601
479.48205,0.24090
479.49019,0.88357
479.49833,4.52697
479.50647,1.23586
479.51462,0.37545
479.52276,0.67590
479.53090,1.40283
479.53904,1.39818
479.54719,1.39415
479.55533,0.23999
479.56347,0.72594
479.57161,1.39969
479.57975,1.94053
479.58790,1.07869
479.59604,2.55488
479.60418,1.07281
479.61232,0.42831
479.62047,0.26566
479.62861,0.89017
479.63675,0.73661
479.64489,0.42054
479.65303,1.64476
479.66118,0.14091
479.66932,2.46394
479.67746,2.14478
479.68560,0.41311
479.69375,0.05683
479.70189,0.21140
479.71003,0.33728
479.71817,0.60137
479.72632,0.04953
479.73446,0.69633
479.74260,1.16448
479.75074,1.19983
479.75888,0.98631
479.76703,0.14429
479.77517,1.51642
479.78331,0.22583
479.79145,1.62352
479.79960,0.26551
479.80774,0.46527
479.81588,1.63077
479.82402,0.16548
479.83216,2.33101
479.84031,0.75020
479.84845,0.27267
479.85659,0.82440
479.86473,1.06481
479.87288,0.15877
479.88102,0.40792
479.88916,2.95845
479.89730,2.87934
479.90545,0.14661
479.91359,0.19083
479.92173,0.42682
479.92987,0.73116
479.93801,2.04273
479.94616,0.31871
479.95430,2.53031
479.96244,1.09332
479.97058,2.66755
479.97873,0.06557
479.98687,0.20659
479.99501,1.51610
480.00315,2.71346
480.01129,2.88806
480.01944,0.25147
480.02758,0.41590
480.03572,0.81852
480.04386,0.08519
480.05201,1.21536
480.06015,0.11784
480.06829,0.00372
480.07643,1.25338
480.08457,0.59245
480.09272,0.08043
480.10086,0.05477
480.10900,0.00736
480.11714,0.41868
480.12529,2.50626
480.13343,0.73118
480.14157,0.04302
480.14971,1.33228
480.15786,0.75836
480.16600,1.48526
480.17414,1.84084
480.18228,0.18141
480.19042,0.90413
480.19857,1.63867
480.20671,0.70867
480.21485,2.50720
480.22299,0.40950
480.23114,0.57653
480.23928,1.36184
480.24742,0.54308
480.25556,1.73805
480.26370,0.25168
480.27185,2.40754
480.27999,1.14724
480.28813,0.22104
480.29627,0.46271
480.30442,0.91768
480.31256,0.00021
480.32070,0.82787
480.32884,0.25233
480.33699,0.71705
480.34513,0.72645
480.35327,0.30928
480.36141,2.44149
480.36955,0.67584
480.37770,0.80388
480.38584,1.26337
480.39398,1.11939
480.40212,1.01385
480.41027,0.63136
480.41841,4.30387
480.42655,2.73414
480.43469,1.32954
480.44283,3.95424
480.45098,2.15497
480.45912,0.16641
480.46726,0.58443
480.47540,0.39298
480.48355,0.84156
480.49169,0.07041
480.49983,1.60155
480.50797,0.00863
480.51611,0.06312
480.52426,2.12754
480.53240,3.00774
480.54054,0.00421
480.54868,1.09151
480.55683,0.18517
480.56497,0.19384
480.57311,1.54376
480.58125,1.11648
480.58940,0.25391
480.59754,0.43991
480.60568,0.85609
480.61382,0.85710
480.62196,0.30362
480.63011,0.04464
480.63825,1.32948
480.64639,0.42346
480.65453,0.43888
480.66268,0.59359
480.67082,0.33364
480.67896,1.96662
480.68710,0.14840
480.69524,0.29518
480.70339,2.99731
480.71153,1.44596
480.71967,0.72023
480.72781,2.47536
480.73596,4.86782
480.74410,0.44793
480.75224,1.56741
480.76038,0.54113
480.76853,2.00543
480.77667,4.59812
480.78481,0.41505
480.79295,0.40039
480.80109,0.30000
480.80924,0.62290
480.81738,1.48119
480.82552,0.85274
480.83366,0.36964
480.84181,1.23795
480.84995,0.87822
480.85809,0.76840
480.86623,3.32537
480.87437,1.10668
480.88252,1.17189
480.89066,0.30020
480.89880,0.61739
480.90694,0.90400
480.91509,0.12886
480.92323,1.43952
480.93137,2.83137
480.93951,2.74684
480.94766,1.49838
480.95580,1.21775
480.96394,0.58192
480.97208,1.57589
480.98022,1.61114
480.98837,0.15406
480.99651,1.10858
481.00465,0.68046
481.01279,0.72020
481.02094,0.26720
481.02908,3.81718
481.03722,4.00198
481.04536,0.46539
481.05350,0.68060
481.06165,0.42209
481.06979,0.91478
481.07793,0.23893
481.08607,1.69085
481.09422,1.11944
481.10236,2.02828
481.11050,3.56972
481.11864,1.32099
481.12678,2.42057
481.13493,3.37813
481.14307,1.65380
481.15121,0.00404
481.15935,0.40072
481.16750,0.15531
481.17564,0.46117
481.18378,1.03212
481.19192,1.94626
481.20007,3.14282
481.20821,0.17791
481.21635,0.57959
481.22449,0.31945
481.23263,0.35672
481.24078,0.18718
481.24892,3.12479
481.25706,0.08551
481.26520,0.05793
481.27335,0.91332
481.28149,0.03146
481.28963,0.01645
481.29777,0.05516
481.30591,1.52985
481.31406,2.34136
481.32220,0.59832
481.33034,1.86751
481.33848,0.39021
481.34663,0.94383
481.35477,0.36458
481.36291,0.03866
481.37105,0.17682
481.37920,0.80026
481.38734,0.71651
481.39548,1.70421
481.40362,0.41432
481.41176,2.76950
481.41991,0.41194
481.42805,1.48726
481.43619,0.63541
481.44433,1.88814
481.45248,0.24267
481.46062,2.31091
481.46876,0.67388
481.47690,1.92955
481.48504,0.38769
481.49319,0.37896
481.50133,0.68451
481.50947,0.23396
481.51761,0.17979
481.52576,0.10490
481.53390,0.01439
481.54204,0.45831
481.55018,0.67118
481.55832,0.91123
481.56647,0.06356
481.57461,2.68573
481.58275,0.26311
481.59089,2.81057
481.59904,1.28655
481.60718,0.75708
481.61532,0.10836
481.62346,1.89149
481.63161,1.42539
481.63975,0.89327
481.64789,0.38540
481.65603,0.02014
481.66417,0.11765
481.67232,0.80043
481.68046,1.85860
481.68860,1.06598
481.69674,0.50981
481.70489,0.35173
481.71303,0.57350
481.72117,0.41735
481.72931,2.67817
481.73745,2.67148
481.74560,1.26100
481.75374,0.35617
481.76188,0.34045
481.77002,0.46876
481.77817,1.04224
481.78631,2.65972
481.79445,3.33937
481.80259,1.23624
481.81074,2.95899
481.81888,2.03706
481.82702,3.16992
481.83516,0.02638
481.84330,1.30276
481.85145,1.16431
481.85959,3.15204
481.86773,0.40176
481.87587,0.39800
481.88402,5.48996
481.89216,0.12087
481.90030,2.00544
481.90844,0.60055
481.91658,1.77915
481.92473,0.94055
481.93287,1.72701
481.94101,0.25625
481.94915,0.40023
481.95730,0.42765
481.96544,0.79575
481.97358,0.17987
481.98172,0.32232
481.98987,0.10403
481.99801,0.34540
482.00615,0.90702
482.01429,0.21241
482.02243,0.38982
482.03058,0.47827
482.03872,0.38438
482.04686,1.70119
482.05500,0.26812
482.06315,0.14594
482.07129,1.22478
482.07943,0.08023
482.08757,1.15357
482.09571,4.22950
482.10386,2.07905
482.11200,1.59614
482.12014,1.02551
482.12828,0.97798
482.13643,0.76477
482.14457,1.10915
482.15271,1.72046
482.16085,0.95615
482.16899,1.73620
482.17714,1.32875
482.18528,0.98116
482.19342,2.35037
482.20156,1.29244
482.20971,1.21734
482.21785,0.23691
482.22599,0.76699
482.23413,0.30827
482.24228,0.24280
482.25042,0.46866
482.25856,0.13281
482.26670,1.35443
482.27484,0.61122
482.28299,0.18760
482.29113,1.43175
482.29927,0.02369
482.30741,1.07001
482.31556,0.21945
482.32370,0.22990
482.33184,0.29969
482.33998,1.53470
482.34812,0.30844
482.35627,0.33985
482.36441,1.37405
482.37255,1.39194
482.38069,4.57270
482.38884,2.05136
482.39698,0.64161
482.40512,3.85840
482.41326,0.51145
482.42141,0.57326
482.42955,0.39009
482.43769,0.65536
482.44583,0.14421
482.45397,0.18214
482.46212,0.24500
482.47026,3.03206
482.47840,3.03940
482.48654,0.31626
482.49469,0.14476
482.50283,0.78817
482.51097,0.09770
482.51911,1.19252
482.52725,0.72657
482.53540,1.52351
482.54354,0.07477
482.55168,1.14715
482.55982,0.36013
482.56797,1.34319
482.57611,1.96323
482.58425,0.60118
482.59239,0.90739
482.60053,0.10407
482.60868,0.61074
482.61682,1.50264
482.62496,0.74068
482.63310,0.51941
482.64125,1.86850
482.64939,0.48826
482.65753,0.20536
482.66567,0.07115
482.67382,1.06525
482.68196,1.05039
482.69010,0.27055
482.69824,0.75224
482.70638,0.35610
482.71453,0.69888
482.72267,2.54350
482.73081,1.27168
482.73895,0.71000
482.74710,0.13224
482.75524,0.69376
482.76338,1.12883
482.77152,0.08219
482.77966,0.54045
482.78781,2.27031
482.79595,0.73590
482.80409,1.76165
482.81223,0.12706
482.82038,1.02088
482.82852,0.51694
482.83666,0.77409
482.84480,1.46036
482.85295,0.62024
482.86109,0.33393
482.86923,0.12096
482.87737,0.07917
482.88551,0.36772
482.89366,0.73745
482.90180,0.90958
482.90994,1.72988
482.91808,1.35793
482.92623,0.36455
482.93437,0.78125
482.94251,1.02559
482.95065,4.12411
482.95879,0.85665
482.96694,0.07739
482.97508,1.13358
482.98322,0.93771
482.99136,1.12498
482.99951,3.36798
483.00765,2.40216
483.01579,0.29812
483.02393,1.33495
483.03207,0.67678
483.04022,2.49524
483.04836,2.39952
483.05650,0.21788
483.06464,0.94802
483.07279,0.13025
483.08093,0.33256
483.08907,0.19894
483.09721,0.38775
483.10536,2.38006
483.11350,1.20619
483.12164,2.79835
483.12978,0.16169
483.13792,0.02723
483.14607,1.12481
483.15421,0.39628
483.16235,1.36101
483.17049,1.55898
483.17864,0.26378
483.18678,0.02771
483.19492,1.24958
483.20306,1.06875
483.21120,0.30146
483.21935,0.00491
483.22749,0.24922
483.23563,0.09770
483.24377,0.26877
483.25192,0.14124
483.26006,0.21666
483.26820,1.27494
483.27634,2.34472
483.28449,2.19968
483.29263,0.01758
483.30077,0.10368
483.30891,0.77424
483.31705,0.81361
483.32520,1.54192
483.33334,0.47236
483.34148,0.15961
483.34962,0.07304
483.35777,0.31047
483.36591,0.17411
483.37405,0.17252
483.38219,0.53552
483.39033,0.23395
483.39848,0.56293
483.40662,2.37013
483.41476,3.06229
483.42290,0.01769
483.43105,0.58471
483.43919,3.37155
483.44733,1.86834
483.45547,3.03285
483.46362,1.60620
483.47176,0.39692
483.47990,0.92118
483.48804,0.02391
483.49618,0.44521
483.50433,0.35242
483.51247,0.02101
483.52061,0.29122
483.52875,0.54944
483.53690,0.41745
483.54504,0.55950
483.55318,1.19078
483.56132,0.50114
483.56946,0.81278
483.57761,0.27646
483.58575,1.29183
483.59389,0.84778
483.60203,2.27634
483.61018,0.40713
483.61832,0.66375
483.62646,1.04946
483.63460,0.77213
483.64274,0.33081
483.65089,0.88115
483.65903,2.10243
483.66717,1.05403
483.67531,1.49959
483.68346,0.08949
483.69160,1.99556
483.69974,0.61990
483.70788,1.83031
483.71603,0.26260
483.72417,1.93135
483.73231,0.21694
483.74045,1.16888
483.74859,0.40896
483.75674,0.04892
483.76488,2.95245
483.77302,1.12784
483.78116,0.13684
483.78931,0.39576
483.79745,0.75355
483.80559,2.50888
483.81373,1.31040
483.82187,0.85602
483.83002,1.71214
483.83816,0.40718
483.84630,0.03755
483.85444,0.48955
483.86259,1.39725
483.87073,3.07127
483.87887,0.98576
483.88701,0.61529
483.89516,1.84812
483.90330,3.36379
483.91144,2.25143
483.91958,0.00080
483.92772,1.24535
483.93587,0.21697
483.94401,0.46348
483.95215,0.13408
483.96029,1.58304
483.96844,0.88183
483.97658,1.37076
483.98472,0.10556
483.99286,0.48711
484.00100,1.40029
484.00915,1.68185
484.01729,0.67735
484.02543,1.94631
484.03357,0.90880
484.04172,0.86467
484.04986,1.65194
484.05800,1.09084
484.06614,0.15701
484.07428,0.40021
484.08243,0.20787
484.09057,0.63153
484.09871,1.15601
484.10685,2.86483
484.11500,1.19451
484.12314,1.29037
484.13128,0.18981
484.13942,0.42343
484.14757,1.13925
484.15571,0.76951
484.16385,2.12173
484.17199,0.08260
484.18013,1.12186
484.18828,0.15859
484.19642,0.21287
484.20456,0.51643
484.21270,1.36247
484.22085,2.20903
484.22899,0.61720
484.23713,0.12301
484.24527,0.11064
484.25341,2.58613
484.26156,5.05904
484.26970,3.47204
484.27784,2.29763
484.28598,0.52136
484.29413,1.71246
484.30227,0.00247
484.31041,0.25034
484.31855,0.46633
484.32670,2.10294
484.33484,0.02316
484.34298,3.33516
484.35112,2.48989
484.35926,1.10627
484.36741,0.92084
484.37555,0.05105
484.38369,0.52320
484.39183,0.14850
484.39998,0.13132
484.40812,2.83089
484.41626,1.69679
484.42440,0.08953
484.43254,1.25332
484.44069,0.93712
484.44883,2.31290
484.45697,1.07700
484.46511,0.92653
484.47326,0.31770
484.48140,2.10334
484.48954,0.87342
484.49768,0.13866
484.50583,1.15659
484.51397,0.16152
484.52211,0.96463
484.53025,3.39135
484.53839,0.45334
484.54654,0.31533
484.55468,0.68685
484.56282,0.78949
484.57096,1.32157
484.57911,1.32524
484.58725,0.22229
484.59539,1.81933
484.60353,2.17063
484.61167,1.15937
484.61982,1.55447
484.62796,0.05555
484.63610,4.80031
484.64424,0.49071
484.65239,1.15428
484.66053,1.77213
484.66867,1.42977
484.67681,0.96761
484.68495,0.63570
484.69310,1.72550
484.70124,0.80671
484.70938,0.97327
484.71752,0.05417
484.72567,0.91579
484.73381,0.65232
484.74195,0.55618
484.75009,0.94090
484.75824,0.21490
484.76638,0.43615
484.77452,0.24496
484.78266,0.28474
484.79080,1.94266
484.79895,1.90491
484.80709,1.00503
484.81523,0.13470
484.82337,2.36255
484.83152,0.82208
484.83966,0.31454
484.84780,1.57759
484.85594,0.53420
484.86408,1.31779
484.87223,0.07930
484.88037,0.32661
484.88851,0.41302
484.89665,1.71518
484.90480,4.10354
484.91294,2.74783
484.92108,0.79810
484.92922,0.06363
484.93737,2.17167
484.94551,0.34034
484.95365,1.27606
484.96179,3.34221
484.96993,2.56838
484.97808,1.26591
484.98622,0.35406
484.99436,0.13725
485.00250,0.07223
485.01065,0.20763
485.01879,0.07076
485.02693,1.20213
485.03507,0.00828
485.04321,1.53486
485.05136,0.06315
485.05950,0.75463
485.06764,1.48884
485.07578,0.29373
485.08393,0.26049
485.09207,0.34944
485.10021,0.26989
485.10835,0.78492
485.11649,0.63037
485.12464,1.12524
485.13278,0.14535
485.14092,0.29269
485.14906,0.54306
485.15721,0.47778
485.16535,0.51191
485.17349,1.16049
485.18163,0.66348
485.18978,2.12862
485.19792,0.37575
485.20606,2.32280
485.21420,0.24090
485.22234,0.62292
485.23049,0.03088
485.23863,2.49764
485.24677,0.50790
485.25491,0.01446
485.26306,0.10118
485.27120,0.01370
485.27934,1.28001
485.28748,1.27906
485.29562,1.17705
485.30377,1.23893
485.31191,0.30033
485.32005,0.33703
485.32819,0.45506
485.33634,0.34331
485.34448,0.61003
485.35262,0.22341
485.36076,0.71730
485.36891,3.10545
485.37705,0.34690
485.38519,0.00401
485.39333,0.60533
485.40147,2.97970
485.40962,0.19077
485.41776,0.56133
485.42590,1.09344
485.43404,1.31563
485.44219,1.03527
485.45033,0.17228
485.45847,0.06388
485.46661,1.09406
485.47475,0.01135
485.48290,0.42597
485.49104,1.76099
485.49918,1.15062
485.50732,0.41952
485.51547,1.41084
485.52361,3.54351
485.53175,0.53827
485.53989,1.46508
485.54803,0.09623
485.55618,0.93814
485.56432,2.52546
485.57246,0.69872
485.58060,1.05639
485.58875,0.23326
485.59689,1.02166
485.60503,0.67650
485.61317,0.55101
485.62132,0.01604
485.62946,1.74055
485.63760,2.01843
485.64574,0.34124
485.65388,0.51090
485.66203,0.35875
485.67017,1.98299
485.67831,1.93884
485.68645,1.24335
485.69460,0.03448
485.70274,1.30543
485.71088,2.05196
485.71902,0.17835
485.72716,1.95070
485.73531,0.34907
485.74345,0.67391
485.75159,0.75022
485.75973,1.36179
485.76788,5.55988
485.77602,0.55131
485.78416,0.45606
485.79230,0.79226
485.80045,1.08368
485.80859,0.12976
485.81673,2.88471
485.82487,3.03759
485.83301,0.31971
485.84116,0.51431
485.84930,0.11479
485.85744,0.93425
485.86558,1.25617
485.87373,0.00837
485.88187,0.42006
485.89001,1.43429
485.89815,0.82035
485.90629,1.07917
485.91444,0.31861
485.92258,0.29817
485.93072,0.83942
485.93886,0.07123
485.94701,0.29327
485.95515,0.05805
485.96329,0.79048
485.97143,1.13140
485.97958,0.90295
485.98772,0.30715
485.99586,0.18833
486.00400,0.34108
486.01214,0.27663
486.02029,0.46479
486.02843,0.76630
486.03657,0.72812
486.04471,1.07660
486.05286,0.39046
486.06100,0.38480
486.06914,0.64977
486.07728,0.50934
486.08542,0.06415
486.09357,1.14405
486.10171,0.64314
486.10985,0.65212
486.11799,0.69699
486.12614,0.61197
486.13428,0.22476
486.14242,0.40499
486.15056,1.41897
486.15870,0.12758
486.16685,0.70041
486.17499,0.19524
486.18313,1.88197
486.19127,0.41297
486.19942,0.19697
486.20756,0.29782
486.21570,2.74669
486.22384,2.48185
486.23199,0.93025
486.24013,0.21995
486.24827,0.16254
486.25641,0.51415
486.26455,0.36612
486.27270,0.15584
486.28084,3.44474
486.28898,0.63292
486.29712,0.63788
486.30527,0.41958
486.31341,0.30018
486.32155,0.25354
486.32969,0.02613
486.33783,0.73164
486.34598,0.91049
486.35412,0.07271
486.36226,2.99328
486.37040,3.01185
486.37855,4.15998
486.38669,0.32873
486.39483,0.29118
486.40297,2.02606
486.41112,0.73009
486.41926,2.07394
486.42740,0.14837
486.43554,1.52297
486.44368,0.51082
486.45183,1.38491
486.45997,0.02270
486.46811,2.66437
486.47625,0.77309
486.48440,0.27425
486.49254,0.27658
486.50068,1.37615
486.50882,0.42468
486.51696,0.27243
486.52511,1.67184
486.53325,0.42264
486.54139,0.18068
486.54953,0.36753
486.55768,0.39934
486.56582,0.43825
486.57396,0.08049
486.58210,0.02431
486.59024,0.11130
486.59839,2.49577
486.60653,2.11567
486.61467,0.51958
486.62281,0.47759
486.63096,3.02510
486.63910,0.92558
486.64724,0.49504
486.65538,1.32002
486.66353,0.41548
486.67167,1.70803
486.67981,0.30455
486.68795,0.95507
486.69609,1.70332
486.70424,3.50634
486.71238,0.12236
486.72052,0.75325
486.72866,2.08068
486.73681,0.12250
486.74495,1.94881
486.75309,0.28004
486.76123,0.19624
486.76937,0.04567
486.77752,0.48436
486.78566,0.15479
486.79380,1.26954
486.80194,0.18782
486.81009,0.02030
486.81823,0.09063
486.82637,0.31867
486.83451,0.55985
486.84266,0.48061
486.85080,1.27277
486.85894,0.27181
486.86708,0.11384
486.87522,0.28883
486.88337,0.75091
486.89151,1.66971
486.89965,0.29090
486.90779,0.38561
486.91594,0.74024
486.92408,0.95987
486.93222,0.60085
486.94036,0.49372
486.94850,0.89310
486.95665,0.41792
486.96479,0.47964
486.97293,0.60912
486.98107,1.45451
486.98922,0.63271
486.99736,0.27625
487.00550,3.20377
487.01364,0.84786
487.02179,0.19472
487.02993,0.87049
487.03807,0.10911
487.04621,1.56525
487.05435,0.40029
487.06250,0.86678
487.07064,0.54385
487.07878,1.88082
487.08692,0.27895
487.09507,0.34816
487.10321,0.51778
487.11135,0.49170
487.11949,0.64866
487.12763,0.06257
487.13578,1.85477
487.14392,1.53470
487.15206,0.03225
487.16020,1.26878
487.16835,3.54146
487.17649,0.47760
487.18463,0.03964
487.19277,0.87129
487.20091,1.37347
487.20906,1.60589
487.21720,1.03276
487.22534,0.48668
487.23348,0.36351
487.24163,1.41880
487.24977,0.11263
487.25791,1.23972
487.26605,0.23095
487.27420,0.21217
487.28234,0.48089
487.29048,0.41611
487.29862,1.05586
487.30676,1.64098
487.31491,0.43843
487.32305,1.60209
487.33119,0.13538
487.33933,0.36602
487.34748,0.87572
487.35562,2.11296
487.36376,0.61597
487.37190,2.12735
487.38004,1.32020
487.38819,0.61093
487.39633,0.32305
487.40447,0.18141
487.41261,1.80061
487.42076,1.18747
487.42890,0.28240
487.43704,0.04891
487.44518,2.05694
487.45333,0.67533
487.46147,0.08446
487.46961,0.41843
487.47775,0.45303
487.48589,2.53644
487.49404,3.26881
487.50218,0.29328
487.51032,2.36289
487.51846,0.96823
487.52661,1.24636
487.53475,0.99403
487.54289,0.18703
487.55103,0.30750
487.55917,1.45900
487.56732,1.09431
487.57546,0.49947
487.58360,0.32340
487.59174,1.02200
487.59989,0.31436
487.60803,0.00259
487.61617,0.63436
487.62431,0.75185
487.63245,2.52353
487.64060,2.04219
487.64874,1.70574
487.65688,0.70698
487.66502,0.74677
487.67317,2.07049
487.68131,0.74737
487.68945,1.36791
487.69759,0.04608
487.70574,0.75633
487.71388,0.67307
487.72202,1.79696
487.73016,1.06638
487.73830,0.42033
487.74645,0.10392
487.75459,1.40183
487.76273,1.70475
487.77087,0.33288
487.77902,0.04752
487.78716,0.11044
487.79530,0.61686
487.80344,0.75502
487.81158,0.48447
487.81973,0.22145
487.82787,3.29577
487.83601,0.82624
487.84415,2.33697
487.85230,0.00072
487.86044,0.22267
487.86858,1.28500
487.87672,0.32208
487.88487,1.79741
487.89301,1.80848
487.90115,0.17573
487.90929,0.55181
487.91743,1.71467
487.92558,0.19235
487.93372,0.69924
487.94186,1.61867
487.95000,0.33705
487.95815,0.18537
487.96629,0.19790
487.97443,0.50611
487.98257,1.05070
487.99071,0.37484
487.99886,0.37152
488.00700,0.93228
488.01514,0.15498
488.02328,0.31699
488.03143,0.67117
488.03957,0.29098
488.04771,2.29476
488.05585,0.92585
488.06399,0.51612
488.07214,0.79395
488.08028,0.91947
488.08842,0.31657
488.09656,0.21689
488.10471,0.86752
488.11285,0.51093
488.12099,1.10609
488.12913,0.67395
488.13728,0.45897
488.14542,0.26218
488.15356,0.09518
488.16170,0.61223
488.16984,0.41712
488.17799,0.69596
488.18613,0.02423
488.19427,0.30875
488.20241,1.08755
488.21056,1.67784
488.21870,0.45230
488.22684,0.14179
488.23498,1.22507
488.24312,0.36856
488.25127,1.89409
488.25941,0.91569
488.26755,0.11656
488.27569,3.61828
488.28384,0.83993
488.29198,1.00181
488.30012,0.41534
488.30826,2.17441
488.31641,0.55995
488.32455,0.43790
488.33269,0.19036
488.34083,1.35210
488.34897,0.53643
488.35712,0.51596
488.36526,0.62452
488.37340,1.69923
488.38154,0.00770
488.38969,1.29694
488.39783,0.13075
488.40597,0.37097
488.41411,1.80307
488.42225,0.08248
488.43040,0.41699
488.43854,2.81327
488.44668,1.11690
488.45482,2.95199
488.46297,0.08802
488.47111,2.10977
488.47925,0.57896
488.48739,1.48479
488.49554,2.06709
488.50368,0.29189
488.51182,1.73108
488.51996,0.84453
488.52810,2.08703
488.53625,3.62995
488.54439,1.30926
488.55253,1.91282
488.56067,1.68482
488.56882,0.49326
488.57696,2.29095
488.58510,0.11351
488.59324,3.06152
488.60138,0.95077
488.60953,0.09867
488.61767,0.22547
488.62581,1.44472
488.63395,0.45005
488.64210,0.14874
488.65024,1.48285
488.65838,1.64745
488.66652,0.80363
488.67466,0.79899
488.68281,0.29984
488.69095,1.58962
488.69909,1.97670
488.70723,0.54637
488.71538,2.45359
488.72352,1.15534
488.73166,3.44255
488.73980,0.56261
488.74795,4.40093
488.75609,4.77897
488.76423,0.23009
488.77237,0.06704
488.78051,0.70864
488.78866,1.25261
488.79680,0.18311
488.80494,3.40610
488.81308,0.57321
488.82123,2.90875
488.82937,0.94292
488.83751,1.21067
488.84565,1.97344
488.85379,1.12066
488.86194,0.78673
488.87008,0.39740
488.87822,2.66829
488.88636,0.02742
488.89451,0.82253
488.90265,0.24897
488.91079,0.26501
488.91893,0.03232
488.92708,0.03154
488.93522,0.30195
488.94336,3.15141
488.95150,0.46482
488.95964,0.23433
488.96779,3.06284
488.97593,0.21019
488.98407,0.11260
488.99221,0.31418
489.00036,0.52128
489.00850,0.41264
489.01664,0.06693
489.02478,0.94344
489.03292,2.12706
489.04107,3.71844
489.04921,0.39004
489.05735,0.55525
489.06549,6.63034
489.07364,2.81996
489.08178,0.46136
489.08992,2.12938
489.09806,0.22760
489.10620,0.62226
489.11435,0.47466
489.12249,0.24646
489.13063,1.15304
489.13877,0.03471
489.14692,0.74613
489.15506,2.43845
489.16320,0.05356
489.17134,0.59600
489.17949,0.12814
489.18763,0.90454
489.19577,0.52217
489.20391,0.04261
489.21205,0.75122
489.22020,0.32179
489.22834,0.41721
489.23648,0.05345
489.24462,0.91102
489.25277,0.89124
489.26091,1.23477
489.26905,0.87563
489.27719,0.40892
489.28533,0.57551
489.29348,1.10202
489.30162,0.42402
489.30976,0.29603
489.31790,0.64504
489.32605,0.30657
489.33419,2.31239
489.34233,0.04833
489.35047,1.24454
489.35862,1.42821
489.36676,0.69661
489.37490,0.54634
489.38304,0.79132
489.39118,0.70398
489.39933,2.29963
489.40747,1.18389
489.41561,0.71737
489.42375,1.10419
489.43190,0.38782
489.44004,3.06640
489.44818,0.82743
489.45632,0.02886
489.46446,0.09146
489.47261,0.16083
489.48075,0.27332
489.48889,1.01657
489.49703,1.49510
489.50518,0.56139
489.51332,4.21179
489.52146,3.08803
489.52960,2.41508
489.53775,0.11946
489.54589,1.38813
489.55403,1.29473
489.56217,0.43725
489.57031,0.66356
489.57846,2.37451
489.58660,1.25736
489.59474,1.27775
489.60288,0.63178
489.61103,0.70019
489.61917,0.03452
489.62731,2.21273
489.63545,1.51121
489.64359,0.19712
489.65174,1.57005
489.65988,1.00086
489.66802,0.02942
489.67616,0.73491
489.68431,0.05547
489.69245,0.04590
489.70059,1.40057
489.70873,0.24183
489.71687,1.29113
489.72502,0.54312
489.73316,0.20812
489.74130,0.36124
489.74944,0.32193
489.75759,1.30833
489.76573,0.02389
489.77387,0.22706
489.78201,0.92561
489.79016,0.01194
489.79830,2.55902
489.80644,0.58428
489.81458,0.07208
489.82272,0.75139
489.83087,0.28443
489.83901,1.73642
489.84715,2.56277
489.85529,1.59189
489.86344,1.22351
489.87158,1.09330
489.87972,0.89218
489.88786,0.43036
489.89600,0.08319
489.90415,0.27779
489.91229,0.51809
489.92043,0.02423
489.92857,1.00106
489.93672,1.10773
489.94486,3.24332
489.95300,0.48386
489.96114,1.78816
489.96929,2.48405
489.97743,0.72257
489.98557,0.34830
489.99371,0.55420
490.00185,1.82258
490.01000,2.93733
490.01814,1.66527
490.02628,1.58185
490.03442,0.33210
490.04257,0.08507
490.05071,0.47271
490.05885,2.41498
490.06699,0.38765
490.07513,2.78286
490.08328,3.00998
490.09142,0.40382
490.09956,1.95478
490.10770,1.44854
490.11585,0.43960
490.12399,3.10100
490.13213,0.48801
490.14027,0.81257
490.14841,0.78344
490.15656,0.20009
490.16470,0.55610
490.17284,1.83819
490.18098,0.15121
490.18913,0.44676
490.19727,0.00859
490.20541,0.32155
490.21355,0.28013
490.22170,0.50441
490.22984,0.37329
490.23798,0.25010
490.24612,0.72515
490.25426,1.86835
490.26241,0.67825
490.27055,0.72013
490.27869,2.07576
490.28683,0.71518
490.29498,0.77466
490.30312,2.04344
490.31126,0.64882
490.31940,0.80032
490.32754,0.39588
490.33569,0.35801
490.34383,0.70861
490.35197,3.02421
490.36011,0.98166
490.36826,1.10411
490.37640,0.91154
490.38454,2.22245
490.39268,0.07784
490.40083,1.14375
490.40897,0.88193
490.41711,3.36673
490.42525,2.75534
490.43339,0.02584
490.44154,0.23417
490.44968,0.25543
490.45782,0.41009
490.46596,0.02636
490.47411,0.88942
490.48225,0.04047
490.49039,0.80054
490.49853,0.39910
490.50667,0.51283
490.51482,0.03203
490.52296,0.05159
490.53110,0.73623
490.53924,2.81032
490.54739,1.86004
490.55553,0.52860
490.56367,0.88542
490.57181,3.94924
490.57995,2.53012
490.58810,0.39579
490.59624,0.05874
490.60438,0.10069
490.61252,2.03123
490.62067,1.64293
490.62881,3.99177
490.63695,0.69308
490.64509,1.98274
490.65324,0.03332
490.66138,1.79912
490.66952,0.44121
490.67766,0.06087
490.68580,0.26861
490.69395,2.57392
490.70209,2.00438
490.71023,0.27645
490.71837,1.99019
490.72652,0.53121
490.73466,0.48321
490.74280,0.66816
490.75094,6.37203
490.75908,3.21586
490.76723,0.86566
490.77537,0.00260
490.78351,1.51132
490.79165,1.60669
490.79980,0.59995
490.80794,0.99808
490.81608,1.48634
490.82422,1.91137
490.83237,0.16496
490.84051,0.24499
490.84865,1.08111
490.85679,0.36922
490.86493,1.62152
490.87308,0.54717
490.88122,3.26164
490.88936,1.73923
490.89750,0.77008
490.90565,0.06167
490.91379,0.73725
490.92193,0.77900
490.93007,0.52099
490.93821,1.69114
490.94636,3.59522
490.95450,0.50340
490.96264,1.02934
490.97078,0.97554
490.97893,0.05699
490.98707,1.72786
490.99521,0.79148
491.00335,0.86974
491.01150,3.65714
491.01964,0.50555
491.02778,0.26844
491.03592,0.16049
491.04406,0.94732
491.05221,2.94692
491.06035,2.38886
491.06849,0.84787
491.07663,0.84616
491.08478,0.02367
491.09292,0.36548
491.10106,1.01254
491.10920,0.04627
491.11734,0.62422
491.12549,0.14322
491.13363,3.67679
491.14177,0.01053
491.14991,0.02622
491.15806,0.03396
491.16620,1.63362
491.17434,1.37697
491.18248,3.08329
491.19062,0.39310
491.19877,0.98776
491.20691,3.00049
491.21505,0.36535
491.22319,0.04547
491.23134,0.29817
491.23948,1.18665
491.24762,0.00250
491.25576,1.18261
491.26391,3.07742
491.27205,0.14001
491.28019,1.31737
491.28833,1.85316
491.29647,3.39901
491.30462,2.40015
491.31276,0.99923
491.32090,0.56529
491.32904,0.30321
491.33719,2.61309
491.34533,0.37864
491.35347,1.12834
491.36161,2.68461
491.36975,2.14846
491.37790,0.02326
491.38604,2.60424
491.39418,0.52283
491.40232,0.24384
491.41047,2.94537
491.41861,1.96144
491.42675,1.13690
491.43489,0.06401
491.44304,1.35461
491.45118,0.83201
491.45932,0.35319
491.46746,4.07720
491.47560,0.04796
491.48375,1.38714
491.49189,0.27924
491.50003,1.07594
491.50817,1.39692
491.51632,1.42772
491.52446,1.94056
491.53260,1.67345
491.54074,1.38092
491.54888,0.38856
491.55703,0.41251
491.56517,0.68828
491.57331,1.52206
491.58145,5.44921
491.58960,2.08784
491.59774,0.36319
491.60588,0.94967
491.61402,1.02525
491.62216,0.75373
491.63031,0.57939
491.63845,0.63839
491.64659,0.34415
491.65473,0.28015
491.66288,0.22741
491.67102,1.17235
491.67916,0.69544
491.68730,0.36436
491.69545,0.32515
491.70359,0.52345
491.71173,0.21460
491.71987,0.40475
491.72801,1.47217
491.73616,0.46982
491.74430,0.30508
491.75244,0.23002
491.76058,0.19827
491.76873,0.09620
491.77687,0.62264
491.78501,1.74662
491.79315,0.34792
491.80129,0.78361
491.80944,3.11555
491.81758,0.15063
491.82572,1.19409
491.83386,1.21590
491.84201,0.62747
491.85015,0.55165
491.85829,1.69223
491.86643,2.23796
491.87458,1.17859
491.88272,1.06189
491.89086,1.34322
491.89900,4.86933
491.90714,0.70200
491.91529,0.24165
491.92343,1.60971
491.93157,0.00311
491.93971,1.10979
491.94786,0.91212
491.95600,0.37925
491.96414,1.53664
491.97228,3.62411
491.98042,0.40365
491.98857,1.42222
491.99671,2.68922
492.00485,0.53039
492.01299,3.84827
492.02114,2.01665
492.02928,2.10181
492.03742,1.81651
492.04556,1.85589
492.05371,0.74894
492.06185,0.79428
492.06999,0.43768
492.07813,1.05855
492.08627,0.16884
492.09442,2.72771
492.10256,0.23677
492.11070,0.13441
492.11884,0.53594
492.12699,0.08936
492.13513,2.56187
492.14327,0.21682
492.15141,0.06771
492.15955,0.06206
492.16770,1.73335
492.17584,1.04021
492.18398,0.49653
492.19212,0.95614
492.20027,1.53202
492.20841,0.14536
492.21655,0.82496
492.22469,0.90997
492.23283,0.32244
492.24098,2.17852
492.24912,0.06595
492.25726,0.42955
492.26540,1.63277
492.27355,5.26852
492.28169,7.25308
492.28983,0.92161
492.29797,0.13090
492.30612,2.56107
492.31426,5.06229
492.32240,0.52687
492.33054,0.13124
492.33868,0.34929
492.34683,0.17795
492.35497,0.01267
492.36311,0.84758
492.37125,1.23476
492.37940,0.22185
492.38754,0.83965
492.39568,0.90478
492.40382,1.74097
492.41196,1.57610
492.42011,0.91421
492.42825,0.82333
492.43639,0.02107
492.44453,0.49623
492.45268,0.33881
492.46082,0.09098
492.46896,0.09629
492.47710,0.22720
492.48525,0.01180
492.49339,1.01696
492.50153,0.25374
492.50967,0.61267
492.51781,1.31335
492.52596,0.34472
492.53410,0.11285
492.54224,0.68733
492.55038,1.58539
492.55853,0.01152
492.56667,0.78863
492.57481,3.85234
492.58295,0.39831
492.59109,0.05184
492.59924,0.45064
492.60738,0.29017
492.61552,3.38130
492.62366,2.62478
492.63181,1.38301
492.63995,0.01957
492.64809,3.75654
492.65623,0.24132
492.66437,0.08965
492.67252,0.39211
492.68066,0.70106
492.68880,0.90224
492.69694,0.37746
492.70509,0.25607
492.71323,1.37104
492.72137,1.23706
492.72951,0.45419
492.73766,0.50930
492.74580,0.75779
492.75394,0.03201
492.76208,0.12014
492.77022,0.08315
492.77837,0.25543
492.78651,0.78997
492.79465,1.38700
492.80279,2.92397
492.81094,2.04495
492.81908,1.35570
492.82722,0.06957
492.83536,2.30007
492.84350,0.27539
492.85165,0.30714
492.85979,0.12812
492.86793,1.99568
492.87607,0.67594
492.88422,0.31155
492.89236,0.15650
492.90050,0.28992
492.90864,2.72451
492.91679,0.22546
492.92493,0.07487
492.93307,0.42143
492.94121,0.67795
492.94935,0.50458
492.95750,1.44662
492.96564,1.21756
492.97378,0.14559
492.98192,1.18429
492.99007,1.38929
492.99821,2.84809
493.00635,0.02061
493.01449,3.39832
493.02263,0.00484
493.03078,0.10479
493.03892,1.34804
493.04706,8.13518
493.05520,1.35900
493.06335,1.22840
493.07149,3.06303
493.07963,4.90772
493.08777,3.78964
493.09591,0.33463
493.10406,0.03225
493.11220,2.40393
493.12034,0.82936
493.12848,2.91046
493.13663,0.27576
493.14477,4.51325
493.15291,0.89015
493.16105,2.99339
493.16920,5.44171
493.17734,0.97371
493.18548,0.36073
493.19362,3.05402
493.20176,0.07091
493.20991,0.02218
493.21805,0.43089
493.22619,0.01821
493.23433,1.53203
493.24248,0.31553
493.25062,0.42267
493.25876,1.24100
493.26690,0.00239
493.27504,0.97734
493.28319,1.10456
493.29133,4.48266
493.29947,1.34327
493.30761,1.07598
493.31576,0.54508
493.32390,0.65590
493.33204,0.56299
493.34018,0.19094
493.34833,4.08696
493.35647,1.25350
493.36461,1.16291
493.37275,1.40760
493.38089,1.45318
493.38904,2.46981
493.39718,0.57943
493.40532,3.17058
493.41346,0.34156
493.42161,2.31129
493.42975,1.48255
493.43789,0.91284
493.44603,0.36060
493.45417,1.88093
493.46232,0.04487
493.47046,0.00164
493.47860,0.00535
493.48674,0.93067
493.49489,0.44105
493.50303,3.80866
493.51117,0.22241
493.51931,0.94201
493.52746,0.04896
493.53560,0.68994
493.54374,0.20099
493.55188,0.72227
493.56002,0.16462
493.56817,0.88982
493.57631,1.35851
493.58445,1.13199
493.59259,0.01545
493.60074,0.04014
493.60888,0.32186
493.61702,0.35902
493.62516,0.08270
493.63330,1.54168
493.64145,1.77063
493.64959,0.32514
493.65773,0.13388
493.66587,0.21157
493.67402,1.24716
493.68216,0.10804
493.69030,0.02691
493.69844,0.36983
493.70658,0.02276
493.71473,0.28185
493.72287,0.25583
493.73101,0.32396
493.73915,0.01402
493.74730,0.41311
493.75544,1.04224
493.76358,2.15070
493.77172,0.30432
493.77987,0.00598
493.78801,0.17941
493.79615,1.04222
493.80429,0.01079
493.81243,0.91174
493.82058,0.20954
493.82872,2.52451
493.83686,2.14522
493.84500,2.01572
493.85315,2.15902
493.86129,0.69930
493.86943,0.04058
493.87757,0.45394
493.88571,0.01768
493.89386,0.94279
493.90200,0.58260
493.91014,2.53699
493.91828,0.10615
493.92643,0.04110
493.93457,0.06613
493.94271,0.31195
493.95085,0.60538
493.95900,0.29516
493.96714,1.22510
493.97528,1.77626
493.98342,0.00213
493.99156,1.02347
493.99971,1.31996
494.00785,1.00663
494.01599,0.94794
494.02413,0.33030
494.03228,1.22143
494.04042,0.04268
494.04856,0.20254
494.05670,0.84823
494.06484,1.51112
494.07299,1.90606
494.08113,0.06360
494.08927,0.24716
494.09741,2.39197
494.10556,0.73720
494.11370,1.52087
494.12184,0.99946
494.12998,1.45965
494.13812,1.43021
494.14627,1.36158
494.15441,0.55097
494.16255,1.70173
494.17069,0.39002
494.17884,1.88246
494.18698,0.37602
494.19512,1.92390
494.20326,0.18514
494.21141,0.59048
494.21955,0.85235
494.22769,0.30433
494.23583,1.69006
494.24397,0.41662
494.25212,3.35511
494.26026,0.69834
494.26840,1.78293
494.27654,0.12527
494.28469,0.05206
494.29283,1.47000
494.30097,1.99596
494.30911,1.60576
494.31725,0.39371
494.32540,3.03389
494.33354,0.91911
494.34168,1.26503
494.34982,0.09299
494.35797,1.18068
494.36611,0.04137
494.37425,0.12398
494.38239,1.74762
494.39054,0.58377
494.39868,0.34439
494.40682,0.30320
494.41496,2.07795
494.42310,0.15648
494.43125,0.40774
494.43939,0.40739
494.44753,0.04916
494.45567,0.81621
494.46382,1.92920
494.47196,0.89426
494.48010,0.26405
494.48824,0.44334
494.49638,0.78898
494.50453,0.65655
494.51267,1.84634
494.52081,0.37468
494.52895,1.37286
494.53710,1.54910
494.54524,0.16024
494.55338,0.52615
494.56152,1.40778
494.56967,0.28382
494.57781,0.33242
494.58595,0.75175
494.59409,1.41860
494.60223,0.89642
494.61038,1.02662
494.61852,0.37755
494.62666,0.42115
494.63480,1.28516
494.64295,0.42397
494.65109,1.77491
494.65923,1.70782
494.66737,0.98701
494.67551,0.33887
494.68366,1.06383
494.69180,0.23303
494.69994,0.02247
494.70808,0.58393
494.71623,0.65243
494.72437,3.10662
494.73251,0.64689
494.74065,0.15124
494.74879,0.48030
494.75694,0.09371
494.76508,0.22220
494.77322,0.07772
494.78136,3.36608
494.78951,1.05652
494.79765,0.47840
494.80579,0.36465
494.81393,0.63891
494.82208,0.67985
494.83022,0.30312
494.83836,0.86583
494.84650,0.35028
494.85464,0.13524
494.86279,1.05788
494.87093,0.19191
494.87907,0.00422
494.88721,2.32858
494.89536,0.58648
494.90350,0.43904
494.91164,0.37887
494.91978,0.67304
494.92792,0.28010
494.93607,0.70950
494.94421,1.54596
494.95235,1.46229
494.96049,0.27154
494.96864,0.15626
494.97678,0.15288
494.98492,0.38293
494.99306,0.06665
495.00121,2.69790
495.00935,0.25834
495.01749,0.00424
495.02563,0.07987
495.03377,1.11632
495.04192,0.19107
495.05006,0.85871
495.05820,0.58543
495.06634,1.99375
495.07449,0.08961
495.08263,0.06254
495.09077,0.92858
495.09891,0.44602
495.10705,1.01858
495.11520,0.21960
495.12334,2.45723
495.13148,1.82522
495.13962,2.30009
495.14777,2.96424
495.15591,0.81757
495.16405,0.30723
495.17219,0.25930
495.18033,1.10676
495.18848,0.68855
495.19662,10.18802
495.20476,0.05604
495.21290,1.95195
495.22105,0.14761
495.22919,0.74029
495.23733,1.21516
495.24547,2.68276
495.25362,1.03498
495.26176,0.82237
495.26990,0.81357
495.27804,0.31218
495.28618,0.11396
495.29433,1.22006
495.30247,1.28499
495.31061,1.25005
495.31875,0.92423
495.32690,0.31342
495.33504,0.10912
495.34318,0.11245
495.35132,0.05656
495.35946,1.48014
495.36761,0.29604
495.37575,0.33632
495.38389,0.69018
495.39203,0.87743
495.40018,0.05556
495.40832,0.24452
495.41646,0.14891
495.42460,0.56677
495.43275,1.05153
495.44089,0.38618
495.44903,0.19676
495.45717,0.37992
495.46531,0.62468
495.47346,0.05473
495.48160,0.97635
495.48974,0.14129
495.49788,1.45186
495.50603,0.12030
495.51417,0.71657
495.52231,0.77641
495.53045,0.91556
495.53859,1.45336
495.54674,0.69031
495.55488,2.24716
495.56302,0.14801
495.57116,0.24813
495.57931,2.50398
495.58745,0.89743
495.59559,0.47905
495.60373,1.39378
495.61187,0.52695
495.62002,2.24179
495.62816,1.40862
495.63630,1.33576
495.64444,0.63217
495.65259,0.35663
495.66073,0.90227
495.66887,2.64679
495.67701,0.40077
495.68516,1.85032
495.69330,0.06219
495.70144,0.43089
495.70958,0.54033
495.71772,0.11942
495.72587,0.02018
495.73401,1.22037
495.74215,0.30452
495.75029,1.08706
495.75844,0.84340
495.76658,0.97772
495.77472,1.33536
495.78286,0.83957
495.79100,0.69514
495.79915,2.03124
495.80729,0.50290
495.81543,0.18551
495.82357,0.75466
495.83172,0.04432
495.83986,0.50737
495.84800,0.06989
495.85614,1.42949
495.86429,1.19942
495.87243,0.49867
495.88057,0.84460
495.88871,0.48372
495.89685,0.35063
495.90500,1.09379
495.91314,0.20272
495.92128,0.02474
495.92942,1.19447
495.93757,1.50644
495.94571,0.60832
495.95385,0.74629
495.96199,0.50054
495.97013,4.75170
495.97828,0.44053
495.98642,0.64237
495.99456,0.15896
496.00270,1.64890
496.01085,1.44713
496.01899,0.05518
496.02713,1.62722
496.03527,0.97183
496.04342,3.54211
496.05156,0.14056
496.05970,0.65059
496.06784,0.89477
496.07598,0.88382
496.08413,4.07929
496.09227,1.41058
496.10041,2.16053
496.10855,1.93306
496.11670,1.16581
496.12484,2.78052
496.13298,0.26431
496.14112,1.00610
496.14926,0.05771
496.15741,0.61292
496.16555,0.10503
496.17369,0.04947
496.18183,0.07375
496.18998,0.41012
496.19812,1.71327
496.20626,0.09468
496.21440,1.02439
496.22254,1.82197
496.23069,1.17977
496.23883,0.16640
496.24697,1.34223
496.25511,1.16666
496.26326,1.18916
496.27140,1.13197
496.27954,1.82245
496.28768,1.53897
496.29583,6.59894
496.30397,1.02744
496.31211,0.51361
496.32025,3.13058
496.32839,0.08572
496.33654,0.02379
496.34468,0.70529
496.35282,0.62372
496.36096,0.49520
496.36911,2.19181
496.37725,0.21689
496.38539,0.26313
496.39353,0.56951
496.40167,0.06354
496.40982,1.75673
496.41796,0.19780
496.42610,0.72681
496.43424,0.26070
496.44239,4.45446
496.45053,0.53599
496.45867,0.14150
496.46681,0.54916
496.47496,2.38209
496.48310,0.28909
496.49124,0.81673
496.49938,1.48702
496.50752,1.96104
496.51567,0.35816
496.52381,1.06348
496.53195,0.27033
496.54009,0.52300
496.54824,4.02897
496.55638,2.81456
496.56452,1.57045
496.57266,0.12651
496.58080,0.04599
496.58895,0.19690
496.59709,0.23142
496.60523,0.02005
496.61337,0.32771
496.62152,0.53750
496.62966,0.12565
496.63780,0.75760
496.64594,0.22335
496.65408,0.24796
496.66223,0.46093
496.67037,0.09317
496.67851,0.62820
496.68665,1.62326
496.69480,0.61069
496.70294,2.12411
496.71108,0.34587
496.71922,0.55167
496.72737,2.09531
496.73551,0.35549
496.74365,0.44221
496.75179,0.77241
496.75993,0.87126
496.76808,0.59502
496.77622,0.22078
496.78436,0.34130
496.79250,1.75736
496.80065,1.11976
496.80879,0.29246
496.81693,0.21466
496.82507,2.20408
496.83321,3.31261
496.84136,0.02424
496.84950,0.02292
496.85764,0.76108
496.86578,0.25904
496.87393,0.06709
496.88207,0.23688
496.89021,3.46423
496.89835,0.77939
496.90650,1.59228
496.91464,0.08125
496.92278,1.28468
496.93092,1.13546
496.93906,0.61373
496.94721,0.03386
496.95535,2.62018
496.96349,1.12219
496.97163,0.10332
496.97978,0.45003
496.98792,0.03155
496.99606,1.92674
497.00420,1.29944
497.01234,0.28286
497.02049,0.22773
497.02863,2.93271
497.03677,0.22823
497.04491,0.24189
497.05306,3.47815
497.06120,0.85030
497.06934,1.45735
497.07748,0.90386
497.08563,0.17697
497.09377,1.05962
497.10191,6.26587
497.11005,3.85044
497.11819,1.38058
497.12634,1.80581
497.13448,1.32205
497.14262,1.41457
497.15076,0.82945
497.15891,0.73047
497.16705,1.57563
497.17519,0.14672
497.18333,2.14702
497.19147,10.51632
497.19962,0.91702
497.20776,0.05330
497.21590,1.18836
497.22404,0.25242
497.23219,0.12263
497.24033,0.41192
497.24847,1.19630
497.25661,0.00615
497.26475,0.38774
497.27290,1.20471
497.28104,0.85058
497.28918,1.57064
497.29732,3.09317
497.30547,0.39463
497.31361,0.83622
497.32175,1.65752
497.32989,3.81819
497.33804,2.21148
497.34618,0.33035
497.35432,0.96122
497.36246,0.14885
497.37060,2.45494
497.37875,1.45014
497.38689,0.24218
497.39503,1.52679
497.40317,0.34145
497.41132,0.20692
497.41946,0.48566
497.42760,0.87434
497.43574,1.00996
497.44388,2.12892
497.45203,0.57165
497.46017,0.38843
497.46831,1.80626
497.47645,1.06590
497.48460,0.51439
497.49274,0.23371
497.50088,0.70932
497.50902,0.22175
497.51717,0.09102
497.52531,0.66680
497.53345,0.14969
497.54159,0.22753
497.54973,1.18952
497.55788,1.19331
497.56602,0.73338
497.57416,0.28299
497.58230,3.35691
497.59045,1.66470
497.59859,0.74275
497.60673,2.36441
497.61487,0.30074
497.62301,0.49634
497.63116,1.52786
497.63930,1.06209
497.64744,1.88255
497.65558,1.37183
497.66373,0.59789
497.67187,2.05232
497.68001,1.12513
497.68815,0.17438
497.69629,0.95852
497.70444,0.01311
497.71258,1.40355
497.72072,0.37494
497.72886,0.29720
497.73701,0.35427
497.74515,0.55166
497.75329,0.30004
497.76143,0.20582
497.76958,0.65029
497.77772,0.54535
497.78586,0.01128
497.79400,0.82112
497.80214,0.38120
497.81029,0.27479
497.81843,1.21736
497.82657,0.36458
497.83471,1.13080
497.84286,0.59843
497.85100,0.03417
497.85914,0.06243
497.86728,0.42676
497.87542,0.13121
497.88357,2.05734
497.89171,1.20616
497.89985,0.11511
497.90799,0.28748
497.91614,2.67262
497.92428,1.30485
497.93242,0.57500
497.94056,0.24941
497.94871,3.31690
497.95685,1.35251
497.96499,2.27427
497.97313,4.07061
497.98127,0.98114
497.98942,0.23803
497.99756,3.29704
498.00570,0.80616
498.01384,0.68856
498.02199,1.62820
498.03013,2.45687
498.03827,0.82714
498.04641,0.39063
498.05455,2.23891
498.06270,0.15686
498.07084,0.08745
498.07898,0.25035
498.08712,1.42827
498.09527,2.14445
498.10341,7.15094
498.11155,3.32856
498.11969,0.27634
498.12783,1.12255
498.13598,1.96776
498.14412,0.04182
498.15226,0.31847
498.16040,0.73403
498.16855,0.19934
498.17669,1.59046
498.18483,1.61549
498.19297,0.54290
498.20112,0.41963
498.20926,0.28382
498.21740,0.30291
498.22554,0.08335
498.23368,0.19024
498.24183,0.40123
498.24997,0.67958
498.25811,0.60962
498.26625,0.48636
498.27440,0.93307
498.28254,0.48563
498.29068,0.09152
498.29882,2.35142
498.30696,0.95406
498.31511,0.14501
498.32325,0.26289
498.33139,1.75951
498.33953,0.59913
498.34768,0.53334
498.35582,0.02898
498.36396,2.41183
498.37210,0.02523
498.38025,1.07189
498.38839,0.04720
498.39653,0.43553
498.40467,1.05461
498.41281,0.39965
498.42096,1.95051
498.42910,0.47794
498.43724,0.04952
498.44538,1.79605
498.45353,1.45234
498.46167,0.58417
498.46981,0.54764
498.47795,0.79075
498.48609,0.41791
498.49424,2.04107
498.50238,0.36091
498.51052,2.39011
498.51866,0.54317
498.52681,0.14913
498.53495,1.75170
498.54309,0.44385
498.55123,0.16909
498.55938,0.10801
498.56752,0.35263
498.57566,1.18793
498.58380,0.48036
498.59194,0.65152
498.60009,0.74265
498.60823,4.16269
498.61637,1.51764
498.62451,0.11681
498.63266,0.21163
498.64080,0.24681
498.64894,0.47553
498.65708,0.63706
498.66522,0.38963
498.67337,0.10799
498.68151,0.49908
498.68965,2.53715
498.69779,0.26701
498.70594,0.72096
498.71408,1.15381
498.72222,0.38669
498.73036,0.54781
498.73850,1.32658
498.74665,0.82526
498.75479,1.43180
498.76293,1.37141
498.77107,1.63711
498.77922,0.36165
498.78736,0.08236
498.79550,1.21037
498.80364,2.07328
498.81179,2.49130
498.81993,0.74504
498.82807,0.26716
498.83621,0.42732
498.84435,0.49314
498.85250,0.06108
498.86064,1.71244
498.86878,2.39241
498.87692,0.41731
498.88507,0.72076
498.89321,0.99346
498.90135,0.09201
498.90949,0.51824
498.91763,0.39903
498.92578,2.07675
498.93392,2.96811
498.94206,0.28593
498.95020,0.67014
498.95835,1.61971
498.96649,0.31589
498.97463,0.42948
498.98277,0.26136
498.99092,0.32394
498.99906,0.76848
499.00720,0.59940
499.01534,0.30728
499.02348,0.09038
499.03163,1.37571
499.03977,1.24937
499.04791,0.65126
499.05605,0.58241
499.06420,1.83145
499.07234,0.19386
499.08048,0.00886
499.08862,2.53561
499.09676,0.73678
499.10491,3.59031
499.11305,0.39097
499.12119,0.14718
499.12933,0.23849
499.13748,0.51201
499.14562,3.15934
499.15376,0.80143
499.16190,3.55554
499.17004,2.21309
499.17819,0.52442
499.18633,0.51283
499.19447,0.38499
499.20261,1.09179
499.21076,0.14759
499.21890,1.74116
499.22704,0.01699
499.23518,1.01331
499.24333,3.02716
499.25147,0.60255
499.25961,0.56600
499.26775,2.06956
499.27589,0.52463
499.28404,0.19942
499.29218,0.46472
499.30032,1.11857
499.30846,0.17584
499.31661,0.26474
499.32475,0.21085
499.33289,6.68252
499.34103,0.77993
499.34917,0.14652
499.35732,0.77439
499.36546,0.49958
499.37360,2.13840
499.38174,1.43580
499.38989,0.48490
499.39803,0.35706
499.40617,0.76578
499.41431,0.52181
499.42246,0.33717
499.43060,0.66312
499.43874,0.71770
499.44688,0.82884
499.45502,0.47203
499.46317,2.12621
499.47131,0.39569
499.47945,0.66606
499.48759,2.06827
499.49574,1.71790
499.50388,0.57181
499.51202,0.33698
499.52016,0.68696
499.52830,0.84237
499.53645,0.15846
499.54459,0.36081
499.55273,0.63056
499.56087,0.12204
499.56902,1.33394
499.57716,0.29741
499.58530,1.03994
499.59344,0.29488
499.60159,1.22261
499.60973,0.83623
499.61787,3.85599
499.62601,8.11562
499.63415,2.82722
499.64230,0.73356
499.65044,0.19019
499.65858,0.60174
499.66672,0.08892
499.67487,0.93826
499.68301,0.87276
499.69115,1.07059
499.69929,0.99542
499.70743,1.31755
499.71558,0.66096
499.72372,0.74040
499.73186,0.53744
499.74000,0.03093
499.74815,0.80351
499.75629,0.47221
499.76443,0.30028
499.77257,0.56738
499.78071,1.12147
499.78886,0.11964
499.79700,1.17627
499.80514,0.58473
499.81328,0.13218
499.82143,0.40629
499.82957,0.29093
499.83771,0.12705
499.84585,1.14588
499.85400,0.49156
499.86214,0.54194
499.87028,0.72302
499.87842,0.39117
499.88656,0.14059
499.89471,4.00512
499.90285,2.15208
499.91099,0.01748
499.91913,0.12847
499.92728,0.66478
499.93542,0.08470
499.94356,2.31257
499.95170,0.52296
499.95984,0.43700
499.96799,1.07956
499.97613,0.10434
499.98427,1.22084
499.99241,0.05408
500.00056,0.57617
500.00870,0.29205
500.01684,0.13227
500.02498,2.66457
500.03313,0.11111
500.04127,0.83466
500.04941,0.20205
500.05755,2.40805
500.06569,0.13579
500.07384,0.03925
500.08198,0.07471
500.09012,0.41136
500.09826,0.20545
500.10641,1.70587
500.11455,0.15066
500.12269,0.13423
500.13083,1.37069
500.13897,0.72780
500.14712,1.61533
500.15526,0.06424
500.16340,0.77507
500.17154,0.83456
500.17969,0.61405
500.18783,0.51831
500.19597,2.47753
500.20411,2.36384
500.21225,0.76751
500.22040,0.28579
500.22854,1.10503
500.23668,0.29066
500.24482,2.54257
500.25297,1.14017
500.26111,0.21848
500.26925,0.58163
500.27739,0.06745
500.28554,0.28563
500.29368,0.04817
500.30182,0.14673
500.30996,0.23223
500.31810,2.86691
500.32625,0.30059
500.33439,3.27210
500.34253,2.50504
500.35067,0.17255
500.35882,0.45401
500.36696,0.64110
500.37510,0.58992
500.38324,0.25720
500.39138,1.45731
500.39953,0.00705
500.40767,0.70511
500.41581,0.16821
500.42395,0.71201
500.43210,0.49651
500.44024,0.53123
500.44838,0.23054
500.45652,1.25234
500.46467,0.74975
500.47281,2.34383
500.48095,0.70289
500.48909,0.21671
500.49723,0.88722
500.50538,0.39417
500.51352,2.42903
500.52166,0.37773
500.52980,1.12698
500.53795,0.34230
500.54609,0.20143
500.55423,0.05703
500.56237,0.04858
500.57051,0.75589
500.57866,1.38404
500.58680,2.18119
500.59494,3.69552
500.60308,0.78595
500.61123,0.54908
500.61937,0.19467
500.62751,0.27388
500.63565,0.76854
500.64379,0.57238
500.65194,0.15016
500.66008,0.80354
500.66822,2.23826
500.67636,0.87607
500.68451,0.24734
500.69265,1.18034
500.70079,0.66180
500.70893,0.46841
500.71708,0.61537
500.72522,2.11730
500.73336,0.25464
500.74150,0.30525
500.74964,0.99913
500.75779,0.63155
500.76593,0.18858
500.77407,0.54852
500.78221,2.05844
500.79036,1.77450
500.79850,1.37772
500.80664,1.57064
500.81478,1.01937
500.82292,0.69423
500.83107,1.15457
500.83921,0.49212
500.84735,5.59885
500.85549,0.88183
500.86364,5.38607
500.87178,0.12131
500.87992,0.12871
500.88806,2.26028
500.89621,0.30659
500.90435,1.99785
500.91249,0.71792
500.92063,2.78041
500.92877,0.00069
500.93692,1.17349
500.94506,0.21766
500.95320,1.35560
500.96134,0.42466
500.96949,0.21960
500.97763,1.06385
500.98577,0.57169
500.99391,0.72152
501.00205,0.36032
501.01020,0.20735
501.01834,1.30008
501.02648,1.30660
501.03462,0.81996
501.04277,0.68745
501.05091,0.00092
501.05905,0.40007
501.06719,0.69976
501.07534,0.06370
501.08348,0.05001
501.09162,0.25715
501.09976,0.14630
501.10790,0.20869
501.11605,1.84075
501.12419,0.81601
501.13233,1.01521
501.14047,3.75173
501.14862,1.30846
501.15676,1.70677
501.16490,0.08339
501.17304,1.51931
501.18118,1.41493
501.18933,0.33917
501.19747,0.33967
501.20561,5.95673
501.21375,1.54061
501.22190,3.25031
501.23004,0.40592
501.23818,1.24654
501.24632,0.48426
501.25446,1.52340
501.26261,0.01262
501.27075,1.66708
501.27889,0.12504
501.28703,0.43462
501.29518,0.18946
501.30332,0.18240
501.31146,0.21614
501.31960,0.02604
501.32775,0.46080
501.33589,0.71946
501.34403,0.33890
501.35217,0.29953
501.36031,0.01476
501.36846,0.59099
501.37660,0.70811
501.38474,0.35679
501.39288,0.91131
501.40103,0.62052
501.40917,0.53608
501.41731,0.15210
501.42545,0.41025
501.43359,1.73885
501.44174,0.95114
501.44988,1.11037
501.45802,1.40158
501.46616,0.63544
501.47431,0.28019
501.48245,0.00027
501.49059,0.88313
501.49873,0.66243
501.50688,0.49437
501.51502,0.78719
501.52316,1.52500
501.53130,1.24817
501.53944,0.47882
501.54759,0.18401
501.55573,0.69580
501.56387,1.42400
501.57201,2.65676
501.58016,0.49253
501.58830,0.08929
501.59644,0.38958
501.60458,0.70433
501.61272,0.85095
501.62087,0.47397
501.62901,1.38102
501.63715,0.28679
501.64529,0.72077
501.65344,0.95676
501.66158,0.97719
501.66972,1.82453
501.67786,0.13434
501.68600,0.02415
501.69415,0.41730
501.70229,1.14802
501.71043,0.47983
501.71857,1.30400
501.72672,1.52045
501.73486,1.04918
501.74300,0.33877
501.75114,0.72109
501.75929,0.34636
501.76743,1.15025
501.77557,0.13932
501.78371,0.15406
501.79185,1.66911
501.80000,1.50915
501.80814,0.42750
501.81628,1.17789
501.82442,0.20544
501.83257,0.95439
501.84071,0.46508
501.84885,2.52755
501.85699,0.97489
501.86513,0.17219
501.87328,0.28956
501.88142,0.03802
501.88956,0.66625
501.89770,0.86815
501.90585,0.73518
501.91399,0.31663
501.92213,1.07195
501.93027,0.67179
501.93842,0.00264
501.94656,1.35920
501.95470,0.25156
501.96284,0.58496
501.97098,0.37226
501.97913,1.14103
501.98727,4.65895
501.99541,1.82999
502.00355,0.04560
502.01170,5.50840
502.01984,2.00967
502.02798,0.26811
502.03612,0.18113
502.04426,0.36353
502.05241,0.80871
502.06055,0.49885
502.06869,0.05497
502.07683,0.30431
502.08498,0.28872
502.09312,4.21538
502.10126,1.23134
502.10940,0.79294
502.11755,0.00530
502.12569,0.36104
502.13383,1.08615
502.14197,2.97174
502.15011,0.00434
502.15826,0.91432
502.16640,0.50551
502.17454,0.67602
502.18268,1.13568
502.19083,0.55261
502.19897,0.70611
502.20711,1.19163
502.21525,0.15635
502.22339,1.53325
502.23154,0.35729
502.23968,1.12025
502.24782,1.57646
502.25596,1.39202
502.26411,0.60528
502.27225,0.14554
502.28039,0.30892
502.28853,0.28731
502.29667,0.13656
502.30482,1.16202
502.31296,0.31861
502.32110,0.37269
502.32924,0.93282
502.33739,1.26059
502.34553,2.03700
502.35367,0.43528
502.36181,0.20232
502.36996,1.78615
502.37810,1.40327
502.38624,0.09228
502.39438,1.09175
502.40252,0.95828
502.41067,0.39222
502.41881,1.12557
502.42695,1.38356
502.43509,0.54187
502.44324,1.30584
502.45138,0.68558
502.45952,1.00838
502.46766,3.12216
502.47580,3.55379
502.48395,0.05362
502.49209,1.04817
502.50023,0.01696
502.50837,0.58149
502.51652,0.26803
502.52466,1.21833
502.53280,1.43116
502.54094,0.19196
502.54909,0.65541
502.55723,1.16707
502.56537,0.09549
502.57351,0.51074
502.58165,0.32021
502.58980,0.82193
502.59794,0.34769
502.60608,1.01857
502.61422,0.31639
502.62237,0.03007
502.63051,0.24576
502.63865,0.49010
502.64679,0.33198
502.65493,0.23729
502.66308,0.20927
502.67122,0.95632
502.67936,1.88159
502.68750,2.60804
502.69565,0.33701
502.70379,0.65524
502.71193,1.79470
502.72007,0.66672
502.72821,0.10472
502.73636,0.09822
502.74450,0.30524
502.75264,0.35081
502.76078,0.38902
502.76893,0.28975
502.77707,0.21900
502.78521,4.49767
502.79335,1.07180
502.80150,0.01807
502.80964,0.21399
502.81778,0.29528
502.82592,0.26158
502.83406,0.11754
502.84221,0.54595
502.85035,0.65483
502.85849,2.22907
502.86663,0.63392
502.87478,2.08544
502.88292,3.25683
502.89106,0.64995
502.89920,0.31397
502.90734,1.15423
502.91549,5.37911
502.92363,0.77888
502.93177,0.96458
502.93991,1.11688
502.94806,0.01729
502.95620,0.04174
502.96434,0.39853
502.97248,0.42498
502.98063,0.37407
502.98877,0.05786
502.99691,0.90704
503.00505,0.20862
503.01319,0.22630
503.02134,1.57883
503.02948,1.37563
503.03762,0.01377
503.04576,1.36532
503.05391,2.70224
503.06205,1.05343
503.07019,0.32899
503.07833,0.63730
503.08647,1.74615
503.09462,1.34007
503.10276,1.99639
503.11090,4.19460
503.11904,0.78870
503.12719,0.46851
503.13533,2.42487
503.14347,1.35717
503.15161,2.72085
503.15975,1.25929
503.16790,0.72921
503.17604,2.85780
503.18418,0.71801
503.19232,1.01533
503.20047,0.19333
503.20861,0.39054
503.21675,0.07417
503.22489,0.06417
503.23304,2.07145
503.24118,0.56605
503.24932,0.06795
503.25746,0.90138
503.26560,0.63593
503.27375,0.59174
503.28189,2.12554
503.29003,0.55744
503.29817,1.50699
503.30632,0.93831
503.31446,0.53130
503.32260,0.02991
503.33074,0.27618
503.33888,0.44797
503.34703,0.65179
503.35517,0.13053
503.36331,1.12798
503.37145,2.16395
503.37960,0.70024
503.38774,2.03216
503.39588,0.57242
503.40402,0.87452
503.41217,2.20038
503.42031,0.75840
503.42845,1.04932
503.43659,2.12367
503.44473,0.26758
503.45288,0.35411
503.46102,0.49323
503.46916,0.17677
503.47730,1.27205
503.48545,0.12412
503.49359,0.32381
503.50173,1.31817
503.50987,1.25371
503.51801,1.08137
503.52616,0.45483
503.53430,1.23802
503.54244,0.39877
503.55058,0.40948
503.55873,4.35677
503.56687,1.37411
503.57501,0.47134
503.58315,3.82196
503.59130,0.51615
503.59944,0.31106
503.60758,0.01351
503.61572,0.39592
503.62386,1.97408
503.63201,0.02759
503.64015,0.53891
503.64829,0.37045
503.65643,0.41736
503.66458,2.22768
503.67272,0.10341
503.68086,0.07937
503.68900,0.40111
503.69714,0.70977
503.70529,0.22994
503.71343,0.50686
503.72157,0.23965
503.72971,1.32132
503.73786,0.25500
503.74600,0.34724
503.75414,0.22879
503.76228,0.85044
503.77042,0.08196
503.77857,0.14387
503.78671,0.66057
503.79485,0.32568
503.80299,0.64100
503.81114,0.04600
503.81928,0.32241
503.82742,1.28396
503.83556,0.27227
503.84371,0.05840
503.85185,1.11483
503.85999,2.40295
503.86813,0.79173
503.87627,2.98778
503.88442,0.68486
503.89256,0.86871
503.90070,2.77229
503.90884,0.43780
503.91699,2.02851
503.92513,1.86315
503.93327,2.70360
503.94141,0.96601
503.94955,0.30291
503.95770,2.99310
503.96584,1.20353
503.97398,0.11664
503.98212,2.16444
503.99027,2.08403
503.99841,0.10094
504.00655,0.05221
504.01469,0.00019
504.02284,1.34655
504.03098,0.51682
504.03912,0.50486
504.04726,3.52370
504.05540,0.89127
504.06355,0.76001
504.07169,0.21429
504.07983,1.96821
504.08797,1.72674
504.09612,1.99322
504.10426,0.40163
504.11240,1.02190
504.12054,2.21423
504.12868,0.64482
504.13683,0.32238
504.14497,0.17451
504.15311,1.27890
504.16125,1.55486
504.16940,0.59148
504.17754,0.79195
504.18568,1.50379
504.19382,2.32337
504.20196,0.72338
504.21011,1.42237
504.21825,0.99729
504.22639,2.18626
504.23453,0.73363
504.24268,0.03692
504.25082,0.69624
504.25896,0.68976
504.26710,0.67362
504.27525,1.00494
504.28339,0.86394
504.29153,0.22879
504.29967,0.52337
504.30781,0.20839
504.31596,0.86589
504.32410,0.81500
504.33224,0.32039
504.34038,0.27435
504.34853,0.05584
504.35667,1.54296
504.36481,0.58811
504.37295,0.99762
504.38109,1.11835
504.38924,0.31018
504.39738,1.05325
504.40552,0.09468
504.41366,0.68125
504.42181,0.87840
504.42995,3.89139
504.43809,0.72009
504.44623,1.00301
504.45438,0.43480
504.46252,0.13849
504.47066,0.87494
504.47880,1.81634
504.48694,2.89855
504.49509,2.23352
504.50323,3.17783
504.51137,0.91871
504.51951,1.41341
504.52766,0.68770
504.53580,2.40074
504.54394,4.36320
504.55208,0.75133
504.56022,0.10131
504.56837,0.47864
504.57651,1.24753
504.58465,0.47657
504.59279,0.04928
504.60094,0.08997
504.60908,0.34922
504.61722,0.20701
504.62536,1.15518
504.63351,0.99246
504.64165,0.71201
504.64979,2.62769
504.65793,0.83018
504.66607,0.24487
504.67422,0.55556
504.68236,0.30243
504.69050,0.33220
504.69864,0.86278
504.70679,0.55990
504.71493,0.18413
504.72307,0.21303
504.73121,0.22028
504.73935,0.78177
504.74750,0.65298
504.75564,1.24556
504.76378,2.27579
504.77192,2.21236
504.78007,1.90459
504.78821,2.05988
504.79635,0.65798
504.80449,0.04046
504.81263,0.71187
504.82078,0.73755
504.82892,0.55357
504.83706,0.19415
504.84520,0.33575
504.85335,1.17265
504.86149,0.40603
504.86963,0.14041
504.87777,0.77025
504.88592,2.41244
504.89406,0.07893
504.90220,0.24694
504.91034,0.85224
504.91848,0.02663
504.92663,0.40759
504.93477,0.11139
504.94291,0.12956
504.95105,1.56985
504.95920,0.56169
504.96734,2.40089
504.97548,1.37087
504.98362,0.30671
504.99176,2.64063
504.99991,0.49375
505.00805,2.99831
505.01619,0.46094
505.02433,4.00947
505.03248,2.34517
505.04062,0.06451
505.04876,1.67582
505.05690,1.89294
505.06505,0.09830
505.07319,0.98408
505.08133,1.29467
505.08947,0.96906
505.09761,0.00502
505.10576,0.49939
505.11390,0.10562
505.12204,0.17906
505.13018,0.98226
505.13833,0.59729
505.14647,1.10280
505.15461,0.06381
505.16275,0.84788
505.17089,1.17497
505.17904,0.36707
505.18718,1.59096
505.19532,1.31278
505.20346,0.34172
505.21161,0.36897
505.21975,0.83777
505.22789,0.57524
505.23603,0.01069
505.24417,0.13000
505.25232,0.27559
505.26046,2.10883
505.26860,2.48551
505.27674,0.28839
505.28489,2.09644
505.29303,0.25949
505.30117,0.55774
505.30931,0.55818
505.31746,0.19111
505.32560,0.12395
505.33374,0.51280
505.34188,0.85082
505.35002,3.27797
505.35817,0.01319
505.36631,2.04453
505.37445,2.98688
505.38259,0.25146
505.39074,0.34772
505.39888,0.25136
505.40702,0.29252
505.41516,0.05754
505.42330,1.18484
505.43145,1.21826
505.43959,0.30156
505.44773,1.03649
505.45587,1.83476
505.46402,0.02817
505.47216,0.88738
505.48030,0.78446
505.48844,1.51524
505.49659,1.15976
505.50473,0.93696
505.51287,0.73786
505.52101,0.29925
505.52915,0.71491
505.53730,2.71374
505.54544,1.45904
505.55358,0.43131
505.56172,0.06797
505.56987,3.99767
505.57801,2.07870
505.58615,0.06455
505.59429,0.97854
505.60243,0.28906
505.61058,1.22929
505.61872,0.10257
505.62686,0.98040
505.63500,0.77184
505.64315,2.80465
505.65129,1.22619
505.65943,0.20341
505.66757,0.48900
505.67571,0.01200
505.68386,1.77024
505.69200,0.66116
505.70014,0.19999
505.70828,0.41032
505.71643,1.18158
505.72457,1.60739
505.73271,1.23112
505.74085,0.15610
505.74900,1.22196
505.75714,0.19618
505.76528,3.15327
505.77342,2.25600
505.78156,0.26151
505.78971,0.98235
505.79785,0.22432
505.80599,1.21581
505.81413,1.69031
505.82228,1.62933
505.83042,4.53658
505.83856,1.26996
505.84670,0.71877
505.85484,1.22344
505.86299,0.27942
505.87113,0.84145
505.87927,2.50414
505.88741,1.09736
505.89556,0.85981
505.90370,2.87945
505.91184,0.04013
505.91998,1.09197
505.92813,1.04944
505.93627,1.06615
505.94441,0.29209
505.95255,1.42759
505.96069,0.11115
505.96884,0.28525
505.97698,0.39511
505.98512,3.57999
505.99326,0.72262
506.00141,0.39893
506.00955,0.39323
506.01769,0.89419
506.02583,0.32584
506.03397,1.20943
506.04212,0.49336
506.05026,0.22875
506.05840,2.91736
506.06654,2.18236
506.07469,4.32327
506.08283,0.73794
506.09097,1.79179
506.09911,0.52338
506.10726,3.29998
506.11540,1.82746
506.12354,0.63362
506.13168,0.23742
506.13982,4.96039
506.14797,1.02524
506.15611,0.93292
506.16425,1.70767
506.17239,2.87858
506.18054,0.49584
506.18868,0.47967
506.19682,0.29148
506.20496,0.73090
506.21310,0.55405
506.22125,0.85585
506.22939,2.23482
506.23753,2.27232
506.24567,0.30697
506.25382,1.61290
506.26196,0.40468
506.27010,0.42103
506.27824,0.48297
506.28638,1.80225
506.29453,1.47339
506.30267,0.43995
506.31081,0.33319
506.31895,2.28220
506.32710,1.57305
506.33524,1.32974
506.34338,0.23707
506.35152,1.14817
506.35967,0.43293
506.36781,0.57543
506.37595,1.61437
506.38409,1.47126
506.39223,4.61937
506.40038,1.12153
506.40852,0.11412
506.41666,1.45119
506.42480,2.86340
506.43295,0.13971
506.44109,1.27996
506.44923,1.99284
506.45737,0.13835
506.46551,0.21033
506.47366,0.05470
506.48180,1.20625
506.48994,1.70668
506.49808,1.87980
506.50623,0.58810
506.51437,0.09718
506.52251,0.51648
506.53065,0.57888
506.53880,0.97658
506.54694,1.10838
506.55508,0.11026
506.56322,0.07599
506.57136,0.77590
506.57951,2.08819
506.58765,0.44866
506.59579,3.69638
506.60393,0.30915
506.61208,2.15683
506.62022,2.40561
506.62836,0.66089
506.63650,0.06204
506.64464,1.21201
506.65279,1.71161
506.66093,1.06748
506.66907,1.04013
506.67721,0.05077
506.68536,0.75767
506.69350,0.11090
506.70164,0.57177
506.70978,0.25757
506.71792,0.50064
506.72607,0.48241
506.73421,1.78778
506.74235,2.75536
506.75049,0.07817
506.75864,0.03275
506.76678,0.09414
506.77492,0.74808
506.78306,0.73632
506.79121,3.14154
506.79935,0.15665
506.80749,0.72706
506.81563,0.60997
506.82377,1.53495
506.83192,0.05646
506.84006,0.42455
506.84820,0.50720
506.85634,1.25940
506.86449,2.01398
506.87263,0.33099
506.88077,1.07437
506.88891,1.64242
506.89705,0.86177
506.90520,0.24561
506.91334,0.42991
506.92148,1.07298
506.92962,0.64528
506.93777,0.45155
506.94591,0.09367
506.95405,0.20583
506.96219,0.33603
506.97034,1.15806
506.97848,1.03787
506.98662,0.62711
506.99476,1.44735
507.00290,1.92652
507.01105,1.69452
507.01919,0.80465
507.02733,0.65713
507.03547,0.14828
507.04362,0.82444
507.05176,0.07706
507.05990,0.20005
507.06804,0.82525
507.07618,0.71417
507.08433,0.35347
507.09247,0.95169
507.10061,0.45600
507.10875,0.99933
507.11690,0.24013
507.12504,1.47903
507.13318,0.42421
507.14132,0.98480
507.14947,1.13348
507.15761,0.45274
507.16575,0.34479
507.17389,0.98067
507.18203,1.58274
507.19018,0.09639
507.19832,1.17788
507.20646,0.24780
507.21460,0.57921
507.22275,1.25234
507.23089,0.78168
507.23903,0.02182
507.24717,0.10277
507.25531,0.41206
507.26346,1.23938
507.27160,0.42814
507.27974,0.09991
507.28788,1.29497
507.29603,0.01987
507.30417,0.50204
507.31231,0.18695
507.32045,0.07658
507.32859,0.19804
507.33674,1.73759
507.34488,0.03889
507.35302,0.43750
507.36116,0.30367
507.36931,1.49578
507.37745,0.79383
507.38559,0.19447
507.39373,2.23526
507.40188,2.97241
507.41002,0.91026
507.41816,0.99344
507.42630,0.61638
507.43444,0.28586
507.44259,1.15930
507.45073,2.28885
507.45887,0.34939
507.46701,0.93237
507.47516,1.30279
507.48330,1.41397
507.49144,1.51745
507.49958,0.62117
507.50772,0.37319
507.51587,0.18929
507.52401,4.65652
507.53215,1.27810
507.54029,1.89588
507.54844,1.34378
507.55658,0.62360
507.56472,0.74509
507.57286,0.43749
507.58101,0.17489
507.58915,0.41441
507.59729,1.98434
507.60543,1.44891
507.61357,0.71980
507.62172,0.04347
507.62986,0.07221
507.63800,0.68294
507.64614,1.52437
507.65429,0.40533
507.66243,2.26846
507.67057,0.59278
507.67871,0.14567
507.68685,0.05605
507.69500,1.00123
507.70314,0.63307
507.71128,0.52901
507.71942,0.30013
507.72757,1.06333
507.73571,0.76287
507.74385,0.08950
507.75199,1.76438
507.76013,1.16713
507.76828,1.34403
507.77642,1.29731
507.78456,1.12256
507.79270,0.06807
507.80085,0.27352
507.80899,0.68347
507.81713,0.52563
507.82527,1.40662
507.83342,0.86961
507.84156,0.18898
507.84970,0.08251
507.85784,0.82404
507.86598,0.80488
507.87413,1.27289
507.88227,1.71663
507.89041,0.18317
507.89855,0.06304
507.90670,2.65813
507.91484,1.34146
507.92298,1.19933
507.93112,0.54239
507.93926,0.23211
507.94741,1.15430
507.95555,1.07514
507.96369,6.81146
507.97183,0.16974
507.97998,0.44887
507.98812,1.20649
507.99626,5.32085
508.00440,1.34215
508.01255,1.10885
508.02069,1.01121
508.02883,1.58054
508.03697,1.44758
508.04511,0.09409
508.05326,0.28030
508.06140,0.26208
508.06954,0.35635
508.07768,2.48290
508.08583,0.05802
508.09397,0.82442
508.10211,0.07833
508.11025,1.30965
508.11839,0.86787
508.12654,1.52131
508.13468,0.08122
508.14282,0.60886
508.15096,0.93647
508.15911,0.15837
508.16725,0.48287
508.17539,4.28702
508.18353,0.48438
508.19167,0.22929
508.19982,0.80404
508.20796,0.44123
508.21610,0.55107
508.22424,1.59915
508.23239,1.39763
508.24053,1.82020
508.24867,0.96340
508.25681,0.04200
508.26496,0.03284
508.27310,3.01183
508.28124,1.39432
508.28938,0.27469
508.29752,0.09815
508.30567,0.43877
508.31381,1.86009
508.32195,1.29110
508.33009,1.66640
508.33824,2.24546
508.34638,1.49736
508.35452,1.15037
508.36266,0.05624
508.37080,0.83329
508.37895,0.22604
508.38709,0.87011
508.39523,1.04132
508.40337,0.01437
508.41152,3.71990
508.41966,0.21658
508.42780,3.21012
508.43594,0.85873
508.44409,1.73417
508.45223,3.46498
508.46037,0.34120
508.46851,3.94813
508.47665,3.52978
508.48480,1.74169
508.49294,0.57450
508.50108,1.17467
508.50922,0.44258
508.51737,0.32541
508.52551,0.08888
508.53365,1.02743
508.54179,0.03459
508.54993,0.08588
508.55808,0.50190
508.56622,0.31373
508.57436,0.31926
508.58250,0.54817
508.59065,0.08825
508.59879,1.98455
508.60693,0.57029
508.61507,3.59343
508.62322,0.26794
508.63136,0.01105
508.63950,0.78464
508.64764,1.91874
508.65578,3.36945
508.66393,0.40521
508.67207,0.09188
508.68021,0.44177
508.68835,1.71613
508.69650,0.91241
508.70464,1.95657
508.71278,2.46515
508.72092,0.25172
508.72906,0.03445
508.73721,1.38137
508.74535,0.69363
508.75349,1.06307
508.76163,0.04248
508.76978,1.67356
508.77792,0.90066
508.78606,2.45518
508.79420,0.07248
508.80234,0.73849
508.81049,0.01136
508.81863,0.41120
508.82677,5.93664
508.83491,1.00453
508.84306,0.04403
508.85120,1.50170
508.85934,0.02946
508.86748,0.23720
508.87563,0.01705
508.88377,0.29579
508.89191,0.81539
508.90005,1.03361
508.90819,1.71281
508.91634,0.28649
508.92448,1.29367
508.93262,0.45380
508.94076,0.37264
508.94891,0.11028
508.95705,0.20813
508.96519,0.51091
508.97333,0.04530
508.98147,1.62664
508.98962,0.08774
508.99776,0.73208
509.00590,0.85164
509.01404,0.02047
509.02219,1.57414
509.03033,0.74361
509.03847,0.39291
509.04661,0.11262
509.05476,1.66070
509.06290,0.51798
509.07104,0.00972
509.07918,1.57906
509.08732,0.23797
509.09547,0.86440
509.10361,1.39444
509.11175,0.04052
509.11989,0.68268
509.12804,0.08205
509.13618,0.46984
509.14432,0.15003
509.15246,0.94857
509.16060,1.67951
509.16875,0.09853
509.17689,0.35950
509.18503,0.46304
509.19317,1.32049
509.20132,1.94553
509.20946,0.55820
509.21760,0.62425
509.22574,0.11807
509.23388,0.16324
509.24203,0.35856
509.25017,0.67572
509.25831,0.30509
509.26645,1.19291
509.27460,1.57153
509.28274,2.41939
509.29088,0.78541
509.29902,0.83693
509.30717,0.83002
509.31531,0.42149
509.32345,0.65910
509.33159,0.33253
509.33973,2.13016
509.34788,0.51412
509.35602,2.31651
509.36416,2.90946
509.37230,2.33790
509.38045,1.93236
509.38859,1.54418
509.39673,1.89091
509.40487,0.56842
509.41301,0.12360
509.42116,0.33020
509.42930,0.42190
509.43744,0.86323
509.44558,0.49249
509.45373,0.05683
509.46187,0.19009
509.47001,1.05729
509.47815,1.84624
509.48630,0.02673
509.49444,0.54708
509.50258,0.03005
509.51072,0.65277
509.51886,0.17406
509.52701,0.84282
509.53515,0.26800
509.54329,1.14467
509.55143,0.42483
509.55958,0.16893
509.56772,0.62574
509.57586,0.66746
509.58400,0.14614
509.59214,1.09705
509.60029,2.61478
509.60843,3.27454
509.61657,0.70897
509.62471,0.91123
509.63286,0.73093
509.64100,0.42383
509.64914,0.47955
509.65728,0.58399
509.66543,0.83767
509.67357,1.28963
509.68171,0.49706
509.68985,0.64534
509.69799,0.21409
509.70614,1.08928
509.71428,1.35957
509.72242,0.56510
509.73056,0.07488
509.73871,0.05306
509.74685,0.69809
509.75499,0.84528
509.76313,1.61246
509.77127,0.92229
509.77942,0.17755
509.78756,0.23049
509.79570,0.71096
509.80384,4.36570
509.81199,2.16108
509.82013,0.29128
509.82827,1.05347
509.83641,0.00492
509.84455,0.45464
509.85270,0.05695
509.86084,0.29567
509.86898,0.40608
509.87712,0.75618
509.88527,0.94268
509.89341,0.06629
509.90155,0.54053
509.90969,0.28473
509.91784,3.55226
509.92598,1.68235
509.93412,1.32442
509.94226,0.68076
509.95040,0.51840
509.95855,0.23471
509.96669,0.45495
509.97483,0.42742
509.98297,0.15627
509.99112,0.49845
509.99926,0.30991
510.00740,0.41552
510.01554,0.00926
510.02368,0.33350
510.03183,0.33372
510.03997,1.44676
510.04811,0.20626
510.05625,0.29053
510.06440,0.86034
510.07254,0.06300
510.08068,0.28176
510.08882,0.45087
510.09697,0.50877
510.10511,0.25974
510.11325,1.67176
510.12139,0.56536
510.12953,0.69435
510.13768,0.95710
510.14582,0.95321
510.15396,0.73398
510.16210,0.05075
510.17025,0.19815
510.17839,1.30089
510.18653,0.13581
510.19467,0.25211
510.20281,0.37652
510.21096,1.16724
510.21910,0.97371
510.22724,0.42403
510.23538,0.34863
510.24353,0.30615
510.25167,0.52100
510.25981,0.77333
510.26795,0.11866
510.27609,0.12657
510.28424,0.06619
510.29238,1.01129
510.30052,0.09855
510.30866,0.13584
510.31681,0.08585
510.32495,0.79533
510.33309,0.26107
510.34123,1.56155
510.34938,1.17195
510.35752,0.40377
510.36566,0.46631
510.37380,0.47085
510.38194,2.52957
510.39009,0.41422
510.39823,0.75817
510.40637,0.16154
510.41451,0.13348
510.42266,0.19108
510.43080,1.51711
510.43894,0.88551
510.44708,0.83191
510.45522,0.94604
510.46337,1.43068
510.47151,0.68365
510.47965,0.09614
510.48779,0.22634
510.49594,0.04531
510.50408,0.13854
510.51222,0.04429
510.52036,0.81405
510.52851,0.38251
510.53665,1.76265
510.54479,2.00888
510.55293,0.04033
510.56107,0.11444
510.56922,0.28287
510.57736,0.06400
510.58550,0.13423
510.59364,1.10984
510.60179,0.50347
510.60993,1.42215
510.61807,0.52355
510.62621,0.32299
510.63435,1.30740
510.64250,0.51651
510.65064,1.04259
510.65878,0.10175
510.66692,0.37298
510.67507,0.15973
510.68321,1.15576
510.69135,0.22369
510.69949,1.78542
510.70763,0.66410
510.71578,0.28441
510.72392,0.54875
510.73206,1.02979
510.74020,0.60256
510.74835,3.51963
510.75649,5.51769
510.76463,0.19638
510.77277,0.52698
510.78092,1.72935
510.78906,0.15278
510.79720,1.04378
510.80534,4.02229
510.81348,1.64764
510.82163,0.40094
510.82977,1.70800
510.83791,0.64926
510.84605,0.40497
510.85420,0.24752
510.86234,0.21883
510.87048,0.28242
510.87862,0.02564
510.88676,1.17310
510.89491,0.23005
510.90305,0.11299
510.91119,0.02093
510.91933,0.15862
510.92748,0.74945
510.93562,1.50426
510.94376,1.38726
510.95190,1.51621
510.96005,0.17403
510.96819,1.72225
510.97633,0.95139
510.98447,0.22508
510.99261,1.77490
511.00076,0.31253
511.00890,0.10559
511.01704,1.67393
511.02518,0.01883
511.03333,1.13654
511.04147,0.60484
511.04961,2.06907
511.05775,1.24761
511.06589,0.28768
511.07404,0.34009
511.08218,1.34226
511.09032,0.04857
511.09846,0.05229
511.10661,0.07618
511.11475,0.86562
511.12289,2.06466
511.13103,1.47695
511.13918,0.39652
511.14732,0.68159
511.15546,3.39816
511.16360,0.41199
511.17174,0.31489
511.17989,0.06345
511.18803,1.05974
511.19617,0.07058
511.20431,0.33915
511.21246,0.99740
511.22060,3.49212
511.22874,2.29927
511.23688,0.58830
511.24502,0.18358
511.25317,1.35919
511.26131,6.63724
511.26945,1.09787
511.27759,0.99771
511.28574,1.07555
511.29388,0.74239
511.30202,3.41946
511.31016,0.22050
511.31830,0.60901
511.32645,2.15808
511.33459,0.45108
511.34273,1.82798
511.35087,0.03809
511.35902,1.49220
511.36716,3.17973
511.37530,0.06076
511.38344,0.29413
511.39159,0.65621
511.39973,0.84403
511.40787,0.89522
511.41601,1.84557
511.42415,2.08473
511.43230,1.93952
511.44044,0.13785
511.44858,0.80740
511.45672,0.10601
511.46487,0.82007
511.47301,2.31958
511.48115,0.11259
511.48929,0.34078
511.49743,2.10555
511.50558,3.20716
511.51372,0.43560
511.52186,0.95517
511.53000,0.65616
511.53815,0.29046
511.54629,0.41732
511.55443,0.04738
511.56257,1.07651
511.57072,0.12774
511.57886,0.42025
511.58700,0.83316
511.59514,0.19950
511.60328,2.41598
511.61143,2.00793
511.61957,0.01843
511.62771,1.25406
511.63585,0.23613
511.64400,0.20846
511.65214,0.07327
511.66028,0.24008
511.66842,0.08568
511.67656,0.39958
511.68471,0.86502
511.69285,0.48482
511.70099,0.32074
511.70913,0.00485
511.71728,0.00097
511.72542,0.44169
511.73356,0.41802
511.74170,0.76588
511.74984,0.02207
511.75799,0.16843
511.76613,1.08344
511.77427,1.26971
511.78241,0.29677
511.79056,0.41912
511.79870,0.14011
511.80684,0.11280
511.81498,0.29025
511.82313,0.45697
511.83127,0.02852
511.83941,0.12817
511.84755,0.03113
511.85569,1.41324
511.86384,1.24224
511.87198,0.39995
511.88012,0.72614
511.88826,3.60330
511.89641,1.33580
511.90455,1.15601
511.91269,0.12589
511.92083,0.21354
511.92897,0.52044
511.93712,1.18613
511.94526,0.47842
511.95340,0.42736
511.96154,0.57880
511.96969,2.37349
511.97783,0.08281
511.98597,0.00647
511.99411,0.00868
512.00226,0.22313
512.01040,0.01033
512.01854,0.52923
512.02668,0.15283
512.03482,0.03783
512.04297,0.10637
512.05111,1.00208
512.05925,0.12899
512.06739,0.62678
512.07554,0.98695
512.08368,0.03518
512.09182,0.40888
512.09996,1.01902
512.10810,0.71196
512.11625,0.70232
512.12439,0.85037
512.13253,1.02142
512.14067,0.54196
512.14882,0.29190
512.15696,1.44592
512.16510,0.02360
512.17324,0.43275
512.18138,1.83772
512.18953,3.21030
512.19767,0.19550
512.20581,1.14367
512.21395,0.10317
512.22210,0.85069
512.23024,2.70969
512.23838,0.70506
512.24652,0.62478
512.25467,0.41577
512.26281,0.54184
512.27095,1.13619
512.27909,0.13657
512.28723,2.94951
512.29538,1.78892
512.30352,0.04140
512.31166,0.22338
512.31980,0.81995
512.32795,1.72066
512.33609,1.85990
512.34423,0.47627
512.35237,1.53349
512.36051,0.15933
512.36866,0.20450
512.37680,0.01647
512.38494,2.60897
512.39308,1.26428
512.40123,0.00490
512.40937,0.04422
512.41751,0.43878
512.42565,0.80175
512.43380,0.44776
512.44194,0.90878
512.45008,2.05557
512.45822,0.14689
512.46636,1.40369
512.47451,0.08299
512.48265,0.91437
512.49079,0.38984
512.49893,0.20698
512.50708,0.33283
512.51522,0.78242
512.52336,0.80270
512.53150,0.00107
512.53964,0.22997
512.54779,0.34217
512.55593,0.77618
512.56407,0.15315
512.57221,0.02365
512.58036,0.53033
512.58850,1.00009
512.59664,0.24063
512.60478,1.37343
512.61293,0.98848
512.62107,0.33429
512.62921,0.30417
512.63735,0.60985
512.64549,0.85082
512.65364,0.81748
512.66178,1.11090
512.66992,1.69871
512.67806,1.01971
512.68621,0.29277
512.69435,0.91483
512.70249,2.55317
512.71063,0.95806
512.71877,0.86038
512.72692,1.81818
512.73506,1.10998
512.74320,3.07007
512.75134,0.42124
512.75949,1.16766
512.76763,5.31446
512.77577,2.07436
512.78391,0.94563
512.79205,1.93391
512.80020,0.77930
512.80834,0.81962
512.81648,2.03688
512.82462,1.93247
512.83277,0.82509
512.84091,0.70774
512.84905,0.82512
512.85719,1.77141
512.86534,1.00864
512.87348,0.56728
512.88162,0.06021
512.88976,0.21887
512.89790,0.28723
512.90605,0.98679
512.91419,0.10052
512.92233,0.81395
512.93047,0.54697
512.93862,0.77300
512.94676,1.96836
512.95490,0.95591
512.96304,1.93907
512.97118,0.56593
512.97933,0.56057
512.98747,0.95508
512.99561,0.78218
513.00375,0.41974
513.01190,0.70048
513.02004,0.17316
513.02818,0.69172
513.03632,0.85814
513.04447,1.56471
513.05261,0.34369
513.06075,2.08191
513.06889,0.26544
513.07703,2.49711
513.08518,0.27731
513.09332,0.46497
513.10146,0.92828
513.10960,0.51727
513.11775,0.33112
513.12589,4.09058
513.13403,0.15192
513.14217,0.17623
513.15031,1.88890
513.15846,0.23400
513.16660,0.69478
513.17474,0.03045
513.18288,0.30090
513.19103,1.25535
513.19917,3.05206
513.20731,0.61195
513.21545,0.00362
513.22359,1.68238
513.23174,0.00355
513.23988,0.15973
513.24802,2.42493
513.25616,1.27861
513.26431,0.31830
513.27245,1.63962
513.28059,0.05807
513.28873,0.44365
513.29688,0.57036
513.30502,0.00987
513.31316,1.39272
513.32130,0.09287
513.32944,0.57454
513.33759,0.47646
513.34573,0.34801
513.35387,1.32670
513.36201,1.09413
513.37016,1.28394
513.37830,0.04532
513.38644,0.72687
513.39458,0.31099
513.40272,1.20024
513.41087,0.42478
513.41901,0.39619
513.42715,1.02032
513.43529,1.71710
513.44344,0.47239
513.45158,0.04668
513.45972,0.54962
513.46786,2.71737
513.47601,3.34408
513.48415,0.12752
513.49229,1.13883
513.50043,0.07256
513.50857,0.41780
513.51672,0.07809
513.52486,2.29298
513.53300,1.56751
513.54114,1.43105
513.54929,1.69715
513.55743,0.41403
513.56557,0.93502
513.57371,1.69848
513.58185,0.21695
513.59000,0.18244
513.59814,1.86859
513.60628,0.54333
513.61442,0.24617
513.62257,0.63572
513.63071,1.23401
513.63885,0.15339
513.64699,0.04032
513.65514,1.91976
513.66328,1.30813
513.67142,0.22504
513.67956,0.87311
513.68770,0.53986
513.69585,0.12510
513.70399,0.15055
513.71213,0.44082
513.72027,2.04447
513.72842,2.20911
513.73656,0.18549
513.74470,1.20224
513.75284,1.19927
513.76098,1.37324
513.76913,1.30187
513.77727,1.40243
513.78541,0.05532
513.79355,0.48870
513.80170,0.23414
513.80984,1.81038
513.81798,0.32039
513.82612,0.60941
513.83426,1.50100
513.84241,0.36318
513.85055,1.24065
513.85869,0.77275
513.86683,0.83248
513.87498,0.91271
513.88312,2.07914
513.89126,1.00891
513.89940,0.76141
513.90755,1.69247
513.91569,0.80968
513.92383,0.05994
513.93197,0.63448
513.94011,0.22079
513.94826,1.26251
513.95640,0.58170
513.96454,4.16273
513.97268,0.37150
513.98083,0.30300
513.98897,1.45583
513.99711,0.93816
514.00525,0.97498
514.01339,2.24960
514.02154,0.20757
514.02968,0.18721
514.03782,0.24268
514.04596,0.19320
514.05411,0.03651
514.06225,0.09385
514.07039,0.06183
514.07853,0.66104
514.08668,1.25509
514.09482,1.19159
514.10296,3.28105
514.11110,0.86553
514.11924,2.49766
514.12739,0.95410
514.13553,0.20434
514.14367,0.39268
514.15181,0.33322
514.15996,0.55351
514.16810,0.07272
514.17624,0.01266
514.18438,2.70615
514.19252,0.24282
514.20067,0.33507
514.20881,1.02108
514.21695,0.36163
514.22509,0.05430
514.23324,0.36080
514.24138,0.06399
514.24952,0.51373
514.25766,2.85979
514.26580,0.67156
514.27395,0.23354
514.28209,0.05854
514.29023,0.50630
514.29837,2.56174
514.30652,1.10444
514.31466,2.73695
514.32280,0.84975
514.33094,2.36761
514.33909,1.15861
514.34723,0.25844
514.35537,0.01366
514.36351,0.59543
514.37165,0.34031
514.37980,1.62985
514.38794,0.32054
514.39608,0.23611
514.40422,0.52121
514.41237,1.46796
514.42051,0.43434
514.42865,1.82029
514.43679,0.09850
514.44493,0.02582
514.45308,2.42782
514.46122,0.93132
514.46936,1.10221
514.47750,0.74053
514.48565,0.11908
514.49379,0.57546
514.50193,0.31477
514.51007,0.40278
514.51822,0.21804
514.52636,0.23902
514.53450,1.08636
514.54264,3.52910
514.55078,0.31038
514.55893,2.38600
514.56707,0.00196
514.57521,0.82980
514.58335,2.19370
514.59150,2.17976
514.59964,0.69827
514.60778,2.67925
514.61592,1.13885
514.62406,0.67889
514.63221,0.99024
514.64035,0.29449
514.64849,0.49955
514.65663,0.14906
514.66478,0.72426
514.67292,1.36220
514.68106,1.16972
514.68920,0.10541
514.69734,0.28638
514.70549,1.35692
514.71363,0.96959
514.72177,0.07543
514.72991,0.04168
514.73806,0.19835
514.74620,0.25826
514.75434,0.08446
514.76248,2.34546
514.77063,0.34085
514.77877,3.84661
514.78691,2.57247
514.79505,1.91838
514.80319,3.18968
514.81134,0.59430
514.81948,1.63165
514.82762,0.86862
514.83576,0.95066
514.84391,1.31231
514.85205,1.04647
514.86019,1.69789
514.86833,4.06291
514.87647,0.84103
514.88462,1.53293
514.89276,2.26588
514.90090,2.34092
514.90904,2.23484
514.91719,0.54254
514.92533,0.89763
514.93347,0.06045
514.94161,0.20921
514.94976,2.20675
514.95790,0.71094
514.96604,0.32862
514.97418,0.64347
514.98232,1.80397
514.99047,1.08119
514.99861,0.60359
515.00675,0.04119
515.01489,1.27182
515.02304,1.93378
515.03118,1.35737
515.03932,1.79473
515.04746,0.73182
515.05560,0.18664
515.06375,0.39990
515.07189,0.71605
515.08003,0.96291
515.08817,0.21651
515.09632,0.12887
515.10446,2.33480
515.11260,2.50386
515.12074,0.39690
515.12889,0.19636
515.13703,1.31490
515.14517,4.13598
515.15331,0.34116
515.16145,0.11816
515.16960,0.26132
515.17774,0.86002
515.18588,1.42359
515.19402,2.21654
515.20217,0.39426
515.21031,1.49749
515.21845,0.77987
515.22659,1.88822
515.23473,3.70532
515.24288,0.76367
515.25102,0.88990
515.25916,1.49824
515.26730,0.05654
515.27545,0.03601
515.28359,0.20147
515.29173,0.18017
515.29987,0.00907
515.30801,1.25535
515.31616,0.55435
515.32430,0.15637
515.33244,0.16792
515.34058,1.12435
515.34873,0.19684
515.35687,2.25529
515.36501,1.23069
515.37315,0.57586
515.38130,0.80118
515.38944,0.00034
515.39758,0.17300
515.40572,0.03252
515.41386,1.15353
515.42201,0.26020
515.43015,0.41755
515.43829,0.25270
515.44643,0.52925
515.45458,1.77828
515.46272,0.42348
515.47086,0.67701
515.47900,0.97233
515.48714,0.47330
515.49529,0.35187
515.50343,0.11920
515.51157,0.41782
515.51971,0.30152
515.52786,0.61009
515.53600,1.90878
515.54414,1.02188
515.55228,0.61628
515.56043,0.56920
515.56857,0.11347
515.57671,0.06558
515.58485,1.01900
515.59299,0.91466
515.60114,0.06157
515.60928,1.07979
515.61742,0.36007
515.62556,2.46931
515.63371,0.97521
515.64185,0.75029
515.64999,0.81953
515.65813,1.88967
515.66627,0.25700
515.67442,0.89695
515.68256,0.66020
515.69070,1.76035
515.69884,0.20599
515.70699,0.05698
515.71513,0.53185
515.72327,0.68959
515.73141,0.44655
515.73955,0.34775
515.74770,0.46779
515.75584,0.40012
515.76398,0.89865
515.77212,0.51849
515.78027,1.66432
515.78841,1.80402
515.79655,1.62108
515.80469,0.36960
515.81284,2.19561
515.82098,0.25913
515.82912,0.43102
515.83726,0.62108
515.84540,2.35860
515.85355,0.23545
515.86169,1.18482
515.86983,1.33405
515.87797,0.02136
515.88612,1.55881
515.89426,0.55688
515.90240,0.48186
515.91054,0.28998
515.91868,1.19616
515.92683,0.01102
515.93497,2.01999
515.94311,0.62122
515.95125,1.03841
515.95940,0.25514
515.96754,0.12365
515.97568,0.34104
515.98382,1.46607
515.99197,0.47867
516.00011,0.17464
516.00825,0.76390
516.01639,0.11059
516.02453,0.89501
516.03268,1.51975
516.04082,0.42330
516.04896,2.48323
516.05710,0.12702
516.06525,0.14552
516.07339,0.80387
516.08153,0.43604
516.08967,0.62329
516.09781,0.35901
516.10596,1.74375
516.11410,1.07402
516.12224,0.29025
516.13038,1.20094
516.13853,0.17638
516.14667,0.68843
516.15481,3.92199
516.16295,2.56991
516.17110,0.33482
516.17924,0.57867
516.18738,0.03897
516.19552,0.10810
516.20366,0.13359
516.21181,0.30647
516.21995,0.18433
516.22809,0.87198
516.23623,1.32374
516.24438,0.54690
516.25252,0.44406
516.26066,0.25612
516.26880,0.65078
516.27694,0.13025
516.28509,0.91292
516.29323,4.23795
516.30137,2.89884
516.30951,0.57497
516.31766,0.94419
516.32580,1.76797
516.33394,2.50707
516.34208,1.40509
516.35022,1.30475
516.35837,0.27049
516.36651,2.39920
516.37465,1.17724
516.38279,1.95465
516.39094,1.40494
516.39908,1.27632
516.40722,0.62882
516.41536,0.73116
516.42351,0.49672
516.43165,0.22020
516.43979,0.10645
516.44793,0.08237
516.45607,2.25417
516.46422,0.01743
516.47236,0.95225
516.48050,0.04654
516.48864,1.88264
516.49679,1.32872
516.50493,0.16668
516.51307,0.58122
516.52121,1.11066
516.52935,1.12552
516.53750,2.24487
516.54564,1.08715
516.55378,2.72612
516.56192,1.83254
516.57007,0.16064
516.57821,0.21052
516.58635,0.86546
516.59449,0.40673
516.60264,0.02277
516.61078,1.47662
516.61892,1.44807
516.62706,0.48769
516.63520,0.81564
516.64335,5.30717
516.65149,0.89311
516.65963,2.19007
516.66777,5.65027
516.67592,2.68491
516.68406,2.75748
516.69220,0.09175
516.70034,0.72472
516.70848,0.45053
516.71663,1.50288
516.72477,1.71947
516.73291,0.87175
516.74105,3.91540
516.74920,0.80913
516.75734,0.07469
516.76548,0.02778
516.77362,0.87971
516.78176,0.07359
516.78991,1.35581
516.79805,1.09419
516.80619,1.50581
516.81433,0.60972
516.82248,2.57157
516.83062,2.73708
516.83876,0.00297
516.84690,0.34682
516.85505,0.53818
516.86319,0.06981
516.87133,1.69813
516.87947,0.29498
516.88761,0.38817
516.89576,1.13554
516.90390,0.55046
516.91204,0.25935
516.92018,0.67517
516.92833,2.30963
516.93647,0.49099
516.94461,1.21790
516.95275,1.26692
516.96089,0.02787
516.96904,1.30502
516.97718,1.30062
516.98532,0.06173
516.99346,1.86530
517.00161,0.11090
517.00975,0.49588
517.01789,0.86609
517.02603,1.69730
517.03418,1.07351
517.04232,0.66373
517.05046,0.42065
517.05860,0.27432
517.06674,2.09941
517.07489,1.22628
517.08303,0.41935
517.09117,0.77727
517.09931,0.17238
517.10746,1.17433
517.11560,0.15188
517.12374,1.07098
517.13188,0.86303
517.14002,1.30160
517.14817,0.11548
517.15631,0.87924
517.16445,0.87766
517.17259,3.17715
517.18074,1.28629
517.18888,0.46900
517.19702,0.37736
517.20516,0.28678
517.21330,2.48718
517.22145,1.06075
517.22959,0.67216
517.23773,1.02721
517.24587,0.08342
517.25402,1.58361
517.26216,3.26930
517.27030,0.55186
517.27844,2.81695
517.28659,1.04681
517.29473,0.74681
517.30287,0.31812
517.31101,2.34546
517.31915,0.57865
517.32730,0.51823
517.33544,0.39749
517.34358,0.41009
517.35172,0.85316
517.35987,0.14991
517.36801,0.11035
517.37615,0.98426
517.38429,0.10910
517.39243,1.77000
517.40058,0.09278
517.40872,0.07290
517.41686,0.00711
517.42500,0.85519
517.43315,1.18076
517.44129,0.04133
517.44943,0.60841
517.45757,0.07571
517.46572,0.41027
517.47386,0.22126
517.48200,0.78903
517.49014,0.46947
517.49828,0.36019
517.50643,0.93350
517.51457,0.20713
517.52271,0.61756
517.53085,0.68809
517.53900,0.18727
517.54714,0.24834
517.55528,0.35589
517.56342,0.89371
517.57156,0.14701
517.57971,2.19268
517.58785,0.54105
517.59599,0.27468
517.60413,0.29153
517.61228,0.39071
517.62042,1.73690
517.62856,2.21853
517.63670,0.69036
517.64485,0.72119
517.65299,1.00750
517.66113,0.14502
517.66927,0.11612
517.67741,1.73242
517.68556,0.37043
517.69370,0.93338
517.70184,0.22804
517.70998,1.08150
517.71813,0.08452
517.72627,0.69469
517.73441,0.17165
517.74255,1.04636
517.75069,1.47302
517.75884,2.50261
517.76698,0.17233
517.77512,3.06116
517.78326,0.89706
517.79141,0.45443
517.79955,1.19496
517.80769,1.19726
517.81583,0.16018
517.82397,0.11275
517.83212,0.02895
517.84026,0.72694
517.84840,0.55911
517.85654,1.03322
517.86469,0.85429
517.87283,3.19958
517.88097,1.32785
517.88911,2.05729
517.89726,0.89808
517.90540,0.42957
517.91354,0.56552
517.92168,0.94646
517.92982,0.61957
517.93797,1.76946
517.94611,0.40290
517.95425,0.00275
517.96239,1.01122
517.97054,0.29229
517.97868,1.52275
517.98682,0.21458
517.99496,0.27230
518.00310,0.33308
518.01125,0.00058
518.01939,0.74003
518.02753,1.30321
518.03567,1.02723
518.04382,1.32623
518.05196,0.64362
518.06010,1.20944
518.06824,1.71030
518.07639,0.12709
518.08453,0.51469
518.09267,0.85907
518.10081,0.10407
518.10895,1.64342
518.11710,0.15717
518.12524,0.49906
518.13338,0.93346
518.14152,0.16425
518.14967,0.10456
518.15781,0.48447
518.16595,1.78621
518.17409,2.24179
518.18223,0.27524
518.19038,1.33506
518.19852,2.62294
518.20666,0.24793
518.21480,5.63544
518.22295,2.55062
518.23109,0.77987
518.23923,2.52729
518.24737,0.06862
518.25551,0.38706
518.26366,0.18264
518.27180,3.28768
518.27994,2.46417
518.28808,1.85123
518.29623,0.66324
518.30437,0.23733
518.31251,0.43915
518.32065,0.64323
518.32880,2.74720
518.33694,0.67415
518.34508,0.00823
518.35322,0.37017
518.36136,0.11335
518.36951,0.59535
518.37765,0.13441
518.38579,0.02271
518.39393,0.08839
518.40208,0.35847
518.41022,0.23545
518.41836,2.03905
518.42650,0.41295
518.43464,0.14142
518.44279,1.07112
518.45093,1.18670
518.45907,2.47746
518.46721,0.29515
518.47536,1.25315
518.48350,0.70393
518.49164,0.08826
518.49978,0.28334
518.50793,0.15253
518.51607,1.60045
518.52421,0.44186
518.53235,0.22911
518.54049,2.02689
518.54864,0.53923
518.55678,0.62299
518.56492,0.91465
518.57306,1.72625
518.58121,1.46679
518.58935,0.69541
518.59749,2.48041
518.60563,3.94349
518.61377,0.20779
518.62192,3.51788
518.63006,1.35405
518.63820,1.31474
518.64634,0.53977
518.65449,1.99826
518.66263,0.56208
518.67077,0.95732
518.67891,0.80561
518.68706,1.39530
518.69520,1.87860
518.70334,3.33419
518.71148,2.07866
518.71962,2.01197
518.72777,2.04047
518.73591,4.89054
518.74405,1.32994
518.75219,1.46065
518.76034,1.72056
518.76848,0.32918
518.77662,0.48556
518.78476,1.43304
518.79290,0.22834
518.80105,1.20988
518.80919,0.37265
518.81733,0.17832
518.82547,2.18358
518.83362,0.21936
518.84176,0.09293
518.84990,1.58345
518.85804,0.01282
518.86618,0.12134
518.87433,1.28685
518.88247,0.50350
518.89061,0.45862
518.89875,1.83548
518.90690,1.49211
518.91504,0.92841
518.92318,2.16902
518.93132,4.42406
518.93947,0.43871
518.94761,0.26660
518.95575,0.23523
518.96389,0.41645
518.97203,0.29157
518.98018,0.02682
518.98832,1.13278
518.99646,0.57904
519.00460,0.13683
519.01275,0.18384
519.02089,0.03071
519.02903,0.35971
519.03717,0.54851
519.04531,0.19505
519.05346,0.08797
519.06160,0.61311
519.06974,0.31459
519.07788,0.97967
519.08603,0.07052
519.09417,0.42394
519.10231,0.26710
519.11045,2.63308
519.11860,0.44146
519.12674,1.43463
519.13488,0.11831
519.14302,0.21091
519.15116,0.03718
519.15931,1.46598
519.16745,0.46991
519.17559,0.81181
519.18373,2.05241
519.19188,2.10662
519.20002,3.62981
519.20816,0.81714
519.21630,1.00912
519.22444,2.03763
519.23259,1.06222
519.24073,0.50963
519.24887,0.70768
519.25701,1.04397
519.26516,1.38956
519.27330,1.98170
519.28144,0.90326
519.28958,0.00375
519.29772,1.45212
519.30587,5.89746
519.31401,0.51205
519.32215,0.00540
519.33029,0.19052
519.33844,1.38862
519.34658,3.89387
519.35472,3.42157
519.36286,1.58921
519.37101,1.50362
519.37915,3.06981
519.38729,0.48827
519.39543,0.70630
519.40357,1.05247
519.41172,0.56791
519.41986,0.36540
519.42800,0.54995
519.43614,1.57264
519.44429,0.60038
519.45243,1.40533
519.46057,0.79121
519.46871,0.23666
519.47685,1.30845
519.48500,1.77183
519.49314,1.72001
519.50128,0.11356
519.50942,2.62832
519.51757,0.97050
519.52571,0.32693
519.53385,1.33446
519.54199,0.57500
519.55014,0.04045
519.55828,1.35359
519.56642,2.23056
519.57456,1.11320
519.58270,0.48853
519.59085,0.31856
519.59899,0.16562
519.60713,1.32266
519.61527,2.77942
519.62342,1.60013
519.63156,1.98941
519.63970,1.13370
519.64784,1.31754
519.65598,1.13731
519.66413,1.85591
519.67227,0.62826
519.68041,0.47801
519.68855,0.24400
519.69670,1.82386
519.70484,2.43498
519.71298,0.64030
519.72112,0.34841
519.72926,0.20930
519.73741,0.41738
519.74555,0.80809
519.75369,0.76815
519.76183,1.39412
519.76998,0.38387
519.77812,1.53258
519.78626,0.02077
519.79440,0.27863
519.80255,0.15924
519.81069,1.00072
519.81883,0.20168
519.82697,0.41854
519.83511,0.26667
519.84326,0.48818
519.85140,0.57016
519.85954,1.20303
519.86768,2.53722
519.87583,1.78883
519.88397,1.84163
519.89211,0.00747
519.90025,0.56247
519.90839,2.69833
519.91654,0.32486
519.92468,0.24886
519.93282,0.00848
519.94096,0.01890
519.94911,0.41525
519.95725,1.59250
519.96539,0.67381
519.97353,0.15148
519.98168,1.75661
519.98982,0.28250
519.99796,0.26223
520.00610,0.20686
520.01424,0.35279
520.02239,0.60647
520.03053,1.02434
520.03867,0.27756
520.04681,0.04298
520.05496,0.92065
520.06310,0.64255
520.07124,0.00920
520.07938,0.92927
520.08752,0.51992
520.09567,0.19442
520.10381,2.89591
520.11195,0.61959
520.12009,0.51616
520.12824,3.78547
520.13638,0.98438
520.14452,0.03943
520.15266,0.14859
520.16081,0.07476
520.16895,1.34422
520.17709,1.55397
520.18523,1.15509
520.19337,0.53909
520.20152,1.07222
520.20966,1.18392
520.21780,0.03316
520.22594,0.79711
520.23409,1.29444
520.24223,0.54630
520.25037,1.69339
520.25851,0.95963
520.26665,1.95877
520.27480,0.62273
520.28294,1.37728
520.29108,4.13141
520.29922,0.15815
520.30737,0.09316
520.31551,0.50452
520.32365,3.86943
520.33179,0.00623
520.33993,0.74391
520.34808,0.03197
520.35622,0.06187
520.36436,3.58750
520.37250,1.35450
520.38065,0.57624
520.38879,0.14214
520.39693,3.93564
520.40507,0.18235
520.41322,0.39780
520.42136,0.85919
520.42950,0.30193
520.43764,2.24446
520.44578,1.47245
520.45393,0.46775
520.46207,0.89094
520.47021,0.53261
520.47835,0.78197
520.48650,0.12701
520.49464,0.69746
520.50278,0.07616
520.51092,0.01525
520.51906,0.26976
520.52721,0.59189
520.53535,1.36028
520.54349,1.07308
520.55163,1.04987
520.55978,0.10879
520.56792,1.50680
520.57606,0.97897
520.58420,0.35441
520.59235,0.68252
520.60049,0.84571
520.60863,0.10763
520.61677,1.70403
520.62491,0.00216
520.63306,0.74464
520.64120,0.43881
520.64934,0.23027
520.65748,0.81122
520.66563,0.09022
520.67377,0.77774
520.68191,0.11324
520.69005,0.14086
520.69819,1.90280
520.70634,0.60506
520.71448,1.02532
520.72262,0.48453
520.73076,1.77004
520.73891,0.59097
520.74705,0.83013
520.75519,0.07310
520.76333,1.27537
520.77147,0.73829
520.77962,0.12537
520.78776,0.64568
520.79590,1.08633
520.80404,1.08947
520.81219,1.90853
520.82033,0.73630
520.82847,0.22556
520.83661,1.04536
520.84476,0.38091
520.85290,1.60013
520.86104,0.52764
520.86918,0.40237
520.87732,0.36143
520.88547,3.86353
520.89361,0.70245
520.90175,1.01615
520.90989,0.08161
520.91804,1.90147
520.92618,1.27099
520.93432,0.10738
520.94246,0.22075
520.95060,2.50655
520.95875,0.59078
520.96689,3.96389
520.97503,1.48973
520.98317,0.18689
520.99132,0.38242
520.99946,0.10740
521.00760,1.35996
521.01574,0.31407
521.02389,0.00329
521.03203,0.33146
521.04017,0.16485
521.04831,0.41910
521.05645,1.07369
521.06460,1.15911
521.07274,1.04665
521.08088,2.67734
521.08902,0.61280
521.09717,0.07292
521.10531,0.31120
521.11345,0.30835
521.12159,0.70603
521.12973,0.29036
521.13788,1.50884
521.14602,0.06632
521.15416,0.11222
521.16230,1.00079
521.17045,0.16078
521.17859,0.05720
521.18673,0.97033
521.19487,0.41813
521.20302,1.68682
521.21116,2.39560
521.21930,0.25406
521.22744,0.01528
521.23558,0.93181
521.24373,0.78413
521.25187,0.12795
521.26001,2.13709
521.26815,0.73160
521.27630,0.94739
521.28444,0.81107
521.29258,0.60908
521.30072,5.16447
521.30886,2.64869
521.31701,2.38954
521.32515,2.47202
521.33329,2.54960
521.34143,0.87814
521.34958,0.69404
521.35772,0.24288
521.36586,0.06050
521.37400,0.60697
521.38214,0.08941
521.39029,0.07772
521.39843,0.02549
521.40657,0.02414
521.41471,0.23679
521.42286,1.09236
521.43100,0.76964
521.43914,1.15685
521.44728,1.70129
521.45543,2.49965
521.46357,0.25762
521.47171,0.50574
521.47985,1.00385
521.48799,0.76805
521.49614,0.05226
521.50428,0.62969
521.51242,1.22039
521.52056,1.42834
521.52871,2.93454
521.53685,5.20162
521.54499,0.04552
521.55313,0.01004
521.56127,0.13494
521.56942,1.49539
521.57756,1.53711
521.58570,3.71940
521.59384,3.12814
521.60199,1.58306
521.61013,0.63624
521.61827,0.87721
521.62641,0.41656
521.63456,1.89637
521.64270,0.03658
521.65084,0.32974
521.65898,0.21421
521.66712,0.36524
521.67527,0.03134
521.68341,0.62954
521.69155,0.08054
521.69969,0.30822
521.70784,0.45813
521.71598,0.09992
521.72412,0.15154
521.73226,0.04471
521.74040,0.11049
521.74855,1.00529
521.75669,1.16588
521.76483,2.63009
521.77297,0.35704
521.78112,0.21040
521.78926,1.40909
521.79740,0.58599
521.80554,0.43142
521.81368,0.58484
521.82183,0.48072
521.82997,1.42816
521.83811,0.56520
521.84625,2.83133
521.85440,1.90952
521.86254,0.68851
521.87068,1.34159
521.87882,1.00119
521.88697,4.09434
521.89511,1.11109
521.90325,0.05134
521.91139,0.19706
521.91953,0.19036
521.92768,0.35447
521.93582,0.17729
521.94396,0.09345
521.95210,0.16325
521.96025,0.37661
521.96839,1.65316
521.97653,0.76545
521.98467,0.04491
521.99281,0.03573
522.00096,0.15939
522.00910,0.17957
522.01724,0.50509
522.02538,3.20693
522.03353,2.82708
522.04167,0.07920
522.04981,0.80567
522.05795,0.95117
522.06610,1.54495
522.07424,0.21968
522.08238,1.31688
522.09052,1.45564
522.09866,1.37922
522.10681,0.62294
522.11495,1.35436
522.12309,0.38212
522.13123,0.45812
522.13938,0.51248
522.14752,2.32846
522.15566,0.98086
522.16380,0.70574
522.17194,0.54507
522.18009,0.52211
522.18823,0.38421
522.19637,0.66166
522.20451,2.16066
522.21266,1.22600
522.22080,0.25422
522.22894,1.52521
522.23708,0.78047
522.24522,0.30345
522.25337,0.62127
522.26151,1.54586
522.26965,1.71209
522.27779,0.59391
522.28594,0.93771
522.29408,0.44154
522.30222,0.19879
522.31036,0.30043
522.31851,2.05993
522.32665,1.06650
522.33479,1.54758
522.34293,2.65130
522.35107,0.53258
522.35922,1.37711
522.36736,1.02454
522.37550,3.45244
522.38364,0.24849
522.39179,1.84326
522.39993,0.10992
522.40807,0.00812
522.41621,0.99114
522.42435,0.12023
522.43250,1.85006
522.44064,0.56604
522.44878,0.20125
522.45692,3.41089
522.46507,0.19422
522.47321,0.70135
522.48135,1.03433
522.48949,0.14258
522.49764,0.09007
522.50578,4.43911
522.51392,7.52686
522.52206,1.34850
522.53020,2.74132
522.53835,0.12072
522.54649,1.90603
522.55463,0.54944
522.56277,2.03752
522.57092,0.70033
522.57906,1.20214
522.58720,2.66695
522.59534,1.99857
522.60348,1.02919
522.61163,2.09218
522.61977,0.11265
522.62791,1.30799
522.63605,2.17704
522.64420,2.08237
522.65234,1.09599
522.66048,0.44215
522.66862,3.94791
522.67677,0.38721
522.68491,1.21179
522.69305,0.32927
522.70119,0.10443
522.70933,1.08780
522.71748,2.88499
522.72562,0.81880
522.73376,0.54222
522.74190,1.80929
522.75005,0.45121
522.75819,2.37513
522.76633,0.54527
522.77447,2.69865
522.78261,0.04595
522.79076,0.75953
522.79890,0.23280
522.80704,1.17465
522.81518,0.95725
522.82333,0.39717
522.83147,0.14002
522.83961,0.76742
522.84775,1.42602
522.85589,0.54277
522.86404,4.25088
522.87218,0.10566
522.88032,0.60712
522.88846,0.55741
522.89661,1.53351
522.90475,0.40952
522.91289,0.45446
522.92103,1.94605
522.92918,0.23954
522.93732,1.78859
522.94546,0.26867
522.95360,0.20232
522.96174,0.20136
522.96989,0.06471
522.97803,1.37884
522.98617,2.47398
522.99431,1.89233
523.00246,0.86450
523.01060,0.02155
523.01874,0.21368
523.02688,1.91099
523.03502,0.53312
523.04317,0.46872
523.05131,0.94636
523.05945,0.17605
523.06759,3.68118
523.07574,0.27012
523.08388,0.33718
523.09202,0.45961
523.10016,0.12671
523.10831,0.66124
523.11645,3.01478
523.12459,0.37830
523.13273,0.05318
523.14087,0.68895
523.14902,0.31375
523.15716,0.38222
523.16530,0.03462
523.17344,1.24441
523.18159,0.79597
523.18973,1.98736
523.19787,0.93208
523.20601,0.87366
523.21415,2.41846
523.22230,0.56047
523.23044,0.66793
523.23858,0.13408
523.24672,0.44485
523.25487,0.35154
523.26301,1.26536
523.27115,0.06149
523.27929,0.67151
523.28743,0.37443
523.29558,0.35134
523.30372,0.59133
523.31186,0.83564
523.32000,0.63522
523.32815,0.47940
523.33629,0.30902
523.34443,0.43211
523.35257,1.36395
523.36072,0.07449
523.36886,2.62145
523.37700,0.19883
523.38514,0.95547
523.39328,1.69521
523.40143,0.04227
523.40957,0.88559
523.41771,0.17842
523.42585,0.36549
523.43400,0.55408
523.44214,0.52986
523.45028,0.00385
523.45842,1.12029
523.46656,0.14498
523.47471,3.31287
523.48285,0.42492
523.49099,0.39053
523.49913,0.61544
523.50728,1.43100
523.51542,0.58751
523.52356,1.03660
523.53170,0.41783
523.53985,0.06671
523.54799,0.05520
523.55613,0.93507
523.56427,0.15051
523.57241,0.62606
523.58056,0.01841
523.58870,1.76350
523.59684,0.43777
523.60498,0.66100
523.61313,0.00301
523.62127,0.08697
523.62941,0.78467
523.63755,0.12750
523.64569,0.46817
523.65384,0.03590
523.66198,1.86061
523.67012,0.79381
523.67826,0.97685
523.68641,1.71162
523.69455,0.68110
523.70269,0.33100
523.71083,0.12739
523.71898,0.60989
523.72712,0.52009
523.73526,2.07052
523.74340,0.23406
523.75154,0.52783
523.75969,0.19443
523.76783,0.23510
523.77597,2.18949
523.78411,0.13966
523.79226,0.19773
523.80040,0.10449
523.80854,0.64774
523.81668,0.27612
523.82482,0.68091
523.83297,0.36379
523.84111,2.21440
523.84925,1.54830
523.85739,0.70776
523.86554,0.36980
523.87368,0.00046
523.88182,0.31510
523.88996,1.48794
523.89810,1.21589
523.90625,3.02029
523.91439,0.99940
523.92253,0.05229
523.93067,1.83283
523.93882,0.35626
523.94696,0.01847
523.95510,1.20832
523.96324,0.42840
523.97139,0.13531
523.97953,3.19098
523.98767,1.51667
523.99581,0.71480
524.00395,0.63578
524.01210,0.30249
524.02024,0.66728
524.02838,0.20823
524.03652,0.44386
524.04467,0.67348
524.05281,0.65460
524.06095,1.22097
524.06909,1.66475
524.07723,0.15386
524.08538,0.77304
524.09352,1.29226
524.10166,0.44395
524.10980,0.01258
524.11795,0.28496
524.12609,4.52842
524.13423,1.88002
524.14237,0.06290
524.15052,0.68150
524.15866,0.41538
524.16680,1.15680
524.17494,1.58938
524.18308,0.58135
524.19123,1.36485
524.19937,0.79554
524.20751,0.60502
524.21565,4.14822
524.22380,1.27441
524.23194,2.08346
524.24008,0.18386
524.24822,1.22436
524.25636,2.02495
524.26451,0.99593
524.27265,0.91611
524.28079,0.61374
524.28893,2.01816
524.29708,0.89651
524.30522,0.65110
524.31336,1.11761
524.32150,0.39716
524.32964,0.01229
524.33779,0.52775
524.34593,0.65775
524.35407,1.14713
524.36221,1.63460
524.37036,0.66968
524.37850,0.14646
524.38664,0.65861
524.39478,0.15895
524.40293,0.38619
524.41107,0.85405
524.41921,0.06867
524.42735,0.21691
524.43549,1.19727
524.44364,0.17639
524.45178,0.85640
524.45992,0.62160
524.46806,0.33881
524.47621,0.37798
524.48435,0.49383
524.49249,1.16618
524.50063,0.57637
524.50877,0.39217
524.51692,0.36674
524.52506,0.58288
524.53320,0.91466
524.54134,0.04537
524.54949,1.06694
524.55763,1.89595
524.56577,1.61631
524.57391,0.51934
524.58206,0.15265
524.59020,0.08250
524.59834,1.38827
524.60648,1.90350
524.61462,1.23455
524.62277,1.05564
524.63091,0.50060
524.63905,0.49591
524.64719,0.53421
524.65534,0.50876
524.66348,0.34162
524.67162,0.84675
524.67976,0.65517
524.68790,0.85789
524.69605,0.76260
524.70419,1.29131
524.71233,1.16128
524.72047,0.79462
524.72862,0.09140
524.73676,0.58007
524.74490,0.64469
524.75304,0.07776
524.76118,1.49257
524.76933,0.68448
524.77747,0.34647
524.78561,0.96170
524.79375,0.42627
524.80190,1.84731
524.81004,0.23346
524.81818,2.69679
524.82632,0.62235
524.83447,0.55069
524.84261,0.21475
524.85075,2.69025
524.85889,0.79596
524.86703,1.71352
524.87518,1.10879
524.88332,0.39654
524.89146,0.28870
524.89960,1.06832
524.90775,1.32920
524.91589,0.46207
524.92403,0.19764
524.93217,0.08907
524.94031,1.39305
524.94846,0.37904
524.95660,0.04318
524.96474,0.08129
524.97288,0.45880
524.98103,0.06701
524.98917,0.13214
524.99731,1.40475
525.00545,1.51567
525.01360,1.20832
525.02174,0.51302
525.02988,0.05953
525.03802,0.57815
525.04616,0.70566
525.05431,0.82807
525.06245,0.04620
525.07059,1.68892
525.07873,1.77169
525.08688,0.12082
525.09502,0.22305
525.10316,0.57413
525.11130,0.64785
525.11944,0.28081
525.12759,0.12482
525.13573,0.05146
525.14387,0.19887
525.15201,0.45560
525.16016,1.03122
525.16830,0.29535
525.17644,0.28235
525.18458,0.56644
525.19273,0.29220
525.20087,0.37854
525.20901,0.22095
525.21715,0.65658
525.22529,0.10825
525.23344,0.34464
525.24158,1.12677
525.24972,0.02614
525.25786,1.50445
525.26601,1.71975
525.27415,1.58058
525.28229,0.10889
525.29043,1.40976
525.29857,1.17766
525.30672,0.19423
525.31486,3.07356
525.32300,0.26071
525.33114,0.58606
525.33929,0.01769
525.34743,0.21705
525.35557,1.07551
525.36371,0.18054
525.37185,0.12667
525.38000,0.64923
525.38814,0.88828
525.39628,0.93163
525.40442,0.44450
525.41257,1.14698
525.42071,0.10110
525.42885,0.96215
525.43699,0.05437
525.44514,0.18613
525.45328,0.06885
525.46142,1.25026
525.46956,2.20281
525.47770,0.92800
525.48585,1.24470
525.49399,2.22359
525.50213,1.08834
525.51027,0.04114
525.51842,0.30756
525.52656,0.59936
525.53470,2.73565
525.54284,0.57816
525.55098,0.04428
525.55913,1.04360
525.56727,0.28510
525.57541,0.91949
525.58355,4.30188
525.59170,0.93199
525.59984,2.51959
525.60798,0.37944
525.61612,0.83460
525.62427,2.51066
525.63241,1.55327
525.64055,0.13354
525.64869,0.35974
525.65683,0.55175
525.66498,0.08163
525.67312,0.20812
525.68126,0.64018
525.68940,0.04983
525.69755,0.08152
525.70569,0.02918
525.71383,0.04652
525.72197,0.90588
525.73011,2.03545
525.73826,0.35178
525.74640,0.23752
525.75454,0.05602
525.76268,0.01373
525.77083,0.01152
525.77897,0.45081
525.78711,0.71137
525.79525,2.26482
525.80339,0.61080
525.81154,1.44766
525.81968,0.49942
525.82782,0.57031
525.83596,0.24542
525.84411,0.18292
525.85225,0.74314
525.86039,2.81137
525.86853,0.38849
525.87668,0.64662
525.88482,0.20544
525.89296,0.24618
525.90110,0.17488
525.90924,0.17354
525.91739,1.47829
525.92553,0.18733
525.93367,0.70165
525.94181,0.52399
525.94996,0.13118
525.95810,0.63688
525.96624,3.21775
525.97438,3.58473
525.98252,0.09619
525.99067,2.79293
525.99881,1.64804
526.00695,1.00458
526.01509,0.60803
526.02324,2.18885
526.03138,1.62507
526.03952,3.46829
526.04766,1.02209
526.05581,0.37929
526.06395,0.67454
526.07209,0.94051
526.08023,0.16750
526.08837,0.19617
526.09652,4.83229
526.10466,1.72647
526.11280,0.27890
526.12094,0.93358
526.12909,1.10714
526.13723,1.01955
526.14537,0.56826
526.15351,0.15168
526.16165,0.95406
526.16980,0.00899
526.17794,0.47613
526.18608,0.13441
526.19422,3.69016
526.20237,0.75426
526.21051,0.55140
526.21865,0.19904
526.22679,5.15172
526.23494,1.03137
526.24308,0.49085
526.25122,0.78681
526.25936,3.99521
526.26750,1.87715
526.27565,1.12897
526.28379,2.40621
526.29193,0.05623
526.30007,0.94372
526.30822,2.43141
526.31636,1.00194
526.32450,0.37939
526.33264,0.22882
526.34078,0.22642
526.34893,0.82264
526.35707,0.13664
526.36521,1.89620
526.37335,0.09805
526.38150,2.19335
526.38964,0.14126
526.39778,0.92407
526.40592,0.02521
526.41406,0.87182
526.42221,0.18489
526.43035,0.29239
526.43849,1.54279
526.44663,0.95081
526.45478,0.04469
526.46292,0.22076
526.47106,2.06375
526.47920,0.64787
526.48735,0.13148
526.49549,1.49850
526.50363,1.55345
526.51177,0.27118
526.51991,0.29774
526.52806,0.23132
526.53620,2.02926
526.54434,1.51780
526.55248,2.35790
526.56063,0.40889
526.56877,1.39550
526.57691,1.85274
526.58505,1.35571
526.59319,0.76396
526.60134,0.37677
526.60948,0.37644
526.61762,0.58622
526.62576,0.49032
526.63391,0.56736
526.64205,0.28610
526.65019,0.60344
526.65833,1.28277
526.66648,0.52685
526.67462,0.45545
526.68276,0.92391
526.69090,0.10886
526.69904,0.22549
526.70719,1.34617
526.71533,0.15843
526.72347,1.22029
526.73161,0.06962
526.73976,2.11632
526.74790,0.01591
526.75604,0.07702
526.76418,0.19892
526.77232,0.19650
526.78047,1.56759
526.78861,0.00496
526.79675,0.09032
526.80489,0.32120
526.81304,1.31179
526.82118,1.08348
526.82932,0.56758
526.83746,2.16363
526.84560,0.55448
526.85375,0.50709
526.86189,0.62188
526.87003,0.72396
526.87817,0.28772
526.88632,0.59373
526.89446,1.10330
526.90260,0.39373
526.91074,0.05430
526.91889,0.26007
526.92703,0.84478
526.93517,0.31032
526.94331,0.10037
526.95145,0.51080
526.95960,0.50185
526.96774,0.67093
526.97588,0.46520
526.98402,1.30691
526.99217,1.11880
527.00031,0.80386
527.00845,3.28757
527.01659,4.04151
527.02473,0.50147
527.03288,0.78001
527.04102,1.25046
527.04916,2.93685
527.05730,0.24726
527.06545,0.48302
527.07359,0.95582
527.08173,1.98290
527.08987,1.01419
527.09802,0.58089
527.10616,0.58482
527.11430,1.46245
527.12244,1.42011
527.13058,0.83027
527.13873,0.04695
527.14687,0.56721
527.15501,0.26773
527.16315,0.52894
527.17130,1.33914
527.17944,0.69652
527.18758,2.32983
527.19572,0.43212
527.20386,1.42377
527.21201,0.12360
527.22015,0.42900
527.22829,0.11591
527.23643,0.09095
527.24458,0.14321
527.25272,0.02987
527.26086,0.02028
527.26900,0.42144
527.27714,1.33875
527.28529,1.51452
527.29343,0.21956
527.30157,1.60977
527.30971,0.66584
527.31786,0.30886
527.32600,0.23351
527.33414,2.92021
527.34228,0.25447
527.35043,1.60233
527.35857,1.00539
527.36671,1.27806
527.37485,0.17428
527.38299,0.43439
527.39114,0.16520
527.39928,0.12054
527.40742,0.50275
527.41556,0.48418
527.42371,1.02380
527.43185,0.55363
527.43999,0.34444
527.44813,0.55028
527.45627,0.14373
527.46442,0.12480
527.47256,3.01107
527.48070,4.59001
527.48884,0.43103
527.49699,0.35772
527.50513,0.16136
527.51327,0.62585
527.52141,0.62049
527.52956,0.92071
527.53770,0.27199
527.54584,2.25941
527.55398,2.58124
527.56212,0.48385
527.57027,0.16449
527.57841,1.98803
527.58655,0.40907
527.59469,1.37434
527.60284,1.60637
527.61098,0.03083
527.61912,2.69466
527.62726,0.41482
527.63540,0.37145
527.64355,4.04204
527.65169,2.25644
527.65983,0.97667
527.66797,0.19145
527.67612,0.87024
527.68426,0.34081
527.69240,0.95450
527.70054,1.53685
527.70869,0.89782
527.71683,3.36557
527.72497,0.12333
527.73311,0.38797
527.74125,1.36378
527.74940,1.15898
527.75754,0.38215
527.76568,1.21722
527.77382,0.15955
527.78197,0.28216
527.79011,0.58365
527.79825,0.68687
527.80639,1.76859
527.81453,1.14009
527.82268,0.85483
527.83082,0.03279
527.83896,0.65495
527.84710,0.50481
527.85525,0.95418
527.86339,0.14666
527.87153,0.02103
527.87967,1.16076
527.88781,0.65969
527.89596,0.42292
527.90410,0.02271
527.91224,1.54636
527.92038,0.87677
527.92853,0.41987
527.93667,0.03991
527.94481,1.50730
527.95295,0.24884
527.96110,0.03491
527.96924,0.24407
527.97738,0.35532
527.98552,3.69526
527.99366,0.52113
528.00181,1.29859
528.00995,0.42718
528.01809,0.58590
528.02623,0.40095
528.03438,0.57564
528.04252,0.64178
528.05066,1.37474
528.05880,0.22308
528.06694,0.74473
528.07509,0.24297
528.08323,0.30070
528.09137,0.39334
528.09951,2.66640
528.10766,1.08740
528.11580,0.49166
528.12394,0.88774
528.13208,5.83299
528.14023,0.67196
528.14837,0.65803
528.15651,1.23614
528.16465,1.08532
528.17279,0.07182
528.18094,2.47936
528.18908,0.58128
528.19722,0.44750
528.20536,0.45645
528.21351,0.12409
528.22165,0.35109
528.22979,0.65448
528.23793,1.35500
528.24607,1.33748
528.25422,0.08380
528.26236,3.18448
528.27050,2.15981
528.27864,0.47728
528.28679,0.10508
528.29493,3.04087
528.30307,0.28733
528.31121,1.67126
528.31935,3.69578
528.32750,0.60569
528.33564,1.73733
528.34378,1.56746
528.35192,0.56119
528.36007,2.27748
528.36821,1.41268
528.37635,0.03751
528.38449,1.15320
528.39264,0.23191
528.40078,0.66924
528.40892,1.47713
528.41706,1.14670
528.42520,0.23482
528.43335,0.74934
528.44149,1.18064
528.44963,0.50749
528.45777,0.24347
528.46592,0.67055
528.47406,0.75003
528.48220,0.66573
528.49034,0.07689
528.49848,0.06750
528.50663,0.20735
528.51477,0.20253
528.52291,0.29857
528.53105,0.16467
528.53920,0.56975
528.54734,0.57913
528.55548,1.61600
528.56362,2.80615
528.57177,1.00597
528.57991,0.67454
528.58805,2.58117
528.59619,1.78938
528.60433,0.19421
528.61248,1.96092
528.62062,0.34915
528.62876,0.11454
528.63690,0.08198
528.64505,0.53025
528.65319,0.48057
528.66133,0.24328
528.66947,0.24684
528.67761,1.70530
528.68576,0.38606
528.69390,0.14303
528.70204,2.04282
528.71018,1.08419
528.71833,0.67462
528.72647,3.33457
528.73461,0.53675
528.74275,0.13968
528.75090,0.84032
528.75904,0.51939
528.76718,1.80591
528.77532,0.68479
528.78346,0.00611
528.79161,0.49287
528.79975,0.12203
528.80789,0.00153
528.81603,0.09091
528.82418,0.20519
528.83232,2.35598
528.84046,0.11322
528.84860,1.45870
528.85674,0.72063
528.86489,3.35081
528.87303,1.71642
528.88117,1.43123
528.88931,1.11015
528.89746,1.07517
528.90560,0.01124
528.91374,1.87482
528.92188,1.78427
528.93002,0.33077
528.93817,0.36222
528.94631,1.96436
528.95445,2.16134
528.96259,0.32941
528.97074,0.41882
528.97888,0.11194
528.98702,0.81357
528.99516,0.06391
529.00331,0.79703
529.01145,1.14107
529.01959,0.59711
529.02773,0.02426
529.03587,0.26850
529.04402,0.21296
529.05216,0.62734
529.06030,1.42432
529.06844,2.10278
529.07659,1.26749
529.08473,1.18933
529.09287,0.00090
529.10101,0.62780
529.10915,0.16586
529.11730,1.63519
529.12544,3.94283
529.13358,5.90316
529.14172,1.32543
529.14987,0.56849
529.15801,2.96228
529.16615,0.79087
529.17429,0.51600
529.18244,1.45437
529.19058,0.51063
529.19872,3.88741
529.20686,1.40050
529.21500,0.13725
529.22315,0.42516
529.23129,0.24712
529.23943,0.96313
529.24757,0.37382
529.25572,0.62469
529.26386,0.13445
529.27200,0.17878
529.28014,0.11813
529.28828,2.55302
529.29643,0.70240
529.30457,0.47753
529.31271,0.79884
529.32085,0.65346
529.32900,2.05422
529.33714,0.30299
529.34528,0.65928
529.35342,0.13429
529.36156,1.48208
529.36971,0.93710
529.37785,0.05660
529.38599,0.68063
529.39413,0.04762
529.40228,0.77346
529.41042,0.31499
529.41856,0.67352
529.42670,0.28169
529.43485,0.07497
529.44299,0.00279
529.45113,0.14686
529.45927,1.19370
529.46741,0.08067
529.47556,0.32578
529.48370,1.57890
529.49184,0.77016
529.49998,0.14275
529.50813,2.53594
529.51627,0.03552
529.52441,0.54624
529.53255,3.71055
529.54069,1.27874
529.54884,0.52288
529.55698,0.77284
529.56512,0.09300
529.57326,0.24783
529.58141,1.97532
529.58955,0.04932
529.59769,1.62019
529.60583,0.79076
529.61398,1.24972
529.62212,0.94862
529.63026,0.27797
529.63840,0.04656
529.64654,1.76967
529.65469,0.55396
529.66283,0.52573
529.67097,0.60810
529.67911,0.34153
529.68726,0.32939
529.69540,0.51631
529.70354,0.28823
529.71168,0.82759
529.71982,1.81452
529.72797,2.49270
529.73611,5.02988
529.74425,2.15794
529.75239,3.25174
529.76054,1.39269
529.76868,0.62621
529.77682,0.40983
529.78496,0.06650
529.79310,0.09395
529.80125,3.57545
529.80939,0.78133
529.81753,0.14987
529.82567,0.33816
529.83382,0.07989
529.84196,0.49522
529.85010,0.09775
529.85824,0.34593
529.86639,0.48702
529.87453,2.71448
529.88267,0.73468
529.89081,0.11830
529.89895,0.29941
529.90710,0.39341
529.91524,0.41720
529.92338,0.72600
529.93152,0.56187
529.93967,1.40146
529.94781,0.80039
529.95595,2.94573
529.96409,0.07117
529.97223,0.25999
529.98038,1.22260
529.98852,2.16171
529.99666,0.67209
530.00480,0.08168
530.01295,3.27437
530.02109,0.77458
530.02923,0.44123
530.03737,1.11751
530.04552,1.89345
530.05366,1.14965
530.06180,3.88976
530.06994,1.57770
530.07808,1.01883
530.08623,0.18165
530.09437,1.10194
530.10251,1.44719
530.11065,0.80536
530.11880,0.67261
530.12694,0.95762
530.13508,0.56922
530.14322,0.81936
530.15136,1.92618
530.15951,0.56551
530.16765,1.73166
530.17579,0.15183
530.18393,0.17004
530.19208,0.32320
530.20022,0.13077
530.20836,1.04035
530.21650,0.46769
530.22465,1.33674
530.23279,0.30383
530.24093,1.32810
530.24907,0.23926
530.25721,0.48593
530.26536,0.33711
530.27350,1.47666
530.28164,1.11794
530.28978,0.67049
530.29793,1.26335
530.30607,0.09169
530.31421,0.68094
530.32235,0.66984
530.33049,3.86977
530.33864,2.96434
530.34678,0.60883
530.35492,3.07982
530.36306,0.93328
530.37121,0.42675
530.37935,0.07670
530.38749,2.65465
530.39563,2.66081
530.40377,0.84164
530.41192,1.12928
530.42006,0.49736
530.42820,1.15726
530.43634,1.18466
530.44449,0.22069
530.45263,0.58178
530.46077,0.69111
530.46891,2.89391
530.47706,0.06620
530.48520,0.22406
530.49334,0.82979
530.50148,0.90987
530.50962,1.58889
530.51777,0.03414
530.52591,0.16391
530.53405,0.56652
530.54219,0.46337
530.55034,0.50828
530.55848,1.86785
530.56662,1.13041
530.57476,0.36482
530.58290,0.35400
530.59105,3.95339
530.59919,0.31505
530.60733,2.04596
530.61547,0.12267
530.62362,0.80930
530.63176,0.11087
530.63990,1.25728
530.64804,0.96827
530.65619,2.04273
530.66433,0.50018
530.67247,0.37041
530.68061,0.42571
530.68875,0.38692
530.69690,1.22052
530.70504,1.31356
530.71318,0.52159
530.72132,0.09916
530.72947,1.78611
530.73761,0.12040
530.74575,0.39496
530.75389,0.14124
530.76203,0.09663
530.77018,2.34444
530.77832,0.21777
530.78646,0.38166
530.79460,0.66559
530.80275,0.96459
530.81089,1.65785
530.81903,0.09438
530.82717,0.04940
530.83531,0.41545
530.84346,1.40745
530.85160,0.01314
530.85974,0.01975
530.86788,0.51688
530.87603,0.40847
530.88417,1.94017
530.89231,1.41682
530.90045,0.14174
530.90860,0.04683
530.91674,2.19362
530.92488,0.26048
530.93302,0.66543
530.94116,0.12865
530.94931,0.50087
530.95745,0.09260
530.96559,1.24148
530.97373,0.16449
530.98188,2.53757
530.99002,0.69186
530.99816,0.21143
531.00630,0.58237
531.01444,1.48838
531.02259,0.57848
531.03073,0.15776
531.03887,0.04285
531.04701,2.07919
531.05516,4.26427
531.06330,1.68060
531.07144,3.98300
531.07958,0.75233
531.08773,0.84420
531.09587,1.28158
531.10401,0.79724
531.11215,0.47612
531.12029,0.36644
531.12844,0.25811
531.13658,2.84866
531.14472,0.74100
531.15286,0.81916
531.16101,1.66926
531.16915,0.81189
531.17729,0.54339
531.18543,0.39302
531.19357,1.70362
531.20172,0.74852
531.20986,1.16023
531.21800,0.33154
531.22614,0.25681
531.23429,0.14859
531.24243,0.35006
531.25057,0.10110
531.25871,0.87826
531.26686,1.73098
531.27500,0.43666
531.28314,0.18176
531.29128,0.51807
531.29942,0.01532
531.30757,2.99198
531.31571,0.47490
531.32385,3.79639
531.33199,0.09780
531.34014,0.87987
531.34828,3.15046
531.35642,1.70950
531.36456,0.53362
531.37270,0.36610
531.38085,0.70647
531.38899,0.55905
531.39713,0.77565
531.40527,1.13994
531.41342,2.16547
531.42156,0.22789
531.42970,0.15914
531.43784,0.16174
531.44598,1.16448
531.45413,1.03551
531.46227,0.73964
531.47041,3.46713
531.47855,4.22178
531.48670,0.96641
531.49484,0.04276
531.50298,0.06029
531.51112,0.12883
531.51927,1.62241
531.52741,1.02491
531.53555,0.17133
531.54369,0.82326
531.55183,0.69449
531.55998,3.80324
531.56812,0.58010
531.57626,0.77890
531.58440,1.25045
531.59255,0.96544
531.60069,1.57637
531.60883,0.24338
531.61697,2.86772
531.62511,1.36517
531.63326,0.11344
531.64140,0.77535
531.64954,0.48501
531.65768,0.12734
531.66583,0.34396
531.67397,1.45168
531.68211,0.17363
531.69025,0.94342
531.69840,1.00310
531.70654,0.02023
531.71468,0.79630
531.72282,1.30668
531.73096,0.16756
531.73911,2.65486
531.74725,0.95022
531.75539,0.92317
531.76353,1.02654
531.77168,0.83325
531.77982,0.10330
531.78796,0.14331
531.79610,0.63576
531.80424,4.72151
531.81239,0.02838
531.82053,1.62515
531.82867,1.08027
531.83681,0.49253
531.84496,0.59945
531.85310,0.14954
531.86124,0.58490
531.86938,0.95886
531.87752,2.94795
531.88567,1.39723
531.89381,0.31271
531.90195,1.06802
531.91009,1.55137
531.91824,0.43249
531.92638,0.44611
531.93452,0.43916
531.94266,0.39656
531.95081,0.31312
531.95895,2.85312
531.96709,0.70605
531.97523,0.22521
531.98337,0.37455
531.99152,0.09531
531.99966,1.34783
532.00780,0.10353
532.01594,0.39230
532.02409,3.62834
532.03223,0.35544
532.04037,0.32456
532.04851,0.29352
532.05665,0.14286
532.06480,0.29199
532.07294,0.39638
532.08108,0.18240
532.08922,0.82257
532.09737,1.41644
532.10551,0.16218
532.11365,0.53548
532.12179,1.42439
532.12994,0.10358
532.13808,0.32885
532.14622,0.18060
532.15436,1.14819
532.16250,0.40905
532.17065,0.05513
532.17879,2.20884
532.18693,0.69504
532.19507,0.11573
532.20322,0.48853
532.21136,0.78493
532.21950,1.45916
532.22764,0.23540
532.23578,0.51172
532.24393,1.39769
532.25207,0.59333
532.26021,1.53383
532.26835,0.10696
532.27650,0.12870
532.28464,0.25795
532.29278,0.93072
532.30092,0.74994
532.30906,2.33857
532.31721,0.17474
532.32535,0.29318
532.33349,1.60777
532.34163,1.30205
532.34978,0.12913
532.35792,0.27109
532.36606,1.35366
532.37420,0.48354
532.38235,0.92553
532.39049,3.01899
532.39863,1.29766
532.40677,0.37191
532.41491,0.85795
532.42306,0.00462
532.43120,0.03758
532.43934,0.36935
532.44748,0.59605
532.45563,0.36198
532.46377,0.37831
532.47191,0.63079
532.48005,0.40883
532.48819,0.05064
532.49634,0.57524
532.50448,1.76208
532.51262,0.42670
532.52076,3.45890
532.52891,0.14645
532.53705,0.89960
532.54519,1.36714
532.55333,0.23991
532.56148,0.91649
532.56962,0.05342
532.57776,0.40152
532.58590,0.98230
532.59404,0.45446
532.60219,0.33337
532.61033,0.43958
532.61847,1.18216
532.62661,0.47417
532.63476,0.00621
532.64290,0.82314
532.65104,1.82018
532.65918,0.19729
532.66732,0.28920
532.67547,0.78683
532.68361,0.14670
532.69175,3.43579
532.69989,1.09763
532.70804,0.24904
532.71618,3.97082
532.72432,0.01427
532.73246,0.61923
532.74061,1.99310
532.74875,0.11508
532.75689,0.06924
532.76503,0.79946
532.77317,0.74158
532.78132,1.10114
532.78946,0.05653
532.79760,0.28094
532.80574,0.03305
532.81389,0.24517
532.82203,2.80486
532.83017,1.59574
532.83831,0.30065
532.84645,0.00645
532.85460,0.25417
532.86274,0.47894
532.87088,1.77609
532.87902,0.24447
532.88717,0.69304
532.89531,0.71757
532.90345,0.09937
532.91159,1.22236
532.91973,0.07386
532.92788,3.62502
532.93602,5.06933
532.94416,0.52741
532.95230,1.99035
532.96045,0.54959
532.96859,0.64534
532.97673,0.44517
532.98487,0.66538
532.99302,1.48678
533.00116,2.14319
533.00930,0.01991
533.01744,0.05639
533.02558,0.44621
533.03373,0.42801
533.04187,1.67043
533.05001,0.09937
533.05815,4.44172
533.06630,0.78748
533.07444,0.80787
533.08258,0.54254
533.09072,0.29494
533.09886,0.96093
533.10701,0.02753
533.11515,0.91177
533.12329,2.26992
533.13143,0.15768
533.13958,2.85295
533.14772,3.47477
533.15586,0.26689
533.16400,2.02847
533.17215,2.11685
533.18029,0.05242
533.18843,0.48730
533.19657,0.83939
533.20471,0.83827
533.21286,2.05375
533.22100,0.32290
533.22914,0.39168
533.23728,2.29551
533.24543,0.37661
533.25357,0.70101
533.26171,1.05741
533.26985,0.08467
533.27799,0.05756
533.28614,0.73522
533.29428,0.41290
533.30242,1.84095
533.31056,1.38051
533.31871,0.00220
533.32685,0.44840
533.33499,2.62618
533.34313,1.94318
533.35127,0.57582
533.35942,0.52262
533.36756,0.09135
533.37570,0.06227
533.38384,0.56380
533.39199,0.54890
533.40013,0.00014
533.40827,0.11110
533.41641,0.11757
533.42456,0.73364
533.43270,1.75299
533.44084,0.47579
533.44898,0.51605
533.45712,0.93302
533.46527,0.72534
533.47341,0.32273
533.48155,0.64995
533.48969,0.09089
533.49784,0.38812
533.50598,1.60444
533.51412,2.01993
533.52226,1.37709
533.53040,0.50711
533.53855,1.09571
533.54669,0.78932
533.55483,0.85297
533.56297,0.32725
533.57112,4.91634
533.57926,2.64593
533.58740,0.28743
533.59554,0.28063
533.60369,1.21614
533.61183,1.72037
533.61997,1.86558
533.62811,0.49689
533.63625,4.13103
533.64440,0.60426
533.65254,0.05468
533.66068,0.92997
533.66882,0.13177
533.67697,0.04534
533.68511,0.74973
533.69325,0.22565
533.70139,3.37905
533.70953,0.97005
533.71768,0.30773
533.72582,0.88398
533.73396,2.37233
533.74210,1.31636
533.75025,0.40054
533.75839,0.88095
533.76653,0.42704
533.77467,0.26892
533.78282,0.19299
533.79096,0.27141
533.79910,0.32722
533.80724,2.52866
533.81538,0.49628
533.82353,0.20393
533.83167,1.03538
533.83981,1.86930
533.84795,1.98148
533.85610,0.14280
533.86424,0.13114
533.87238,1.92107
533.88052,4.44176
533.88866,0.39733
533.89681,0.98917
533.90495,0.57205
533.91309,2.10777
533.92123,0.71785
533.92938,0.92527
533.93752,0.45289
533.94566,0.25600
533.95380,0.27487
533.96194,0.32339
533.97009,1.10269
533.97823,0.62922
533.98637,0.04297
533.99451,0.21368
534.00266,0.07240
534.01080,0.45531
534.01894,2.03636
534.02708,3.25621
534.03523,0.06356
534.04337,0.34342
534.05151,1.10423
534.05965,1.19018
534.06779,1.25296
534.07594,2.03237
534.08408,0.64727
534.09222,0.11084
534.10036,0.97391
534.10851,1.74050
534.11665,0.18254
534.12479,1.17878
534.13293,0.82071
534.14107,4.42275
534.14922,0.29633
534.15736,3.17178
534.16550,0.01333
534.17364,1.15895
534.18179,0.96143
534.18993,1.67236
534.19807,0.80836
534.20621,1.39417
534.21436,0.75540
534.22250,0.76269
534.23064,0.20053
534.23878,1.01106
534.24692,0.24024
534.25507,1.40964
534.26321,0.24764
534.27135,1.11436
534.27949,0.23452
534.28764,0.59949
534.29578,0.21122
534.30392,0.19130
534.31206,0.01058
534.32020,0.02141
534.32835,3.08355
534.33649,5.41063
534.34463,0.35563
534.35277,0.06024
534.36092,0.12817
534.36906,0.95633
534.37720,2.61207
534.38534,1.13247
534.39348,0.08790
534.40163,1.95174
534.40977,0.88636
534.41791,0.24506
534.42605,1.07460
534.43420,0.07979
534.44234,0.13608
534.45048,0.12647
534.45862,2.99143
534.46677,1.08097
534.47491,3.94796
534.48305,0.35230
534.49119,0.24959
534.49933,0.10745
534.50748,0.04633
534.51562,0.16031
534.52376,0.14383
534.53190,0.01560
534.54005,0.13131
534.54819,0.17490
534.55633,0.80624
534.56447,0.34986
534.57261,1.84004
534.58076,1.00528
534.58890,1.35372
534.59704,0.49646
534.60518,1.33335
534.61333,2.02174
534.62147,0.30640
534.62961,1.08037
534.63775,1.00439
534.64590,0.54956
534.65404,0.67928
534.66218,0.36051
534.67032,0.36297
534.67846,0.08738
534.68661,0.13229
534.69475,1.14085
534.70289,0.25359
534.71103,4.07172
534.71918,0.66697
534.72732,0.50109
534.73546,0.02108
534.74360,0.08075
534.75174,0.22255
534.75989,0.85521
534.76803,1.23229
534.77617,0.58386
534.78431,1.75440
534.79246,0.17399
534.80060,1.27758
534.80874,1.62187
534.81688,0.42392
534.82502,0.57168
534.83317,4.32546
534.84131,0.50625
534.84945,0.52424
534.85759,0.55514
534.86574,0.98906
534.87388,1.25224
534.88202,0.31652
534.89016,0.28807
534.89831,0.33203
534.90645,0.43874
534.91459,2.49935
534.92273,1.52564
534.93087,1.67680
534.93902,0.21264
534.94716,0.73488
534.95530,0.39499
534.96344,1.01219
534.97159,0.51645
534.97973,1.20549
534.98787,0.96693
534.99601,0.29144
535.00415,2.19571
535.01230,1.79859
535.02044,0.88584
535.02858,1.91325
535.03672,0.08475
535.04487,1.89056
535.05301,3.37714
535.06115,0.36488
535.06929,0.45807
535.07744,3.28155
535.08558,0.34585
535.09372,0.04498
535.10186,0.00459
535.11000,1.73774
535.11815,0.44274
535.12629,0.17653
535.13443,0.55175
535.14257,0.76086
535.15072,1.29864
535.15886,0.25911
535.16700,0.21624
535.17514,0.22514
535.18328,1.40296
535.19143,0.08737
535.19957,3.39233
535.20771,0.51219
535.21585,0.98219
535.22400,0.35171
535.23214,1.06125
535.24028,1.39416
535.24842,0.87169
535.25657,0.12755
535.26471,2.91453
535.27285,0.06518
535.28099,1.10220
535.28913,0.46267
535.29728,0.00334
535.30542,0.06959
535.31356,0.47105
535.32170,0.37045
535.32985,0.33396
535.33799,0.69814
535.34613,0.53557
535.35427,0.20561
535.36241,0.70570
535.37056,1.30564
535.37870,0.24639
535.38684,0.06565
535.39498,1.27928
535.40313,0.67309
535.41127,2.10657
535.41941,0.09477
535.42755,0.90032
535.43569,2.09042
535.44384,0.91217
535.45198,1.11218
535.46012,0.04372
535.46826,0.11657
535.47641,0.43243
535.48455,1.36307
535.49269,0.89134
535.50083,0.37023
535.50898,0.65691
535.51712,0.34290
535.52526,2.34956
535.53340,4.68939
535.54154,0.76653
535.54969,0.05673
535.55783,1.23038
535.56597,0.13348
535.57411,0.39375
535.58226,1.44777
535.59040,0.56266
535.59854,0.92219
535.60668,0.50225
535.61482,0.18031
535.62297,0.84721
535.63111,0.69125
535.63925,1.58003
535.64739,0.77460
535.65554,1.41083
535.66368,0.30170
535.67182,0.12266
535.67996,0.87499
535.68811,1.40245
535.69625,0.26089
535.70439,2.05663
535.71253,1.20186
535.72067,0.32753
535.72882,0.19884
535.73696,0.31673
535.74510,0.49372
535.75324,0.45884
535.76139,1.38497
535.76953,5.68533
535.77767,1.69770
535.78581,0.66656
535.79395,2.19247
535.80210,1.20905
535.81024,1.83211
535.81838,0.03461
535.82652,0.95568
535.83467,2.12561
535.84281,1.59036
535.85095,0.06004
535.85909,0.24232
535.86723,0.70745
535.87538,0.59409
535.88352,1.31894
535.89166,1.62703
535.89980,2.83434
535.90795,1.17755
535.91609,0.19411
535.92423,1.07023
535.93237,0.81035
535.94052,0.81864
535.94866,0.60241
535.95680,3.13922
535.96494,2.65029
535.97308,0.86417
535.98123,0.28487
535.98937,0.14432
535.99751,1.90342
536.00565,2.25959
536.01380,1.88375
536.02194,2.13517
536.03008,0.46744
536.03822,0.04807
536.04636,0.42027
536.05451,0.08512
536.06265,1.71941
536.07079,0.87733
536.07893,0.46767
536.08708,0.81251
536.09522,0.14768
536.10336,0.43825
536.11150,0.58562
536.11965,0.37676
536.12779,0.40129
536.13593,0.52889
536.14407,0.97721
536.15221,2.81511
536.16036,0.20067
536.16850,0.37470
536.17664,1.64285
536.18478,0.00698
536.19293,0.14498
536.20107,0.81074
536.20921,0.56940
536.21735,3.39730
536.22549,0.32861
536.23364,1.36105
536.24178,0.20872
536.24992,0.67488
536.25806,0.24014
536.26621,2.14818
536.27435,0.17021
536.28249,1.38146
536.29063,0.13521
536.29878,0.30220
536.30692,0.52359
536.31506,0.35098
536.32320,0.45317
536.33134,2.67993
536.33949,0.52157
536.34763,0.52989
536.35577,0.45129
536.36391,2.01689
536.37206,1.93833
536.38020,1.35746
536.38834,0.28475
536.39648,0.76186
536.40462,0.04741
536.41277,4.21298
536.42091,8.29841
536.42905,2.31724
536.43719,1.01048
536.44534,0.39545
536.45348,0.08830
536.46162,0.72555
536.46976,0.07388
536.47790,0.45053
536.48605,0.24506
536.49419,0.63219
536.50233,0.03845
536.51047,0.37071
536.51862,0.60824
536.52676,0.67288
536.53490,0.24243
536.54304,0.56495
536.55119,0.19830
536.55933,0.09641
536.56747,0.29992
536.57561,2.32482
536.58375,0.39620
536.59190,0.78111
536.60004,0.58734
536.60818,0.95722
536.61632,0.28202
536.62447,0.46395
536.63261,0.44613
536.64075,1.59633
536.64889,1.56838
536.65703,2.17456
536.66518,1.13603
536.67332,1.29073
536.68146,0.48963
536.68960,0.74728
536.69775,0.81746
536.70589,0.57303
536.71403,0.61383
536.72217,0.16769
536.73032,0.64274
536.73846,0.69343
536.74660,0.46879
536.75474,0.91617
536.76288,0.13049
536.77103,3.50375
536.77917,0.06971
536.78731,0.21463
536.79545,0.41752
536.80360,0.54381
536.81174,0.21645
536.81988,0.66946
536.82802,0.04844
536.83616,0.30261
536.84431,0.57642
536.85245,0.30132
536.86059,2.80898
536.86873,0.16867
536.87688,2.40530
536.88502,2.88672
536.89316,0.50315
536.90130,0.34712
536.90944,0.14279
536.91759,1.20360
536.92573,0.32982
536.93387,1.03913
536.94201,0.80263
536.95016,0.12371
536.95830,1.37703
536.96644,0.52567
536.97458,1.63190
536.98273,0.32432
536.99087,0.02479
536.99901,1.93020
537.00715,1.24897
537.01529,0.24293
537.02344,0.00197
537.03158,0.17453
537.03972,1.37803
537.04786,2.34803
537.05601,2.54407
537.06415,3.06759
537.07229,0.78526
537.08043,0.23048
537.08857,1.56686
537.09672,0.44278
537.10486,1.77379
537.11300,1.03195
537.12114,0.01659
537.12929,0.66928
537.13743,0.55238
537.14557,3.20301
537.15371,2.62139
537.16186,0.25616
537.17000,0.91286
537.17814,0.76044
537.18628,1.86775
537.19442,0.91181
537.20257,0.81520
537.21071,4.81522
537.21885,3.10091
537.22699,0.54260
537.23514,1.44034
537.24328,0.17513
537.25142,1.64608
537.25956,1.26052
537.26770,0.67597
537.27585,0.83574
537.28399,1.53719
537.29213,0.05631
537.30027,0.49819
537.30842,0.33630
537.31656,1.08171
537.32470,0.32690
537.33284,0.11545
537.34098,1.11984
537.34913,0.61186
537.35727,0.20091
537.36541,0.35161
537.37355,0.72611
537.38170,1.28754
537.38984,1.47969
537.39798,3.28557
537.40612,0.89382
537.41427,2.43907
537.42241,0.32354
537.43055,1.62006
537.43869,0.04427
537.44683,0.08042
537.45498,0.15529
537.46312,0.01433
537.47126,0.31956
537.47940,0.06031
537.48755,0.63535
537.49569,0.67314
537.50383,0.42998
537.51197,1.02142
537.52011,0.29806
537.52826,1.41607
537.53640,0.14522
537.54454,0.63664
537.55268,0.40333
537.56083,1.26138
537.56897,0.56532
537.57711,0.09794
537.58525,0.35306
537.59340,1.97344
537.60154,1.08955
537.60968,0.98024
537.61782,1.80976
537.62596,0.25350
537.63411,0.94852
537.64225,0.36846
537.65039,1.08923
537.65853,0.31849
537.66668,3.24272
537.67482,1.52445
537.68296,0.16002
537.69110,0.65852
537.69924,0.16806
537.70739,0.28791
537.71553,0.00517
537.72367,0.69174
537.73181,1.36802
537.73996,1.13054
537.74810,1.58442
537.75624,0.42926
537.76438,0.20454
537.77253,0.12036
537.78067,1.38936
537.78881,1.76338
537.79695,0.68402
537.80509,0.38613
537.81324,0.65517
537.82138,2.00947
537.82952,0.19687
537.83766,1.43936
537.84581,0.72941
537.85395,2.78501
537.86209,1.63238
537.87023,0.01701
537.87837,2.24641
537.88652,0.07994
537.89466,0.36213
537.90280,1.75241
537.91094,3.20374
537.91909,1.89952
537.92723,0.54864
537.93537,2.69609
537.94351,0.02404
537.95165,0.32139
537.95980,0.83248
537.96794,0.53698
537.97608,0.88121
537.98422,0.52090
537.99237,0.60351
538.00051,0.80243
538.00865,3.41875
538.01679,3.10540
538.02494,1.63322
538.03308,0.10169
538.04122,1.69720
538.04936,0.19915
538.05750,0.76223
538.06565,1.21521
538.07379,0.33637
538.08193,0.02717
538.09007,4.20356
538.09822,1.87085
538.10636,0.08188
538.11450,0.59104
538.12264,0.63758
538.13078,0.23888
538.13893,1.14845
538.14707,0.85218
538.15521,0.24512
538.16335,0.93340
538.17150,3.00303
538.17964,0.08466
538.18778,0.18395
538.19592,0.63150
538.20407,1.44319
538.21221,0.47137
538.22035,0.68030
538.22849,1.58963
538.23663,3.18872
538.24478,1.61861
538.25292,3.49289
538.26106,1.12551
538.26920,1.58897
538.27735,1.25759
538.28549,0.24251
538.29363,0.18961
538.30177,0.05011
538.30991,1.86985
538.31806,0.05886
538.32620,0.99520
538.33434,0.03684
538.34248,0.12593
538.35063,1.04308
538.35877,1.58149
538.36691,1.59861
538.37505,1.76553
538.38319,1.19254
538.39134,0.03207
538.39948,0.44753
538.40762,0.55125
538.41576,0.47177
538.42391,1.04165
538.43205,1.32602
538.44019,1.92089
538.44833,0.45716
538.45648,1.41403
538.46462,3.94743
538.47276,1.16882
538.48090,0.80128
538.48904,1.42975
538.49719,0.87128
538.50533,0.83597
538.51347,1.80200
538.52161,0.49311
538.52976,1.04381
538.53790,0.15687
538.54604,3.08098
538.55418,0.44900
538.56232,2.70872
538.57047,0.00692
538.57861,0.67577
538.58675,1.55401
538.59489,0.63890
538.60304,0.94231
538.61118,2.12977
538.61932,1.26785
538.62746,0.41161
538.63561,2.80554
538.64375,0.71952
538.65189,0.11212
538.66003,0.06519
538.66817,0.16301
538.67632,1.90382
538.68446,0.22810
538.69260,1.88672
538.70074,0.17018
538.70889,0.77445
538.71703,0.44713
538.72517,1.46270
538.73331,0.11048
538.74145,0.03876
538.74960,3.64864
538.75774,2.44356
538.76588,0.76027
538.77402,0.24691
538.78217,1.32255
538.79031,0.46209
538.79845,1.89714
538.80659,0.31124
538.81474,0.13382
538.82288,0.25125
538.83102,1.32241
538.83916,0.02635
538.84730,2.93857
538.85545,2.96454
538.86359,0.01912
538.87173,0.92245
538.87987,0.69814
538.88802,1.39828
538.89616,0.05968
538.90430,0.46197
538.91244,2.50592
538.92058,0.03835
538.92873,3.18708
538.93687,0.11778
538.94501,0.78332
538.95315,1.24934
538.96130,0.47712
538.96944,0.03521
538.97758,0.52761
538.98572,0.37663
538.99386,1.60025
539.00201,0.39053
539.01015,0.50031
539.01829,0.19251
539.02643,1.62088
539.03458,1.82223
539.04272,0.32985
539.05086,0.88287
539.05900,0.33066
539.06715,0.69493
539.07529,0.34661
539.08343,0.54466
539.09157,0.48895
539.09971,1.53376
539.10786,0.73064
539.11600,2.41937
539.12414,0.50432
539.13228,0.52579
539.14043,0.24033
539.14857,0.12260
539.15671,0.20661
539.16485,0.98239
539.17299,0.74206
539.18114,1.06752
539.18928,1.02349
539.19742,0.35978
539.20556,1.25396
539.21371,0.60385
539.22185,1.78959
539.22999,0.91787
539.23813,0.02886
539.24628,0.18602
539.25442,0.61533
539.26256,0.03607
539.27070,0.68996
539.27884,0.01723
539.28699,0.39945
539.29513,0.00978
539.30327,1.43605
539.31141,0.14749
539.31956,0.87003
539.32770,0.50754
539.33584,0.80707
539.34398,0.57299
539.35212,0.05461
539.36027,0.11711
539.36841,0.31720
539.37655,0.45821
539.38469,0.32040
539.39284,0.62444
539.40098,1.35969
539.40912,0.30845
539.41726,0.89286
539.42540,1.15671
539.43355,1.75045
539.44169,2.13271
539.44983,1.71465
539.45797,0.70618
539.46612,3.82320
539.47426,4.34177
539.48240,1.62416
539.49054,0.85788
539.49869,0.06530
539.50683,0.07249
539.51497,0.14170
539.52311,5.19341
539.53125,0.78038
539.53940,0.22855
539.54754,0.41188
539.55568,0.00847
539.56382,0.24762
539.57197,0.05891
539.58011,0.35743
539.58825,0.29532
539.59639,1.00978
539.60453,0.40104
539.61268,0.46998
539.62082,0.83917
539.62896,0.73160
539.63710,0.10947
539.64525,0.85422
539.65339,1.38007
539.66153,0.38558
539.66967,0.93677
539.67782,1.71170
539.68596,0.21404
539.69410,0.41137
539.70224,0.33936
539.71038,1.13649
539.71853,2.25490
539.72667,1.34133
539.73481,1.02015
539.74295,0.71559
539.75110,0.10738
539.75924,0.40481
539.76738,0.81960
539.77552,0.02715
539.78366,0.57128
539.79181,0.41504
539.79995,0.13336
539.80809,0.47199
539.81623,0.70871
539.82438,1.05609
539.83252,2.13937
539.84066,0.06548
539.84880,2.19480
539.85694,0.10856
539.86509,0.38793
539.87323,1.94355
539.88137,0.92422
539.88951,0.37897
539.89766,0.97827
539.90580,1.38274
539.91394,0.43629
539.92208,1.18617
539.93023,0.48534
539.93837,0.05594
539.94651,0.16927
539.95465,0.29827
539.96279,0.61825
539.97094,0.93971
539.97908,0.19163
539.98722,0.21101
539.99536,0.73368
